campaign_id,product_type,audience_age,audience_gender,location,channel,duration_days,budget_usd,click_through_rate
1,Furniture,25-34,Female,Florida,Google Ads,45,6835.36,0.0752
2,Books,45-54,Male,New York,Instagram,14,8014.87,0.0619
3,Laptops,55+,Male,Texas,LinkedIn,7,4725.28,0.0454
4,Books,45-54,Male,Florida,LinkedIn,7,2435.42,0.0567
5,Books,45-54,Other,Illinois,YouTube,7,9284.93,0.0787
6,Smartphones,55+,Male,California,YouTube,7,689.7,0.0267
7,Laptops,45-54,Male,New York,YouTube,45,5773.18,0.0455
8,Laptops,55+,Male,New York,Google Ads,45,4042.07,0.0677
9,Laptops,55+,Other,California,YouTube,14,4880.04,0.0568
10,Books,55+,Female,Illinois,Google Ads,60,5597.37,0.0769
11,Furniture,25-34,Female,Texas,Facebook,30,5580.11,0.055
12,Laptops,35-44,Male,California,Instagram,14,2434.42,0.0585
13,Books,25-34,Male,Texas,LinkedIn,7,6957.17,0.0554
14,Smartphones,55+,Female,Illinois,Google Ads,30,681.91,0.0306
15,Furniture,35-44,Female,Florida,Instagram,14,701.25,0.0496
16,Smartphones,35-44,Female,Florida,YouTube,7,5045.63,0.0591
17,Furniture,55+,Female,Illinois,LinkedIn,14,5648.08,0.0517
18,Books,35-44,Male,Texas,Google Ads,7,3111.45,0.0872
19,Shoes,35-44,Male,California,YouTube,7,5740.92,0.049
20,Furniture,25-34,Male,Illinois,Instagram,45,5403.04,0.0414
21,Smartphones,35-44,Female,Illinois,Facebook,7,3817.6,0.0605
22,Books,55+,Other,Florida,Instagram,14,6691.86,0.0641
23,Furniture,18-24,Female,California,Google Ads,30,9600.4,0.0661
24,Shoes,18-24,Female,Florida,Facebook,45,5162.63,0.0678
25,Shoes,18-24,Other,Texas,Facebook,30,7967.48,0.0796
26,Laptops,55+,Other,Texas,YouTube,60,2852.17,0.0351
27,Laptops,18-24,Female,New York,Instagram,30,7738.53,0.0386
28,Smartphones,25-34,Other,Illinois,Google Ads,60,6664.61,0.081
29,Furniture,55+,Other,California,Facebook,60,6577.13,0.038
30,Furniture,55+,Other,California,YouTube,45,8983.84,0.0666
31,Laptops,55+,Female,Florida,Facebook,30,2716.83,0.0397
32,Furniture,35-44,Female,Florida,Instagram,7,4000.28,0.0631
33,Furniture,35-44,Other,California,LinkedIn,45,1289.14,0.0366
34,Shoes,35-44,Male,Florida,Google Ads,45,7398.14,0.0612
35,Laptops,45-54,Other,New York,LinkedIn,7,8516.74,0.0487
36,Books,25-34,Other,Illinois,Instagram,30,4355.42,0.0528
37,Laptops,55+,Female,New York,LinkedIn,45,3889.85,0.0266
38,Books,55+,Male,Texas,Instagram,60,6757.19,0.0528
39,Shoes,35-44,Other,California,Instagram,7,1218.11,0.0316
40,Smartphones,55+,Male,New York,YouTube,14,3291.5,0.0502
41,Furniture,55+,Female,New York,LinkedIn,45,3979.02,0.0408
42,Shoes,18-24,Male,Florida,Facebook,60,5426.61,0.0581
43,Furniture,55+,Female,Florida,Instagram,30,5027.41,0.0618
44,Smartphones,45-54,Other,Florida,LinkedIn,30,2482.46,0.0336
45,Smartphones,35-44,Female,Texas,Facebook,7,5637.48,0.0648
46,Shoes,25-34,Male,New York,Google Ads,60,9295.75,0.0789
47,Smartphones,25-34,Male,Illinois,Facebook,7,757.33,0.0443
48,Books,18-24,Male,Florida,LinkedIn,45,6962.91,0.0519
49,Smartphones,25-34,Other,Texas,LinkedIn,7,6434.74,0.0691
50,Furniture,25-34,Male,Texas,Facebook,14,9282.06,0.0677
51,Furniture,35-44,Male,Florida,Facebook,7,6630.78,0.0752
52,Furniture,35-44,Male,California,Instagram,7,6436.01,0.0649
53,Furniture,45-54,Female,New York,LinkedIn,45,7813.15,0.0459
54,Books,18-24,Male,Florida,Instagram,60,3044.16,0.0398
55,Laptops,25-34,Female,Illinois,Instagram,14,6159.46,0.0594
56,Shoes,45-54,Male,New York,Google Ads,7,5434.5,0.0673
57,Furniture,18-24,Female,Texas,LinkedIn,45,4665.49,0.0267
58,Smartphones,25-34,Female,Illinois,Instagram,45,1255.13,0.0445
59,Furniture,25-34,Other,New York,Google Ads,45,3279.97,0.0668
60,Smartphones,35-44,Other,Illinois,Instagram,60,3159.83,0.0395
61,Smartphones,55+,Female,Texas,Instagram,7,7380.38,0.0522
62,Furniture,18-24,Female,Florida,LinkedIn,30,9246.23,0.0265
63,Books,25-34,Other,Illinois,Facebook,14,2692.48,0.0546
64,Smartphones,18-24,Female,Florida,Facebook,30,1208.93,0.0571
65,Smartphones,45-54,Other,Texas,LinkedIn,60,9999.59,0.0399
66,Furniture,45-54,Other,Texas,Facebook,7,7066.45,0.0694
67,Smartphones,55+,Male,Illinois,YouTube,30,8921.47,0.0586
68,Smartphones,25-34,Male,Illinois,Facebook,30,1866.85,0.0538
69,Furniture,35-44,Other,Texas,Instagram,30,8107.3,0.063
70,Furniture,25-34,Other,Illinois,Instagram,14,8226.58,0.0563
71,Shoes,18-24,Female,Illinois,Google Ads,7,1939.14,0.0878
72,Books,45-54,Other,Illinois,LinkedIn,45,2033.34,0.0348
73,Books,18-24,Other,Illinois,Google Ads,7,3306.79,0.0717
74,Smartphones,55+,Male,New York,Instagram,30,2559.48,0.0242
75,Books,45-54,Other,Texas,Instagram,7,9766.39,0.0777
76,Smartphones,35-44,Female,Texas,Google Ads,45,3947.97,0.0711
77,Shoes,45-54,Other,California,YouTube,14,7732.41,0.0478
78,Furniture,25-34,Male,Florida,Facebook,7,8147.98,0.0605
79,Furniture,25-34,Male,California,YouTube,7,4166.44,0.0593
80,Furniture,45-54,Male,Illinois,YouTube,14,6984.56,0.0708
81,Books,55+,Male,Illinois,YouTube,14,1524.1,0.0456
82,Shoes,25-34,Other,New York,YouTube,30,4271.14,0.0554
83,Books,25-34,Female,New York,Facebook,30,9689.45,0.0581
84,Books,35-44,Female,New York,LinkedIn,14,2101.04,0.036
85,Shoes,45-54,Female,New York,Google Ads,45,4164.26,0.0581
86,Shoes,25-34,Other,New York,YouTube,30,8009.95,0.0539
87,Shoes,55+,Other,New York,YouTube,45,6821.52,0.037
88,Shoes,18-24,Other,New York,Google Ads,14,6499.43,0.0956
89,Furniture,45-54,Female,New York,Google Ads,7,8605.95,0.086
90,Laptops,35-44,Other,New York,LinkedIn,14,776.39,0.0253
91,Laptops,25-34,Other,Texas,Instagram,14,7826.06,0.065
92,Shoes,55+,Male,New York,LinkedIn,60,8884.22,0.0278
93,Laptops,45-54,Male,Florida,Instagram,14,653.66,0.0341
94,Laptops,55+,Female,New York,Facebook,30,5810.15,0.0391
95,Shoes,55+,Male,Illinois,LinkedIn,7,3811.59,0.0342
96,Laptops,35-44,Male,Illinois,Facebook,45,982.25,0.0417
97,Books,45-54,Male,New York,Google Ads,60,4468.61,0.0593
98,Smartphones,25-34,Other,New York,LinkedIn,30,6618.29,0.0536
99,Smartphones,35-44,Male,Illinois,Google Ads,7,9230.63,0.0781
100,Shoes,25-34,Male,Florida,YouTube,45,6395.04,0.0729
101,Furniture,18-24,Male,California,Google Ads,7,8639.06,0.0754
102,Shoes,55+,Other,Texas,YouTube,30,1654.93,0.0335
103,Furniture,18-24,Female,Illinois,Instagram,7,2499.95,0.0403
104,Smartphones,55+,Other,New York,YouTube,14,9717.78,0.0492
105,Shoes,35-44,Other,Texas,Instagram,7,8930.31,0.0596
106,Books,25-34,Male,New York,YouTube,14,2734.66,0.0515
107,Laptops,25-34,Female,California,YouTube,30,6399.25,0.0664
108,Furniture,35-44,Male,California,Facebook,60,3945.01,0.0498
109,Laptops,45-54,Male,Illinois,Facebook,14,4951.69,0.0545
110,Laptops,18-24,Female,Texas,Google Ads,7,8678.34,0.0886
111,Shoes,18-24,Female,Texas,Facebook,7,7489.27,0.08
112,Laptops,25-34,Other,California,Instagram,7,2765.2,0.0614
113,Books,25-34,Female,New York,Facebook,30,3501.93,0.0356
114,Laptops,25-34,Other,Illinois,Google Ads,45,3252.25,0.0836
115,Shoes,35-44,Other,Florida,LinkedIn,7,7916.3,0.0498
116,Books,45-54,Male,California,Instagram,7,5155.84,0.0583
117,Smartphones,18-24,Male,California,LinkedIn,14,9531.88,0.0755
118,Laptops,55+,Male,Illinois,Instagram,60,8258.53,0.0439
119,Shoes,35-44,Female,New York,Google Ads,7,2506.35,0.0671
120,Smartphones,18-24,Female,Texas,Facebook,30,7966.46,0.0838
121,Smartphones,45-54,Other,California,LinkedIn,45,5307.75,0.0276
122,Furniture,35-44,Other,Illinois,LinkedIn,45,2910.25,0.0484
123,Books,18-24,Other,Illinois,Facebook,45,3951.65,0.0367
124,Laptops,35-44,Female,Illinois,Google Ads,30,9735.2,0.0893
125,Shoes,18-24,Other,Texas,Facebook,45,5097.63,0.0685
126,Furniture,18-24,Other,California,YouTube,45,7336.26,0.0494
127,Books,45-54,Female,Illinois,YouTube,14,5032.31,0.073
128,Furniture,55+,Male,Texas,YouTube,45,4029.79,0.0577
129,Books,45-54,Female,New York,LinkedIn,14,8065.99,0.0535
130,Books,18-24,Other,Florida,LinkedIn,14,8559.08,0.0512
131,Laptops,35-44,Male,California,Google Ads,14,1182.95,0.0636
132,Books,45-54,Female,Texas,Instagram,30,3150.29,0.0447
133,Furniture,55+,Male,Florida,Facebook,7,5324.77,0.0736
134,Books,18-24,Male,Florida,Instagram,60,3506.73,0.0441
135,Laptops,45-54,Other,Texas,LinkedIn,45,7944.04,0.046
136,Laptops,45-54,Female,Texas,Facebook,60,1589.97,0.0383
137,Furniture,45-54,Other,Texas,LinkedIn,7,8079.08,0.0687
138,Smartphones,45-54,Female,Illinois,Google Ads,14,6369.92,0.0656
139,Smartphones,35-44,Female,New York,Facebook,14,3248.99,0.0526
140,Books,55+,Female,Illinois,LinkedIn,14,3772.32,0.0591
141,Shoes,55+,Male,Florida,YouTube,14,2237.54,0.038
142,Books,18-24,Male,Florida,YouTube,45,2899.45,0.0397
143,Furniture,25-34,Other,Florida,LinkedIn,7,7314.05,0.048
144,Furniture,35-44,Female,Texas,Instagram,7,4070.9,0.0645
145,Furniture,18-24,Female,California,Google Ads,7,7031.1,0.0582
146,Furniture,18-24,Male,Illinois,Google Ads,60,5384.02,0.051
147,Furniture,45-54,Female,California,LinkedIn,14,1880.33,0.0375
148,Laptops,25-34,Other,New York,Google Ads,30,5241.17,0.0782
149,Smartphones,25-34,Female,New York,Facebook,7,7686.46,0.0675
150,Furniture,35-44,Female,Illinois,Google Ads,60,3327.92,0.0704
151,Shoes,25-34,Male,Florida,YouTube,45,6656.78,0.0699
152,Shoes,18-24,Female,New York,LinkedIn,14,2390.81,0.0439
153,Shoes,25-34,Other,California,Facebook,60,1789.14,0.0391
154,Shoes,25-34,Other,California,Google Ads,30,3922.15,0.0678
155,Laptops,55+,Other,Texas,YouTube,30,4197.43,0.0506
156,Shoes,18-24,Other,Florida,Instagram,45,7729.59,0.0667
157,Furniture,25-34,Male,Texas,Google Ads,7,4870.75,0.0822
158,Books,25-34,Female,Illinois,YouTube,7,1271.73,0.0539
159,Shoes,45-54,Male,New York,YouTube,60,6523.0,0.0488
160,Laptops,25-34,Other,Texas,YouTube,60,4957.91,0.0609
161,Laptops,25-34,Female,Texas,YouTube,7,3650.61,0.0671
162,Shoes,55+,Male,Illinois,Instagram,7,8121.08,0.0529
163,Books,18-24,Female,California,LinkedIn,60,1966.66,0.0223
164,Shoes,35-44,Other,California,YouTube,14,9175.52,0.0684
165,Laptops,18-24,Other,Illinois,LinkedIn,30,3673.58,0.0404
166,Smartphones,45-54,Female,California,Instagram,30,4878.94,0.0305
167,Furniture,18-24,Female,Illinois,Instagram,45,9327.71,0.053
168,Laptops,25-34,Other,California,Facebook,30,7731.78,0.0593
169,Shoes,45-54,Male,Illinois,Facebook,60,1205.87,0.0142
170,Furniture,18-24,Other,California,YouTube,14,5993.82,0.0521
171,Shoes,45-54,Female,Texas,LinkedIn,60,3448.45,0.0173
172,Shoes,35-44,Male,Texas,Instagram,7,5330.64,0.0518
173,Smartphones,18-24,Other,California,Google Ads,7,7558.21,0.0971
174,Furniture,25-34,Female,Illinois,Facebook,30,5213.64,0.0523
175,Furniture,45-54,Female,Texas,Facebook,14,1174.71,0.0503
176,Smartphones,55+,Female,New York,Google Ads,45,5534.81,0.0626
177,Laptops,45-54,Male,California,LinkedIn,60,729.23,0.0121
178,Shoes,55+,Male,New York,LinkedIn,45,3809.89,0.0134
179,Books,25-34,Male,New York,LinkedIn,45,5041.29,0.0439
180,Shoes,35-44,Male,Florida,YouTube,45,6624.4,0.0519
181,Shoes,55+,Female,New York,YouTube,45,5308.96,0.038
182,Laptops,35-44,Female,New York,Google Ads,60,1943.49,0.0528
183,Shoes,45-54,Male,Florida,Instagram,7,9356.07,0.0563
184,Smartphones,25-34,Male,Florida,Google Ads,60,6677.85,0.0808
185,Smartphones,55+,Female,Florida,Instagram,7,3511.19,0.0392
186,Furniture,45-54,Other,Illinois,Google Ads,7,9676.43,0.0954
187,Books,18-24,Other,Florida,YouTube,60,8884.49,0.0631
188,Shoes,45-54,Female,Illinois,LinkedIn,60,1863.16,0.019
189,Shoes,35-44,Male,California,Facebook,60,6726.58,0.0355
190,Laptops,25-34,Male,Illinois,Google Ads,7,5820.66,0.0842
191,Smartphones,25-34,Female,California,Google Ads,60,2331.68,0.0695
192,Books,45-54,Other,Florida,Facebook,14,2718.01,0.0533
193,Furniture,18-24,Female,Florida,Google Ads,30,5855.85,0.0655
194,Smartphones,35-44,Female,California,LinkedIn,30,3552.24,0.0408
195,Furniture,45-54,Female,Texas,Facebook,14,8430.9,0.0631
196,Laptops,45-54,Male,Illinois,Facebook,30,1428.52,0.0356
197,Laptops,25-34,Male,New York,LinkedIn,7,9183.29,0.0657
198,Shoes,35-44,Male,Florida,LinkedIn,60,8485.25,0.0387
199,Books,18-24,Other,Illinois,Facebook,60,7516.92,0.0456
200,Furniture,25-34,Female,Illinois,LinkedIn,60,2994.39,0.0344
201,Smartphones,45-54,Female,Florida,LinkedIn,14,7292.1,0.0518
202,Laptops,25-34,Other,California,LinkedIn,14,4668.31,0.0468
203,Shoes,25-34,Male,Florida,Facebook,7,6520.7,0.0802
204,Shoes,55+,Female,Illinois,Google Ads,14,3469.27,0.0478
205,Furniture,25-34,Other,Texas,Instagram,60,8440.65,0.0415
206,Laptops,25-34,Male,California,Facebook,7,885.47,0.0445
207,Books,35-44,Male,Florida,Instagram,7,7068.87,0.0635
208,Laptops,25-34,Female,New York,LinkedIn,60,8372.0,0.0447
209,Furniture,18-24,Male,Florida,LinkedIn,45,6641.07,0.0271
210,Furniture,45-54,Other,Illinois,Google Ads,60,2323.92,0.0605
211,Laptops,35-44,Male,Illinois,LinkedIn,7,3207.32,0.0481
212,Furniture,25-34,Female,New York,Instagram,45,5391.6,0.0403
213,Laptops,18-24,Other,California,Facebook,60,3629.77,0.0446
214,Smartphones,45-54,Male,Illinois,Facebook,60,546.71,0.0184
215,Laptops,35-44,Male,California,Google Ads,45,886.44,0.0544
216,Laptops,18-24,Male,California,Instagram,45,7793.8,0.0498
217,Furniture,25-34,Other,Florida,LinkedIn,30,1295.22,0.0379
218,Furniture,55+,Male,California,YouTube,45,9316.21,0.0586
219,Shoes,55+,Female,Illinois,Google Ads,14,4706.0,0.0543
220,Shoes,35-44,Other,Illinois,Google Ads,45,7702.77,0.0643
221,Smartphones,18-24,Other,Texas,YouTube,7,1692.29,0.0698
222,Shoes,45-54,Male,California,Facebook,45,9301.82,0.0464
223,Laptops,18-24,Other,Texas,Facebook,60,821.18,0.0377
224,Furniture,55+,Female,Florida,Facebook,14,900.3,0.0545
225,Shoes,35-44,Other,Texas,YouTube,45,1018.56,0.0421
226,Shoes,25-34,Female,California,LinkedIn,14,1482.38,0.032
227,Smartphones,18-24,Male,Illinois,LinkedIn,30,5124.9,0.0577
228,Smartphones,55+,Other,Florida,Instagram,14,7988.63,0.0343
229,Laptops,45-54,Female,California,Instagram,60,3207.0,0.0303
230,Furniture,35-44,Male,Florida,Facebook,30,7584.88,0.066
231,Smartphones,25-34,Female,New York,YouTube,45,7853.58,0.0535
232,Shoes,18-24,Other,California,Google Ads,14,9128.63,0.1076
233,Furniture,45-54,Other,New York,LinkedIn,30,1918.84,0.0353
234,Furniture,25-34,Female,Texas,YouTube,45,1787.58,0.0335
235,Shoes,55+,Male,California,Instagram,45,1659.9,0.0159
236,Smartphones,55+,Male,New York,LinkedIn,14,3913.45,0.0368
237,Shoes,45-54,Male,Illinois,LinkedIn,14,5149.42,0.0484
238,Furniture,55+,Male,Texas,YouTube,30,4885.29,0.0627
239,Books,35-44,Female,California,Instagram,14,2941.96,0.0494
240,Books,45-54,Other,California,YouTube,45,6408.81,0.0682
241,Laptops,55+,Female,Illinois,Google Ads,60,3713.6,0.0529
242,Shoes,18-24,Other,Illinois,LinkedIn,30,3977.79,0.0568
243,Shoes,55+,Other,New York,YouTube,60,1502.54,0.027
244,Laptops,35-44,Female,New York,YouTube,60,6126.2,0.0501
245,Laptops,25-34,Female,New York,Google Ads,45,6725.16,0.0867
246,Laptops,25-34,Male,Florida,YouTube,60,7700.53,0.0611
247,Furniture,55+,Other,Texas,LinkedIn,7,9088.09,0.0559
248,Shoes,25-34,Male,California,Facebook,30,7777.04,0.0616
249,Furniture,55+,Male,Texas,Facebook,45,2739.56,0.0519
250,Laptops,35-44,Female,Illinois,Instagram,14,2738.72,0.0571
251,Shoes,25-34,Male,Texas,Google Ads,45,9193.33,0.084
252,Furniture,18-24,Male,Texas,Instagram,14,8006.27,0.049
253,Furniture,55+,Male,New York,Facebook,45,7931.34,0.0599
254,Laptops,25-34,Female,Illinois,Google Ads,7,7337.28,0.0911
255,Shoes,35-44,Male,Texas,YouTube,30,3038.42,0.0462
256,Laptops,35-44,Male,California,YouTube,60,8550.4,0.057
257,Shoes,18-24,Female,New York,LinkedIn,45,1857.4,0.045
258,Books,35-44,Female,Texas,Facebook,30,3825.17,0.0507
259,Smartphones,35-44,Female,Illinois,YouTube,30,3791.51,0.0461
260,Smartphones,25-34,Other,California,Google Ads,30,5821.26,0.0796
261,Smartphones,55+,Female,Illinois,YouTube,30,4902.71,0.044
262,Laptops,45-54,Other,Illinois,Instagram,30,4868.18,0.0525
263,Books,35-44,Female,Illinois,Instagram,60,5758.94,0.0391
264,Shoes,35-44,Female,Florida,Instagram,60,4446.48,0.0409
265,Furniture,45-54,Female,California,Instagram,45,2874.84,0.0517
266,Shoes,35-44,Other,Illinois,Instagram,14,6809.15,0.0484
267,Furniture,25-34,Male,Florida,LinkedIn,45,8011.02,0.0471
268,Shoes,25-34,Female,New York,Instagram,30,5050.46,0.0399
269,Books,45-54,Other,Florida,LinkedIn,14,6670.09,0.0633
270,Furniture,35-44,Female,New York,LinkedIn,45,5585.95,0.052
271,Laptops,35-44,Male,Florida,YouTube,14,1060.47,0.0556
272,Shoes,55+,Other,Illinois,Google Ads,60,4519.3,0.042
273,Shoes,35-44,Female,Florida,Instagram,30,593.6,0.0331
274,Furniture,25-34,Female,Florida,Google Ads,14,6787.85,0.0808
275,Laptops,18-24,Female,Illinois,Facebook,7,5327.53,0.0445
276,Laptops,18-24,Male,New York,LinkedIn,30,1704.9,0.0352
277,Books,18-24,Other,Illinois,Facebook,60,5650.82,0.0516
278,Laptops,18-24,Female,California,LinkedIn,60,9035.05,0.0494
279,Laptops,35-44,Female,Florida,Instagram,45,3734.66,0.0429
280,Laptops,35-44,Other,California,Facebook,7,9832.5,0.0582
281,Smartphones,55+,Male,Illinois,YouTube,14,9614.11,0.0542
282,Books,35-44,Male,Illinois,Facebook,45,7960.44,0.0616
283,Shoes,18-24,Male,Texas,LinkedIn,60,8231.1,0.0515
284,Furniture,45-54,Male,California,LinkedIn,14,4400.18,0.0406
285,Shoes,45-54,Male,Texas,Google Ads,60,4324.14,0.0598
286,Books,25-34,Female,California,Facebook,60,9566.77,0.05
287,Furniture,25-34,Female,Texas,YouTube,7,3978.86,0.0675
288,Books,35-44,Female,Texas,Instagram,30,1420.29,0.043
289,Laptops,45-54,Other,California,Google Ads,14,1950.66,0.0607
290,Furniture,18-24,Male,Illinois,Facebook,7,7248.79,0.0485
291,Laptops,18-24,Other,New York,Google Ads,60,4138.32,0.0598
292,Shoes,18-24,Male,Illinois,Facebook,60,2393.76,0.0484
293,Shoes,35-44,Male,New York,Instagram,7,8230.97,0.0478
294,Furniture,35-44,Other,California,Instagram,14,5142.4,0.0639
295,Furniture,55+,Female,Florida,YouTube,60,5892.59,0.0646
296,Books,18-24,Other,Illinois,Google Ads,14,1962.52,0.0618
297,Books,18-24,Female,Texas,YouTube,7,2331.16,0.0674
298,Laptops,35-44,Male,Illinois,Facebook,60,1695.63,0.0422
299,Furniture,35-44,Female,California,Instagram,45,5388.16,0.0553
300,Shoes,55+,Male,Florida,Instagram,45,7868.74,0.0433
301,Books,55+,Male,Florida,LinkedIn,60,7456.71,0.0558
302,Books,25-34,Female,Illinois,LinkedIn,30,2981.69,0.0362
303,Shoes,45-54,Male,Illinois,YouTube,60,8589.73,0.0511
304,Books,18-24,Female,Illinois,Google Ads,60,1503.78,0.0572
305,Laptops,18-24,Other,California,Facebook,60,1583.47,0.0301
306,Furniture,55+,Male,New York,YouTube,7,8568.39,0.07
307,Shoes,55+,Male,New York,Instagram,60,2821.99,0.0142
308,Furniture,25-34,Other,Texas,Instagram,60,7227.1,0.0456
309,Books,45-54,Male,California,Instagram,7,586.26,0.0377
310,Books,25-34,Other,Florida,Facebook,60,1389.21,0.0308
311,Shoes,45-54,Other,Texas,YouTube,45,6288.24,0.0493
312,Laptops,18-24,Male,Florida,Facebook,45,2232.95,0.0462
313,Smartphones,25-34,Other,Florida,Instagram,60,768.03,0.0396
314,Shoes,55+,Other,Illinois,LinkedIn,7,4935.99,0.0294
315,Smartphones,25-34,Other,Florida,YouTube,60,3639.94,0.0559
316,Smartphones,25-34,Male,Florida,LinkedIn,60,8121.44,0.0581
317,Laptops,18-24,Other,California,YouTube,14,8278.88,0.0641
318,Smartphones,55+,Female,Illinois,Instagram,30,6337.02,0.0434
319,Smartphones,55+,Female,Illinois,LinkedIn,7,3283.82,0.0253
320,Laptops,35-44,Other,Texas,LinkedIn,30,4885.45,0.0527
321,Smartphones,35-44,Female,Illinois,YouTube,14,7171.43,0.0715
322,Smartphones,35-44,Male,New York,LinkedIn,30,1158.43,0.0094
323,Smartphones,18-24,Other,California,LinkedIn,60,3658.72,0.0498
324,Shoes,25-34,Male,Texas,Instagram,45,8312.51,0.0679
325,Shoes,55+,Female,New York,YouTube,7,4357.27,0.044
326,Shoes,55+,Female,Florida,YouTube,7,6434.35,0.0575
327,Laptops,25-34,Female,New York,Google Ads,60,1415.18,0.0524
328,Books,55+,Female,Texas,YouTube,30,7881.94,0.0763
329,Smartphones,25-34,Male,Illinois,Instagram,7,1454.42,0.0677
330,Smartphones,18-24,Other,California,LinkedIn,14,8684.49,0.0532
331,Laptops,18-24,Male,Texas,Google Ads,14,1512.71,0.0655
332,Smartphones,18-24,Other,New York,LinkedIn,30,8963.48,0.0675
333,Shoes,25-34,Female,New York,YouTube,14,3955.81,0.0706
334,Books,25-34,Female,Texas,Facebook,45,6433.04,0.0476
335,Furniture,45-54,Female,Texas,LinkedIn,60,8542.23,0.0478
336,Smartphones,55+,Female,Texas,YouTube,7,597.29,0.0304
337,Shoes,55+,Male,Illinois,Instagram,60,3024.09,0.0186
338,Furniture,45-54,Other,Texas,YouTube,30,9129.21,0.0753
339,Books,45-54,Other,Florida,Google Ads,60,4187.67,0.0625
340,Furniture,18-24,Female,California,Facebook,7,7210.57,0.0443
341,Shoes,45-54,Male,California,Facebook,7,1830.11,0.0293
342,Furniture,25-34,Female,Florida,Facebook,30,6944.53,0.0582
343,Laptops,35-44,Other,New York,Instagram,7,1195.03,0.0401
344,Furniture,25-34,Other,New York,Facebook,14,7314.59,0.0572
345,Smartphones,45-54,Male,New York,LinkedIn,60,3576.15,0.0141
346,Smartphones,55+,Other,New York,Instagram,45,4925.55,0.0344
347,Laptops,25-34,Male,Illinois,YouTube,45,2079.47,0.0516
348,Shoes,55+,Female,Florida,Google Ads,45,6464.57,0.06
349,Smartphones,25-34,Female,California,Instagram,30,3706.89,0.0524
350,Books,55+,Male,Florida,Google Ads,45,4142.06,0.0768
351,Smartphones,25-34,Female,California,Instagram,60,6695.83,0.0527
352,Smartphones,55+,Male,New York,YouTube,7,2199.19,0.0434
353,Shoes,35-44,Female,Illinois,Google Ads,14,8594.08,0.0775
354,Furniture,18-24,Female,Texas,Instagram,45,7523.22,0.0345
355,Smartphones,25-34,Other,Texas,Google Ads,45,5988.44,0.0833
356,Laptops,35-44,Other,New York,Facebook,45,1719.16,0.0372
357,Furniture,18-24,Male,New York,Facebook,14,7027.54,0.0433
358,Books,25-34,Female,Florida,Facebook,60,671.94,0.025
359,Shoes,35-44,Female,Illinois,LinkedIn,45,8141.76,0.0471
360,Books,35-44,Female,Illinois,Facebook,7,3386.08,0.0533
361,Furniture,35-44,Other,Florida,Facebook,30,1613.51,0.0602
362,Furniture,45-54,Male,Illinois,YouTube,14,2062.65,0.0609
363,Furniture,55+,Male,Illinois,Google Ads,60,9649.78,0.0803
364,Books,18-24,Male,Texas,Google Ads,7,7851.39,0.0792
365,Furniture,55+,Female,Illinois,Facebook,14,2759.78,0.0403
366,Books,55+,Male,New York,Google Ads,14,9652.93,0.0798
367,Furniture,55+,Other,Texas,Instagram,30,1831.12,0.0582
368,Laptops,35-44,Other,New York,Facebook,30,7468.51,0.0569
369,Furniture,55+,Male,New York,Facebook,60,6739.03,0.0543
370,Books,45-54,Female,Florida,LinkedIn,45,8304.03,0.0453
371,Smartphones,25-34,Other,Illinois,Instagram,30,4126.14,0.0585
372,Furniture,35-44,Other,Illinois,Facebook,60,4317.44,0.0556
373,Smartphones,18-24,Female,Illinois,Facebook,14,6433.39,0.0927
374,Laptops,25-34,Female,Illinois,Google Ads,45,4282.95,0.0732
375,Shoes,25-34,Male,Texas,Facebook,7,892.83,0.046
376,Laptops,25-34,Other,California,Facebook,14,7432.23,0.0685
377,Furniture,55+,Other,New York,Facebook,60,6588.99,0.0419
378,Smartphones,55+,Male,California,Facebook,7,4525.27,0.0427
379,Smartphones,35-44,Male,California,LinkedIn,14,3376.88,0.0389
380,Books,55+,Other,California,Instagram,30,3546.9,0.0463
381,Smartphones,55+,Other,Texas,LinkedIn,60,7539.77,0.0311
382,Books,55+,Female,California,Google Ads,7,7427.03,0.0888
383,Shoes,35-44,Female,Texas,YouTube,30,8279.72,0.0673
384,Furniture,35-44,Other,Florida,Facebook,7,7740.71,0.0856
385,Books,45-54,Other,Florida,Google Ads,45,7700.47,0.0791
386,Shoes,45-54,Female,Florida,YouTube,45,2891.85,0.0384
387,Smartphones,45-54,Male,Texas,Facebook,60,1465.32,0.0186
388,Smartphones,45-54,Male,Texas,Facebook,7,7736.65,0.0608
389,Shoes,25-34,Other,New York,YouTube,45,1436.87,0.0414
390,Smartphones,25-34,Other,California,LinkedIn,14,9830.06,0.064
391,Shoes,45-54,Female,Illinois,YouTube,14,8813.35,0.0665
392,Books,45-54,Other,Illinois,YouTube,45,5567.89,0.0581
393,Books,18-24,Male,California,Instagram,45,3845.74,0.0351
394,Shoes,25-34,Female,Illinois,Facebook,60,5505.01,0.0584
395,Books,18-24,Female,Illinois,Facebook,60,7475.87,0.0522
396,Books,18-24,Male,Illinois,LinkedIn,14,7685.13,0.0534
397,Books,55+,Male,Texas,LinkedIn,30,1199.83,0.0363
398,Laptops,35-44,Female,Texas,Instagram,7,8146.11,0.0607
399,Furniture,25-34,Other,Texas,Instagram,30,6594.22,0.0507
400,Smartphones,45-54,Male,California,Instagram,60,885.51,0.0089
401,Laptops,45-54,Female,Florida,LinkedIn,30,3475.03,0.042
402,Books,35-44,Other,Illinois,YouTube,60,5351.09,0.0577
403,Shoes,25-34,Other,New York,Facebook,30,2290.29,0.0437
404,Books,45-54,Female,Texas,Facebook,14,1974.79,0.0523
405,Furniture,45-54,Male,New York,Google Ads,60,635.67,0.0548
406,Books,55+,Other,Illinois,LinkedIn,14,9159.73,0.0601
407,Shoes,18-24,Male,Florida,LinkedIn,30,1033.03,0.04
408,Furniture,45-54,Female,New York,Instagram,45,3977.11,0.0602
409,Books,25-34,Male,Illinois,Google Ads,45,2454.83,0.0599
410,Furniture,35-44,Other,Illinois,Google Ads,7,7539.81,0.0974
411,Smartphones,55+,Female,Texas,LinkedIn,45,7218.25,0.0337
412,Smartphones,25-34,Other,Florida,Instagram,7,8159.11,0.0642
413,Books,55+,Other,Illinois,Facebook,30,6359.68,0.0594
414,Furniture,18-24,Female,Florida,Instagram,7,6120.71,0.0507
415,Shoes,45-54,Female,Texas,Facebook,7,4367.55,0.0481
416,Books,25-34,Male,New York,LinkedIn,7,6545.41,0.0418
417,Smartphones,35-44,Female,California,Instagram,14,1594.45,0.0413
418,Smartphones,18-24,Male,California,Google Ads,7,7002.87,0.0919
419,Books,18-24,Female,California,YouTube,60,1487.03,0.0364
420,Furniture,55+,Other,Florida,Google Ads,30,8686.53,0.0995
421,Smartphones,18-24,Male,California,Facebook,14,5303.99,0.0726
422,Furniture,25-34,Female,New York,LinkedIn,60,5538.39,0.037
423,Smartphones,55+,Male,Illinois,Instagram,30,6056.15,0.0364
424,Smartphones,18-24,Male,Florida,LinkedIn,14,7872.5,0.0634
425,Laptops,35-44,Male,New York,LinkedIn,30,5045.47,0.0519
426,Smartphones,25-34,Other,Florida,Facebook,45,4562.09,0.0562
427,Shoes,35-44,Female,Florida,LinkedIn,30,3239.17,0.0344
428,Books,35-44,Female,Florida,Instagram,45,1716.37,0.0516
429,Books,55+,Male,Texas,Google Ads,45,2308.25,0.0685
430,Furniture,45-54,Female,Illinois,LinkedIn,30,505.01,0.0386
431,Smartphones,55+,Other,California,Instagram,45,8759.51,0.038
432,Shoes,25-34,Male,Texas,Instagram,14,7767.1,0.0636
433,Furniture,25-34,Other,Illinois,Facebook,45,2577.48,0.0437
434,Laptops,55+,Other,California,LinkedIn,7,522.71,0.0139
435,Furniture,45-54,Female,Texas,Facebook,14,5175.1,0.0725
436,Furniture,55+,Female,Texas,Google Ads,14,4419.45,0.0867
437,Smartphones,25-34,Male,New York,Google Ads,14,7872.06,0.0894
438,Laptops,45-54,Other,Texas,Instagram,7,4327.51,0.0618
439,Furniture,25-34,Female,Florida,LinkedIn,7,8709.07,0.0581
440,Shoes,45-54,Male,Texas,Instagram,7,1410.46,0.0401
441,Shoes,45-54,Male,Florida,LinkedIn,7,3975.65,0.0555
442,Books,55+,Female,Illinois,Facebook,7,9372.44,0.0889
443,Laptops,55+,Other,Illinois,Google Ads,60,611.43,0.0377
444,Laptops,55+,Male,Florida,Google Ads,60,4212.5,0.0589
445,Books,45-54,Female,New York,Facebook,7,2967.18,0.0493
446,Furniture,45-54,Male,New York,YouTube,14,5552.68,0.0737
447,Laptops,25-34,Female,Illinois,YouTube,45,3148.28,0.0601
448,Shoes,35-44,Male,Texas,YouTube,45,8764.13,0.0551
449,Shoes,55+,Other,Illinois,LinkedIn,60,9402.81,0.036
450,Smartphones,25-34,Male,Illinois,Facebook,7,8566.78,0.0733
451,Laptops,25-34,Female,Florida,LinkedIn,30,4286.39,0.0478
452,Furniture,18-24,Female,New York,LinkedIn,45,9904.37,0.0327
453,Books,55+,Female,Florida,Facebook,45,7482.85,0.061
454,Books,25-34,Other,Illinois,LinkedIn,14,3878.28,0.0456
455,Furniture,18-24,Female,California,Facebook,45,1390.08,0.0295
456,Smartphones,55+,Female,Texas,YouTube,60,6836.94,0.0392
457,Books,45-54,Other,Illinois,YouTube,7,7421.39,0.0792
458,Laptops,18-24,Female,Florida,LinkedIn,7,1663.36,0.0375
459,Smartphones,45-54,Female,California,Google Ads,45,5722.5,0.0537
460,Laptops,35-44,Other,California,Facebook,30,9877.34,0.0635
461,Shoes,35-44,Male,Illinois,Instagram,60,3599.3,0.0505
462,Smartphones,35-44,Female,New York,Instagram,45,3368.0,0.0432
463,Books,35-44,Male,California,LinkedIn,60,9081.37,0.0462
464,Smartphones,25-34,Other,Texas,Google Ads,30,1615.45,0.0699
465,Smartphones,35-44,Female,Florida,Facebook,60,9368.51,0.0525
466,Smartphones,25-34,Female,Florida,YouTube,60,7905.13,0.0598
467,Smartphones,25-34,Other,Florida,LinkedIn,60,4212.98,0.056
468,Laptops,55+,Female,Illinois,Facebook,7,1293.7,0.0386
469,Shoes,25-34,Male,Florida,Facebook,30,682.16,0.0439
470,Furniture,25-34,Male,Florida,Facebook,7,4070.4,0.0593
471,Smartphones,35-44,Other,Texas,Google Ads,14,7200.86,0.0956
472,Books,25-34,Female,New York,Facebook,45,5131.53,0.05
473,Smartphones,45-54,Female,Illinois,Google Ads,7,7517.19,0.0742
474,Books,35-44,Other,Illinois,Google Ads,60,6870.42,0.0838
475,Laptops,18-24,Male,Florida,Facebook,14,5942.62,0.0619
476,Books,35-44,Male,Texas,YouTube,30,9691.24,0.0626
477,Furniture,25-34,Other,California,Facebook,30,7419.65,0.0452
478,Shoes,45-54,Female,Florida,YouTube,7,9188.83,0.0627
479,Books,35-44,Male,Florida,LinkedIn,60,2800.53,0.0365
480,Books,45-54,Female,Illinois,Instagram,60,7279.58,0.0576
481,Shoes,18-24,Male,Illinois,LinkedIn,30,6179.13,0.0537
482,Furniture,18-24,Female,Florida,Google Ads,60,9280.81,0.0593
483,Smartphones,55+,Male,Illinois,LinkedIn,45,5349.3,0.0208
484,Books,55+,Female,Texas,Instagram,7,3156.59,0.067
485,Shoes,35-44,Other,California,Instagram,7,4155.97,0.054
486,Laptops,55+,Male,California,YouTube,60,2578.88,0.0447
487,Shoes,45-54,Other,California,LinkedIn,30,2589.74,0.0246
488,Laptops,55+,Male,Florida,Google Ads,45,4969.01,0.074
489,Furniture,45-54,Male,Florida,Google Ads,45,8979.4,0.0819
490,Smartphones,55+,Male,Florida,YouTube,45,2322.76,0.0359
491,Shoes,55+,Female,Texas,YouTube,14,3234.77,0.0394
492,Books,55+,Male,California,LinkedIn,60,8603.39,0.0502
493,Furniture,25-34,Other,Illinois,YouTube,45,3722.93,0.0533
494,Shoes,25-34,Female,Illinois,Instagram,60,9642.93,0.0415
495,Books,55+,Female,New York,Google Ads,30,3054.74,0.0788
496,Shoes,45-54,Male,New York,Instagram,30,4700.36,0.0411
497,Laptops,35-44,Female,Illinois,Facebook,30,1408.29,0.0425
498,Shoes,18-24,Male,California,Instagram,14,9925.67,0.0747
499,Shoes,25-34,Other,Florida,Google Ads,30,8956.35,0.0788
500,Shoes,55+,Female,Illinois,Facebook,60,8266.84,0.0326
501,Furniture,18-24,Female,Illinois,LinkedIn,7,1994.75,0.0347
502,Shoes,25-34,Other,New York,Facebook,7,9708.9,0.0626
503,Books,35-44,Other,California,YouTube,60,9326.94,0.0598
504,Laptops,45-54,Male,Illinois,Google Ads,7,4638.88,0.0672
505,Laptops,55+,Female,Florida,YouTube,45,6975.55,0.0549
506,Shoes,35-44,Other,Florida,Instagram,7,9928.36,0.0652
507,Furniture,25-34,Female,Texas,LinkedIn,14,4392.58,0.0515
508,Furniture,55+,Other,Florida,Google Ads,30,1573.93,0.0676
509,Books,18-24,Female,Illinois,LinkedIn,7,8743.9,0.0618
510,Shoes,45-54,Other,Illinois,Google Ads,7,5026.61,0.0651
511,Laptops,25-34,Female,Florida,YouTube,14,9876.21,0.0746
512,Furniture,45-54,Male,New York,Instagram,14,5733.48,0.0567
513,Shoes,55+,Female,California,Facebook,7,780.04,0.0163
514,Furniture,35-44,Male,Illinois,LinkedIn,45,5171.41,0.0498
515,Furniture,45-54,Male,Florida,Google Ads,7,7321.59,0.0921
516,Laptops,18-24,Male,Florida,Google Ads,45,747.29,0.0585
517,Smartphones,25-34,Female,Illinois,LinkedIn,30,4427.76,0.0416
518,Books,18-24,Female,Texas,Facebook,60,1977.82,0.0353
519,Books,45-54,Male,California,Instagram,30,6609.42,0.0633
520,Laptops,35-44,Other,Illinois,Google Ads,7,9594.79,0.0958
521,Furniture,35-44,Female,Florida,Google Ads,7,6433.56,0.082
522,Shoes,18-24,Female,Texas,LinkedIn,45,7101.34,0.059
523,Furniture,55+,Female,Illinois,LinkedIn,14,4267.35,0.0424
524,Laptops,55+,Female,California,Google Ads,45,5849.84,0.0598
525,Books,35-44,Male,Texas,Google Ads,14,5666.65,0.0818
526,Furniture,18-24,Other,Florida,Google Ads,14,7716.26,0.0803
527,Books,18-24,Other,New York,YouTube,14,8640.66,0.0648
528,Shoes,18-24,Other,California,Google Ads,14,6797.42,0.0932
529,Books,45-54,Other,Texas,Instagram,7,9808.18,0.0714
530,Books,55+,Male,Illinois,Instagram,60,8368.74,0.0592
531,Smartphones,55+,Female,Illinois,Facebook,60,1684.14,0.0186
532,Smartphones,45-54,Female,Texas,LinkedIn,30,5321.02,0.042
533,Smartphones,25-34,Male,Illinois,Facebook,30,9080.74,0.0676
534,Books,45-54,Female,Texas,Google Ads,30,9467.38,0.0967
535,Laptops,18-24,Male,California,LinkedIn,45,4111.96,0.0386
536,Books,45-54,Other,Illinois,Google Ads,30,7394.19,0.0824
537,Laptops,18-24,Male,California,LinkedIn,30,4400.18,0.0452
538,Laptops,35-44,Female,Florida,YouTube,30,1674.77,0.0583
539,Smartphones,18-24,Female,Florida,YouTube,7,8903.81,0.0944
540,Furniture,55+,Female,Florida,YouTube,30,9353.55,0.0708
541,Shoes,45-54,Other,Florida,Facebook,60,5295.13,0.0364
542,Smartphones,18-24,Male,Illinois,LinkedIn,7,673.92,0.0473
543,Smartphones,25-34,Male,Texas,Facebook,14,8252.34,0.0717
544,Furniture,35-44,Female,Illinois,LinkedIn,45,5031.12,0.0549
545,Shoes,25-34,Male,Illinois,Google Ads,7,1212.77,0.0793
546,Books,25-34,Female,California,YouTube,7,2299.22,0.0585
547,Books,25-34,Male,Texas,YouTube,60,1945.13,0.0537
548,Smartphones,35-44,Other,New York,LinkedIn,30,7019.65,0.0505
549,Shoes,35-44,Other,New York,Facebook,14,3344.39,0.0435
550,Smartphones,35-44,Male,Texas,Facebook,60,1713.06,0.0411
551,Laptops,35-44,Other,New York,Instagram,60,9217.66,0.0449
552,Smartphones,25-34,Other,Texas,YouTube,7,9587.05,0.0855
553,Smartphones,55+,Other,California,YouTube,14,1816.47,0.028
554,Books,55+,Female,California,Facebook,60,2687.24,0.0427
555,Books,35-44,Male,Illinois,YouTube,45,6125.15,0.0527
556,Books,45-54,Male,New York,Facebook,45,1929.82,0.0484
557,Laptops,18-24,Female,Texas,Instagram,60,2006.62,0.0341
558,Books,45-54,Female,California,LinkedIn,7,3697.47,0.0534
559,Shoes,45-54,Other,Illinois,LinkedIn,45,9517.12,0.0363
560,Furniture,45-54,Male,New York,Instagram,7,9643.2,0.0574
561,Shoes,55+,Female,New York,YouTube,30,8496.99,0.0452
562,Shoes,18-24,Other,New York,Google Ads,30,7109.27,0.0847
563,Books,45-54,Male,California,YouTube,7,7346.4,0.0719
564,Furniture,35-44,Other,California,Facebook,60,4960.94,0.0611
565,Furniture,55+,Male,New York,Google Ads,30,5536.47,0.0829
566,Furniture,35-44,Other,California,Instagram,30,6527.3,0.0584
567,Laptops,35-44,Male,New York,LinkedIn,45,7447.22,0.0391
568,Books,45-54,Male,Florida,LinkedIn,60,1420.04,0.026
569,Furniture,35-44,Male,California,YouTube,7,2636.43,0.0673
570,Laptops,18-24,Male,Texas,LinkedIn,30,9647.96,0.054
571,Smartphones,35-44,Other,California,YouTube,60,3683.85,0.0352
572,Smartphones,45-54,Female,New York,Facebook,30,3050.51,0.0331
573,Laptops,35-44,Male,Texas,Facebook,45,4508.16,0.0636
574,Laptops,55+,Male,Illinois,Instagram,60,3263.75,0.0311
575,Books,55+,Male,Texas,Facebook,14,1366.21,0.0539
576,Books,55+,Male,Texas,YouTube,45,2475.63,0.0549
577,Smartphones,25-34,Other,California,LinkedIn,7,6581.52,0.0559
578,Furniture,55+,Female,Texas,Facebook,60,2620.23,0.0453
579,Smartphones,55+,Female,Texas,Facebook,30,6652.84,0.0449
580,Furniture,25-34,Female,New York,YouTube,60,1450.77,0.0402
581,Furniture,55+,Other,California,Facebook,7,897.83,0.0446
582,Books,45-54,Female,New York,LinkedIn,60,8684.89,0.045
583,Shoes,55+,Other,California,LinkedIn,30,7720.25,0.0332
584,Shoes,55+,Other,Illinois,LinkedIn,45,6827.26,0.0251
585,Laptops,25-34,Male,Texas,LinkedIn,45,793.54,0.0317
586,Books,45-54,Other,California,Google Ads,30,2773.86,0.0772
587,Furniture,35-44,Female,Texas,LinkedIn,14,8216.99,0.0647
588,Shoes,18-24,Female,Texas,Google Ads,14,1874.34,0.0811
589,Furniture,45-54,Female,Florida,LinkedIn,45,8222.11,0.0562
590,Shoes,35-44,Male,New York,LinkedIn,7,6050.22,0.0367
591,Shoes,45-54,Male,California,YouTube,60,7533.5,0.0444
592,Shoes,35-44,Male,Illinois,LinkedIn,30,6622.82,0.0522
593,Books,35-44,Other,Florida,Facebook,7,4461.4,0.0582
594,Smartphones,45-54,Female,New York,LinkedIn,60,3273.78,0.021
595,Furniture,25-34,Other,Illinois,Instagram,45,6890.93,0.0496
596,Books,45-54,Other,Illinois,YouTube,30,8165.67,0.0703
597,Books,45-54,Female,Texas,YouTube,7,924.96,0.0561
598,Books,35-44,Male,New York,LinkedIn,60,4109.13,0.0382
599,Books,18-24,Female,Florida,Instagram,45,3831.93,0.0363
600,Books,35-44,Other,California,LinkedIn,45,5814.97,0.0458
601,Laptops,55+,Other,California,Facebook,60,1582.29,0.0228
602,Furniture,45-54,Male,Florida,YouTube,14,9367.48,0.0697
603,Books,45-54,Other,Texas,YouTube,14,5710.85,0.0745
604,Furniture,25-34,Other,Texas,Instagram,60,9275.65,0.0524
605,Laptops,35-44,Female,Illinois,Google Ads,60,8260.94,0.072
606,Laptops,25-34,Male,New York,Instagram,60,2320.57,0.0398
607,Furniture,45-54,Female,Illinois,Facebook,45,1757.22,0.0381
608,Shoes,35-44,Female,California,Instagram,30,8681.88,0.0452
609,Smartphones,35-44,Female,Florida,Google Ads,45,5592.95,0.0724
610,Shoes,55+,Other,New York,Facebook,45,687.56,0.004
611,Shoes,55+,Other,Florida,Facebook,14,9375.15,0.0454
612,Shoes,18-24,Male,New York,Google Ads,60,4993.77,0.0701
613,Books,55+,Other,California,LinkedIn,45,3358.89,0.0399
614,Laptops,35-44,Male,California,Instagram,45,5407.68,0.0525
615,Shoes,55+,Female,New York,Facebook,60,8317.72,0.029
616,Laptops,18-24,Female,Texas,Instagram,30,1547.78,0.036
617,Furniture,45-54,Other,New York,Google Ads,14,3909.86,0.0797
618,Smartphones,55+,Other,California,YouTube,7,3529.23,0.0441
619,Furniture,35-44,Male,Florida,Google Ads,45,8476.67,0.0831
620,Furniture,45-54,Other,Illinois,Instagram,30,7895.44,0.0741
621,Books,35-44,Other,Florida,Facebook,7,4300.99,0.0638
622,Smartphones,45-54,Other,California,Instagram,60,6812.64,0.0338
623,Furniture,35-44,Female,Florida,YouTube,7,4247.23,0.0722
624,Furniture,55+,Other,Texas,Facebook,60,5927.48,0.0572
625,Smartphones,55+,Other,Texas,YouTube,30,9916.55,0.0583
626,Smartphones,18-24,Female,New York,LinkedIn,7,5587.96,0.0523
627,Furniture,45-54,Female,Florida,Google Ads,14,9891.46,0.0908
628,Smartphones,18-24,Female,Florida,LinkedIn,30,7598.39,0.063
629,Furniture,25-34,Female,California,Instagram,7,1646.86,0.0409
630,Furniture,55+,Other,New York,LinkedIn,45,8061.68,0.0474
631,Books,45-54,Other,New York,Google Ads,7,2032.21,0.0654
632,Shoes,18-24,Other,Florida,Facebook,7,5557.12,0.0752
633,Furniture,18-24,Male,Illinois,YouTube,14,6325.83,0.0616
634,Laptops,25-34,Female,Florida,Facebook,30,8976.19,0.07
635,Shoes,18-24,Other,Florida,LinkedIn,45,2499.03,0.0432
636,Shoes,35-44,Other,Florida,Instagram,30,8821.45,0.0466
637,Shoes,55+,Other,Texas,LinkedIn,30,9377.69,0.0354
638,Books,18-24,Female,New York,Google Ads,45,1350.13,0.0443
639,Furniture,18-24,Female,Texas,Google Ads,45,8910.21,0.0616
640,Books,25-34,Female,Illinois,Instagram,14,2962.21,0.0531
641,Furniture,35-44,Other,California,Facebook,60,1269.51,0.0388
642,Books,18-24,Female,Illinois,Google Ads,14,9606.46,0.0798
643,Books,55+,Other,New York,Google Ads,45,4225.93,0.0612
644,Laptops,55+,Male,California,Instagram,7,6418.34,0.0524
645,Books,18-24,Female,Illinois,Facebook,7,5752.29,0.0559
646,Smartphones,35-44,Female,New York,LinkedIn,30,2525.23,0.0329
647,Laptops,55+,Other,Illinois,YouTube,30,6860.87,0.049
648,Books,55+,Female,California,Instagram,60,938.09,0.0289
649,Shoes,35-44,Female,California,Facebook,60,2429.4,0.0268
650,Smartphones,35-44,Other,Illinois,YouTube,60,9474.31,0.051
651,Smartphones,18-24,Other,Texas,Instagram,60,9558.32,0.0626
652,Smartphones,45-54,Other,Illinois,LinkedIn,7,5085.22,0.0405
653,Laptops,25-34,Male,Illinois,LinkedIn,45,2106.18,0.0395
654,Books,45-54,Other,Illinois,Facebook,60,4505.39,0.0459
655,Books,45-54,Female,Texas,Facebook,14,8832.17,0.0644
656,Shoes,55+,Male,Florida,LinkedIn,60,1167.6,0.0068
657,Shoes,35-44,Other,California,LinkedIn,7,1714.75,0.035
658,Smartphones,55+,Male,New York,Instagram,30,9008.7,0.0342
659,Shoes,25-34,Male,California,Facebook,14,4446.14,0.0584
660,Laptops,18-24,Female,California,YouTube,60,1292.86,0.0327
661,Books,25-34,Male,Florida,LinkedIn,7,1822.49,0.0486
662,Smartphones,55+,Other,California,YouTube,30,8883.26,0.0456
663,Shoes,55+,Male,California,Facebook,60,5155.98,0.0325
664,Laptops,55+,Male,Texas,Facebook,7,2048.45,0.049
665,Laptops,55+,Female,Texas,Google Ads,7,8993.57,0.0888
666,Shoes,45-54,Female,Texas,LinkedIn,45,8530.15,0.0293
667,Books,18-24,Other,Texas,Facebook,7,718.72,0.0325
668,Shoes,45-54,Female,Texas,Facebook,60,6019.41,0.0463
669,Smartphones,55+,Other,New York,LinkedIn,7,2821.2,0.0311
670,Shoes,35-44,Other,Florida,Google Ads,14,5564.79,0.0722
671,Laptops,45-54,Female,Illinois,Google Ads,7,3153.05,0.0518
672,Shoes,55+,Male,Texas,Google Ads,7,3500.82,0.0629
673,Books,55+,Female,Florida,Google Ads,14,6217.6,0.0801
674,Furniture,18-24,Male,Illinois,Instagram,60,5619.16,0.0246
675,Shoes,25-34,Male,California,LinkedIn,30,4254.33,0.0449
676,Books,45-54,Other,California,LinkedIn,45,1521.9,0.0317
677,Books,45-54,Other,Florida,LinkedIn,30,9709.53,0.0683
678,Laptops,45-54,Female,New York,Google Ads,60,2158.75,0.0489
679,Books,55+,Male,New York,Google Ads,60,6514.61,0.0675
680,Books,18-24,Female,Florida,Facebook,14,1286.08,0.0487
681,Books,55+,Other,New York,Instagram,30,7038.97,0.061
682,Books,55+,Male,New York,LinkedIn,7,1400.98,0.0384
683,Smartphones,35-44,Female,California,Instagram,14,2680.33,0.044
684,Smartphones,18-24,Female,New York,LinkedIn,14,6646.36,0.0608
685,Laptops,45-54,Other,New York,Google Ads,45,3187.88,0.063
686,Shoes,25-34,Other,Florida,Google Ads,14,5562.08,0.096
687,Books,45-54,Other,New York,LinkedIn,30,1682.8,0.03
688,Shoes,55+,Other,Texas,YouTube,60,2422.81,0.0338
689,Shoes,18-24,Female,Texas,Google Ads,45,7470.87,0.0806
690,Laptops,18-24,Other,Florida,Facebook,7,833.82,0.0394
691,Books,18-24,Other,Texas,Google Ads,30,1562.1,0.0641
692,Books,35-44,Female,California,Facebook,7,2542.08,0.0516
693,Furniture,45-54,Female,Florida,Instagram,14,691.81,0.0393
694,Shoes,35-44,Male,New York,Google Ads,30,1406.1,0.0529
695,Shoes,25-34,Female,Texas,Google Ads,45,3173.22,0.0771
696,Smartphones,55+,Male,California,Instagram,45,1382.72,0.0073
697,Furniture,35-44,Other,Florida,Facebook,7,8728.13,0.0877
698,Smartphones,35-44,Male,Florida,YouTube,60,1127.7,0.0421
699,Smartphones,55+,Male,New York,Facebook,45,8679.35,0.0422
700,Smartphones,18-24,Other,Illinois,LinkedIn,7,8317.17,0.0706
701,Laptops,55+,Other,Texas,LinkedIn,60,1457.24,0.0271
702,Laptops,45-54,Other,California,LinkedIn,30,739.32,0.0261
703,Smartphones,55+,Male,Florida,Instagram,45,974.92,0.0161
704,Furniture,18-24,Female,Texas,Facebook,45,6108.59,0.0438
705,Shoes,55+,Female,California,Google Ads,7,6868.36,0.0608
706,Furniture,35-44,Female,California,LinkedIn,45,6396.21,0.0472
707,Books,25-34,Other,Florida,Facebook,7,5644.03,0.0726
708,Laptops,35-44,Other,Texas,Google Ads,45,2159.5,0.0703
709,Shoes,25-34,Female,California,Facebook,7,8489.06,0.0718
710,Shoes,55+,Other,Florida,Instagram,45,3611.77,0.0372
711,Books,45-54,Male,Texas,LinkedIn,30,9868.69,0.0623
712,Books,55+,Male,Texas,YouTube,30,4156.15,0.0617
713,Smartphones,18-24,Other,Florida,LinkedIn,7,2998.55,0.0707
714,Laptops,55+,Female,Texas,LinkedIn,30,8995.38,0.0469
715,Laptops,25-34,Female,Illinois,Instagram,7,5890.43,0.0689
716,Furniture,35-44,Male,California,Google Ads,7,7357.58,0.0904
717,Smartphones,45-54,Other,California,LinkedIn,14,4379.79,0.0408
718,Smartphones,55+,Female,Texas,Google Ads,30,8925.7,0.0792
719,Smartphones,55+,Female,Florida,Google Ads,14,9218.39,0.0699
720,Smartphones,35-44,Other,New York,Instagram,14,4649.3,0.0562
721,Laptops,45-54,Other,Texas,LinkedIn,45,2786.88,0.0327
722,Laptops,55+,Female,New York,Instagram,7,6652.88,0.0358
723,Smartphones,55+,Other,Texas,Instagram,60,9568.55,0.0297
724,Furniture,25-34,Other,New York,YouTube,14,6413.24,0.0652
725,Shoes,25-34,Other,Texas,Instagram,45,9565.11,0.0679
726,Shoes,18-24,Female,Florida,YouTube,30,3766.18,0.0751
727,Furniture,35-44,Male,New York,Google Ads,60,9193.25,0.0842
728,Smartphones,45-54,Other,Illinois,Google Ads,7,1569.38,0.0741
729,Laptops,55+,Female,Florida,Facebook,45,3908.93,0.0433
730,Shoes,55+,Male,Texas,Facebook,60,5197.48,0.032
731,Books,18-24,Female,New York,Google Ads,7,6704.55,0.0761
732,Books,55+,Female,California,LinkedIn,7,3294.32,0.0585
733,Furniture,35-44,Female,Florida,Facebook,60,9280.27,0.0571
734,Smartphones,18-24,Male,New York,Instagram,45,9083.21,0.0736
735,Shoes,35-44,Female,Florida,Facebook,60,8093.7,0.0491
736,Smartphones,18-24,Male,New York,Google Ads,14,1586.44,0.0729
737,Shoes,55+,Other,California,LinkedIn,7,1243.76,0.0089
738,Furniture,18-24,Male,Illinois,Google Ads,30,5232.25,0.0681
739,Furniture,25-34,Female,California,LinkedIn,60,7770.77,0.0323
740,Books,45-54,Male,Texas,Facebook,60,1670.74,0.0422
741,Smartphones,55+,Female,Florida,Instagram,7,6593.66,0.0409
742,Books,45-54,Other,Illinois,Instagram,7,5514.63,0.0744
743,Smartphones,55+,Male,Florida,Google Ads,60,7396.9,0.0585
744,Books,45-54,Other,New York,LinkedIn,30,4636.06,0.0367
745,Laptops,25-34,Male,Texas,Facebook,7,7086.32,0.07
746,Laptops,45-54,Female,Texas,LinkedIn,7,2016.28,0.0471
747,Laptops,18-24,Male,Florida,LinkedIn,14,2538.65,0.0374
748,Laptops,45-54,Other,Texas,LinkedIn,45,9081.67,0.044
749,Shoes,55+,Male,Florida,Facebook,14,3629.06,0.0481
750,Laptops,35-44,Other,New York,LinkedIn,30,9862.31,0.056
751,Furniture,45-54,Other,New York,Instagram,45,938.94,0.0278
752,Furniture,45-54,Female,Florida,Google Ads,60,5210.82,0.077
753,Shoes,45-54,Male,California,YouTube,30,3587.38,0.041
754,Laptops,55+,Other,California,LinkedIn,30,9961.67,0.0404
755,Laptops,45-54,Female,New York,Instagram,14,9905.33,0.0627
756,Laptops,55+,Female,Illinois,Instagram,45,2734.81,0.0327
757,Books,55+,Female,California,Google Ads,30,3038.94,0.0716
758,Smartphones,35-44,Other,Florida,Google Ads,45,7621.89,0.0751
759,Books,18-24,Male,New York,YouTube,60,8951.91,0.0597
760,Smartphones,55+,Other,Texas,YouTube,45,6805.12,0.0423
761,Laptops,25-34,Female,Texas,YouTube,14,8714.74,0.0664
762,Laptops,45-54,Other,California,Facebook,14,1101.28,0.0356
763,Books,25-34,Other,Illinois,Facebook,30,6585.02,0.0602
764,Books,45-54,Female,California,Instagram,45,7151.62,0.0507
765,Smartphones,35-44,Male,Illinois,Google Ads,14,2308.03,0.0652
766,Furniture,55+,Female,California,LinkedIn,7,7890.72,0.0507
767,Smartphones,18-24,Female,Texas,Google Ads,14,9470.52,0.1023
768,Books,55+,Other,Illinois,Facebook,60,9030.68,0.0526
769,Books,45-54,Female,Texas,Instagram,7,2827.19,0.0611
770,Shoes,18-24,Other,Florida,LinkedIn,45,3577.93,0.0351
771,Books,55+,Female,Florida,YouTube,30,5246.31,0.0725
772,Shoes,18-24,Female,New York,YouTube,7,2004.43,0.0676
773,Furniture,45-54,Male,Texas,Facebook,14,9562.56,0.0776
774,Smartphones,35-44,Female,Texas,Instagram,30,2035.17,0.0305
775,Smartphones,35-44,Male,New York,Google Ads,30,7733.52,0.0767
776,Shoes,55+,Female,Florida,Facebook,30,3743.57,0.0341
777,Smartphones,25-34,Female,Florida,Google Ads,30,5950.35,0.0963
778,Books,45-54,Female,Illinois,LinkedIn,45,948.15,0.0313
779,Laptops,55+,Male,Illinois,Google Ads,45,2447.61,0.0461
780,Shoes,55+,Other,Florida,LinkedIn,45,4721.72,0.0161
781,Smartphones,35-44,Male,California,Instagram,14,6933.32,0.0509
782,Shoes,18-24,Female,Texas,Facebook,45,7886.84,0.0753
783,Shoes,45-54,Other,Illinois,Google Ads,30,786.33,0.0526
784,Laptops,18-24,Female,California,Instagram,7,1948.66,0.0456
785,Books,45-54,Male,Illinois,Instagram,7,7433.02,0.0667
786,Shoes,25-34,Male,New York,Google Ads,7,8224.03,0.0854
787,Smartphones,35-44,Other,Texas,YouTube,7,2747.43,0.0597
788,Furniture,25-34,Male,Illinois,YouTube,7,2681.7,0.0649
789,Shoes,55+,Female,Florida,LinkedIn,60,1336.28,0.0079
790,Shoes,35-44,Other,New York,Instagram,7,1927.79,0.0423
791,Laptops,55+,Female,New York,Facebook,7,576.15,0.0255
792,Books,25-34,Other,Florida,Facebook,7,6103.4,0.0709
793,Furniture,45-54,Other,New York,Instagram,14,9086.97,0.0694
794,Smartphones,55+,Female,Texas,YouTube,60,1920.97,0.0349
795,Furniture,18-24,Male,Illinois,Instagram,7,7638.71,0.0578
796,Smartphones,45-54,Female,New York,LinkedIn,45,5949.76,0.0145
797,Books,45-54,Male,Texas,Instagram,14,9429.26,0.0739
798,Smartphones,25-34,Male,Florida,Google Ads,60,8082.16,0.0858
799,Laptops,25-34,Female,Illinois,YouTube,45,8600.93,0.0722
800,Laptops,35-44,Other,Florida,Google Ads,45,6571.85,0.0816
801,Laptops,35-44,Female,Illinois,Google Ads,14,8207.69,0.0901
802,Laptops,18-24,Other,New York,Instagram,45,3833.26,0.0439
803,Furniture,45-54,Male,New York,Instagram,30,2485.67,0.0525
804,Books,18-24,Other,Illinois,Facebook,14,9168.94,0.067
805,Smartphones,18-24,Female,Texas,Google Ads,14,7476.19,0.0993
806,Smartphones,25-34,Other,Texas,Instagram,30,1361.68,0.0475
807,Laptops,18-24,Male,Texas,Facebook,14,8735.64,0.0676
808,Laptops,18-24,Male,California,Google Ads,45,3814.59,0.0623
809,Shoes,55+,Other,Texas,Facebook,45,3333.64,0.043
810,Books,35-44,Male,New York,YouTube,45,6421.48,0.0513
811,Furniture,35-44,Male,California,LinkedIn,30,5901.69,0.0561
812,Smartphones,45-54,Other,Texas,Google Ads,45,5613.44,0.0687
813,Shoes,35-44,Male,New York,Instagram,30,2921.33,0.0335
814,Shoes,45-54,Other,California,YouTube,30,9617.85,0.0554
815,Smartphones,55+,Other,New York,Facebook,30,9526.15,0.0511
816,Furniture,35-44,Male,Illinois,LinkedIn,14,539.54,0.0356
817,Shoes,55+,Other,New York,Google Ads,60,3709.36,0.0526
818,Shoes,35-44,Male,California,LinkedIn,30,932.71,0.0265
819,Books,35-44,Male,Texas,YouTube,45,8577.36,0.0632
820,Furniture,55+,Male,California,LinkedIn,30,8921.92,0.0421
821,Shoes,18-24,Female,Texas,Google Ads,7,5423.83,0.0964
822,Furniture,18-24,Male,Texas,YouTube,14,8476.94,0.0496
823,Smartphones,18-24,Other,Florida,Facebook,45,7181.92,0.0538
824,Laptops,18-24,Other,Illinois,Google Ads,14,5245.95,0.0763
825,Shoes,35-44,Other,Florida,LinkedIn,14,3956.21,0.055
826,Books,25-34,Female,California,Google Ads,7,3029.14,0.0692
827,Smartphones,55+,Female,Florida,YouTube,30,2964.58,0.0431
828,Furniture,25-34,Other,Texas,LinkedIn,45,5839.61,0.0469
829,Smartphones,25-34,Other,California,Facebook,60,2084.68,0.0426
830,Shoes,45-54,Female,Florida,Instagram,14,2160.52,0.0347
831,Furniture,18-24,Other,New York,Facebook,60,598.74,0.017
832,Laptops,35-44,Male,Illinois,Google Ads,60,6326.62,0.0742
833,Smartphones,18-24,Male,New York,Instagram,30,9946.27,0.0705
834,Shoes,18-24,Other,California,YouTube,60,8947.58,0.074
835,Books,25-34,Male,Florida,LinkedIn,45,7204.05,0.0411
836,Furniture,45-54,Other,Texas,LinkedIn,30,7962.49,0.0507
837,Smartphones,18-24,Female,Florida,YouTube,60,4460.1,0.0581
838,Smartphones,55+,Other,California,Google Ads,30,3331.76,0.0545
839,Laptops,55+,Female,California,Facebook,45,4001.97,0.0344
840,Laptops,18-24,Male,California,Instagram,14,1273.51,0.044
841,Books,25-34,Male,California,YouTube,7,6521.05,0.0669
842,Books,25-34,Male,Florida,Google Ads,30,2161.22,0.0595
843,Shoes,35-44,Other,New York,Google Ads,7,7747.34,0.0746
844,Shoes,45-54,Female,Texas,Instagram,14,2304.78,0.0427
845,Books,25-34,Female,Texas,YouTube,45,2667.18,0.0504
846,Books,35-44,Male,Illinois,Facebook,14,9594.4,0.0757
847,Furniture,55+,Male,California,Facebook,7,1501.26,0.0424
848,Laptops,55+,Female,California,YouTube,45,5239.0,0.0488
849,Shoes,55+,Other,California,LinkedIn,60,1095.52,0.002
850,Laptops,18-24,Male,New York,Facebook,60,1358.71,0.0297
851,Laptops,45-54,Other,California,LinkedIn,30,6518.25,0.0385
852,Books,35-44,Male,Illinois,YouTube,60,6491.91,0.0499
853,Furniture,45-54,Male,Illinois,Google Ads,7,2334.64,0.0849
854,Smartphones,18-24,Other,New York,YouTube,60,8788.62,0.0672
855,Furniture,35-44,Other,California,Google Ads,30,7170.78,0.0795
856,Furniture,35-44,Other,Florida,YouTube,45,3355.8,0.0702
857,Laptops,25-34,Other,Florida,LinkedIn,60,2859.67,0.04
858,Furniture,45-54,Female,Texas,LinkedIn,30,7665.71,0.0625
859,Shoes,45-54,Female,New York,YouTube,60,7469.43,0.0328
860,Laptops,25-34,Male,Florida,Google Ads,60,1913.9,0.0603
861,Shoes,55+,Male,Texas,YouTube,7,3817.28,0.0619
862,Smartphones,18-24,Male,Illinois,Google Ads,30,2558.43,0.0865
863,Laptops,45-54,Female,Texas,LinkedIn,30,3294.37,0.0315
864,Smartphones,25-34,Other,California,Instagram,14,3231.86,0.0571
865,Laptops,35-44,Male,California,Facebook,14,9772.23,0.0619
866,Books,25-34,Female,Illinois,LinkedIn,30,7627.01,0.0581
867,Furniture,55+,Male,New York,YouTube,7,7910.49,0.0553
868,Books,18-24,Female,California,YouTube,60,3135.52,0.0426
869,Smartphones,55+,Other,California,Google Ads,45,505.01,0.0341
870,Furniture,35-44,Female,Texas,Facebook,60,1052.49,0.0355
871,Laptops,35-44,Other,Texas,LinkedIn,45,5753.5,0.0469
872,Furniture,35-44,Male,Texas,Facebook,7,3212.07,0.0677
873,Shoes,35-44,Other,Florida,Facebook,14,2333.07,0.0358
874,Furniture,25-34,Female,Illinois,LinkedIn,30,971.59,0.0194
875,Shoes,35-44,Male,New York,Google Ads,7,8820.88,0.0774
876,Furniture,35-44,Male,Texas,Google Ads,45,6201.21,0.0785
877,Shoes,25-34,Female,New York,Google Ads,30,1520.05,0.0607
878,Smartphones,35-44,Other,Texas,Instagram,45,7780.84,0.0531
879,Books,55+,Female,California,Facebook,60,7680.34,0.0499
880,Laptops,55+,Other,New York,Instagram,60,3249.33,0.0262
881,Furniture,45-54,Other,Florida,Google Ads,60,2290.06,0.0685
882,Books,55+,Male,Texas,LinkedIn,30,8232.83,0.0634
883,Laptops,18-24,Other,Illinois,Facebook,14,3630.86,0.0476
884,Laptops,18-24,Male,California,LinkedIn,14,8550.57,0.0484
885,Shoes,18-24,Female,Texas,YouTube,45,914.69,0.0584
886,Smartphones,25-34,Female,New York,Facebook,14,5243.25,0.0553
887,Smartphones,55+,Male,Texas,LinkedIn,14,2206.16,0.0265
888,Books,18-24,Male,California,Google Ads,45,6884.43,0.0679
889,Smartphones,45-54,Other,Illinois,Instagram,45,9973.53,0.0308
890,Furniture,25-34,Male,Illinois,LinkedIn,45,4418.85,0.0345
891,Smartphones,45-54,Female,Illinois,YouTube,30,1452.95,0.0401
892,Books,55+,Male,California,Google Ads,45,3517.89,0.0687
893,Smartphones,35-44,Male,Texas,YouTube,30,8969.31,0.0649
894,Furniture,45-54,Male,California,Instagram,30,7774.73,0.0609
895,Shoes,35-44,Other,California,YouTube,30,2706.01,0.0508
896,Books,25-34,Male,Texas,LinkedIn,45,9559.19,0.054
897,Shoes,45-54,Other,Florida,LinkedIn,14,6410.79,0.0371
898,Shoes,45-54,Other,Illinois,Google Ads,14,2096.47,0.0486
899,Shoes,25-34,Male,New York,Instagram,45,5937.06,0.0541
900,Laptops,25-34,Other,New York,Instagram,14,4787.13,0.0511
901,Laptops,18-24,Male,Texas,Facebook,45,8287.13,0.0559
902,Shoes,55+,Female,New York,Facebook,30,3769.52,0.0337
903,Books,45-54,Female,Florida,LinkedIn,60,8812.29,0.0569
904,Furniture,45-54,Other,California,YouTube,7,8213.72,0.0831
905,Furniture,25-34,Female,Illinois,YouTube,45,6908.73,0.0591
906,Smartphones,25-34,Male,New York,Google Ads,30,2956.77,0.0708
907,Books,55+,Other,New York,Instagram,60,9718.13,0.0481
908,Laptops,25-34,Male,Texas,LinkedIn,30,5712.33,0.066
909,Shoes,35-44,Other,Texas,YouTube,7,9121.38,0.068
910,Smartphones,35-44,Other,California,Facebook,14,2549.43,0.0504
911,Furniture,35-44,Other,Illinois,LinkedIn,14,9842.09,0.0661
912,Laptops,35-44,Other,New York,Google Ads,30,8252.56,0.0787
913,Laptops,55+,Female,California,LinkedIn,7,9517.66,0.042
914,Shoes,45-54,Female,Illinois,YouTube,30,2517.47,0.0329
915,Furniture,35-44,Female,California,Google Ads,14,4591.25,0.0894
916,Books,25-34,Other,New York,Facebook,30,1427.52,0.0383
917,Laptops,35-44,Female,Texas,Facebook,60,1801.21,0.0511
918,Shoes,55+,Other,Texas,YouTube,7,3197.61,0.0447
919,Books,25-34,Female,Texas,Google Ads,14,9540.44,0.0868
920,Furniture,35-44,Other,Florida,Facebook,30,6838.32,0.0616
921,Laptops,45-54,Female,California,Google Ads,7,3489.01,0.0675
922,Books,25-34,Female,New York,LinkedIn,30,9568.45,0.0421
923,Books,25-34,Female,California,Instagram,14,7527.45,0.06
924,Books,45-54,Other,Texas,Instagram,7,9116.3,0.0714
925,Laptops,25-34,Other,California,Instagram,14,9308.6,0.0751
926,Laptops,35-44,Female,Illinois,Facebook,60,7632.31,0.0475
927,Smartphones,25-34,Other,California,YouTube,60,2809.77,0.0591
928,Furniture,35-44,Male,Florida,Instagram,45,9967.6,0.0605
929,Shoes,45-54,Female,Florida,YouTube,7,3588.36,0.0547
930,Books,18-24,Female,Texas,Instagram,60,6881.2,0.0391
931,Smartphones,45-54,Male,New York,LinkedIn,45,8525.71,0.0356
932,Shoes,35-44,Other,Illinois,Instagram,7,2163.93,0.0274
933,Smartphones,55+,Other,New York,YouTube,14,6285.9,0.0444
934,Laptops,45-54,Other,New York,Facebook,30,4064.14,0.0459
935,Books,55+,Female,Illinois,LinkedIn,30,2820.75,0.0549
936,Shoes,55+,Female,Florida,YouTube,14,611.83,0.0195
937,Shoes,35-44,Female,Texas,Google Ads,60,8783.75,0.07
938,Shoes,35-44,Female,California,Instagram,30,1790.87,0.0288
939,Shoes,18-24,Female,Florida,LinkedIn,14,8842.11,0.0581
940,Shoes,25-34,Other,Texas,Facebook,45,6206.56,0.0527
941,Smartphones,45-54,Male,Florida,Google Ads,45,6400.03,0.063
942,Books,35-44,Other,Illinois,Instagram,14,8372.19,0.0667
943,Laptops,45-54,Other,New York,LinkedIn,7,5339.69,0.0447
944,Laptops,55+,Female,Illinois,YouTube,60,3894.2,0.0324
945,Laptops,25-34,Male,California,Instagram,60,1818.66,0.0256
946,Laptops,18-24,Male,Illinois,LinkedIn,14,5918.95,0.0532
947,Smartphones,45-54,Other,New York,Instagram,30,5755.09,0.0391
948,Furniture,25-34,Male,Florida,LinkedIn,60,3292.02,0.0421
949,Books,18-24,Other,Texas,YouTube,60,6200.54,0.0516
950,Shoes,45-54,Other,California,Instagram,45,4673.99,0.039
951,Furniture,25-34,Other,Florida,LinkedIn,45,8152.54,0.0501
952,Laptops,35-44,Other,Texas,Google Ads,45,5815.12,0.0836
953,Furniture,45-54,Female,New York,Facebook,60,9369.95,0.0604
954,Books,25-34,Male,Illinois,LinkedIn,60,5420.84,0.0408
955,Shoes,18-24,Female,Florida,LinkedIn,60,8931.21,0.0445
956,Shoes,25-34,Female,Texas,LinkedIn,30,5444.99,0.0502
957,Books,35-44,Female,Texas,Instagram,30,5801.33,0.0534
958,Books,45-54,Other,Illinois,Facebook,30,3984.68,0.0637
959,Laptops,45-54,Other,Florida,Instagram,7,4301.61,0.0477
960,Shoes,45-54,Female,Florida,LinkedIn,60,9364.46,0.0331
961,Furniture,35-44,Female,New York,LinkedIn,60,2621.18,0.0399
962,Smartphones,18-24,Male,Florida,Facebook,14,1653.85,0.065
963,Smartphones,45-54,Female,Illinois,Google Ads,14,8387.0,0.0759
964,Books,18-24,Other,Florida,Instagram,7,5980.65,0.0642
965,Laptops,25-34,Female,New York,Google Ads,14,3204.15,0.0782
966,Smartphones,18-24,Male,Texas,LinkedIn,30,4607.8,0.0564
967,Shoes,18-24,Male,Florida,LinkedIn,7,5486.6,0.0577
968,Books,45-54,Female,Illinois,YouTube,7,6125.33,0.0757
969,Furniture,55+,Male,Florida,YouTube,7,8299.98,0.0699
970,Books,55+,Male,California,Google Ads,45,4246.35,0.0706
971,Furniture,35-44,Other,New York,YouTube,14,6926.78,0.08
972,Books,35-44,Male,Texas,Facebook,60,8430.29,0.0562
973,Books,55+,Male,California,Google Ads,45,8515.85,0.0777
974,Books,25-34,Female,Illinois,YouTube,30,2915.33,0.053
975,Furniture,45-54,Other,Florida,YouTube,45,3826.64,0.0603
976,Furniture,45-54,Male,New York,Facebook,30,6151.61,0.0542
977,Books,25-34,Female,Florida,Facebook,60,8914.84,0.0663
978,Smartphones,25-34,Female,Florida,Google Ads,60,8009.24,0.0796
979,Laptops,55+,Female,Florida,Instagram,14,6047.65,0.0546
980,Laptops,35-44,Female,Florida,Facebook,45,9845.47,0.0591
981,Laptops,25-34,Female,New York,YouTube,60,4670.38,0.0587
982,Furniture,35-44,Female,California,Google Ads,30,8503.28,0.0871
983,Furniture,18-24,Male,Illinois,Instagram,60,8274.99,0.0344
984,Smartphones,45-54,Other,California,Google Ads,14,9126.36,0.074
985,Laptops,55+,Other,New York,YouTube,30,9882.94,0.0585
986,Laptops,45-54,Female,Illinois,Instagram,7,5209.12,0.0525
987,Books,55+,Female,Texas,Instagram,14,2358.48,0.0545
988,Furniture,18-24,Other,California,Facebook,14,4878.51,0.0428
989,Laptops,45-54,Male,New York,LinkedIn,7,8611.91,0.0432
990,Smartphones,18-24,Female,New York,YouTube,60,8443.01,0.0627
991,Smartphones,55+,Other,New York,LinkedIn,14,3691.71,0.0273
992,Laptops,25-34,Other,Illinois,YouTube,7,949.41,0.0446
993,Furniture,45-54,Female,Florida,Google Ads,7,5343.5,0.0791
994,Smartphones,18-24,Other,Texas,LinkedIn,14,5003.96,0.0755
995,Books,45-54,Male,Illinois,Instagram,45,1314.76,0.0479
996,Smartphones,45-54,Other,Illinois,Facebook,14,8051.45,0.051
997,Shoes,45-54,Female,California,YouTube,45,3194.11,0.0429
998,Shoes,35-44,Female,Texas,Facebook,60,6634.64,0.0527
999,Furniture,18-24,Other,New York,YouTube,7,1464.13,0.0378
1000,Laptops,18-24,Other,Illinois,Instagram,30,8676.68,0.0579
1001,Furniture,45-54,Female,Texas,Instagram,14,7523.11,0.0723
1002,Furniture,25-34,Male,California,Instagram,30,4190.02,0.0494
1003,Furniture,45-54,Other,Florida,Instagram,60,6480.15,0.0591
1004,Furniture,35-44,Male,Texas,Instagram,14,2280.81,0.0479
1005,Books,55+,Male,New York,Facebook,30,9861.51,0.0782
1006,Books,35-44,Female,Illinois,Google Ads,60,8063.03,0.0894
1007,Smartphones,25-34,Female,Florida,LinkedIn,45,7994.93,0.0451
1008,Shoes,45-54,Female,California,Facebook,60,1957.11,0.0253
1009,Furniture,18-24,Male,New York,LinkedIn,14,668.47,0.024
1010,Smartphones,45-54,Female,Florida,Google Ads,14,6061.03,0.079
1011,Shoes,25-34,Female,California,YouTube,14,1869.15,0.0614
1012,Laptops,18-24,Male,New York,Google Ads,60,7914.12,0.0611
1013,Books,35-44,Male,Illinois,Google Ads,14,4452.72,0.0841
1014,Shoes,55+,Male,California,YouTube,60,3716.65,0.0322
1015,Laptops,55+,Male,Florida,LinkedIn,7,1199.67,0.033
1016,Shoes,45-54,Other,New York,Instagram,7,9962.62,0.0446
1017,Books,35-44,Female,Texas,YouTube,7,9582.1,0.0719
1018,Books,25-34,Other,New York,YouTube,30,1750.17,0.0459
1019,Smartphones,55+,Male,Florida,Google Ads,7,3661.71,0.0606
1020,Furniture,35-44,Male,Florida,YouTube,7,4212.48,0.0735
1021,Shoes,45-54,Male,Texas,Facebook,60,3319.61,0.0297
1022,Shoes,18-24,Male,Florida,Instagram,60,9377.45,0.0646
1023,Laptops,45-54,Male,New York,Google Ads,14,7352.75,0.0723
1024,Books,45-54,Female,California,LinkedIn,14,9581.21,0.0573
1025,Shoes,35-44,Other,New York,LinkedIn,14,8807.8,0.038
1026,Books,55+,Other,Florida,LinkedIn,60,7668.14,0.0534
1027,Shoes,35-44,Female,Texas,LinkedIn,60,7121.19,0.039
1028,Smartphones,18-24,Female,Texas,LinkedIn,7,8728.54,0.0656
1029,Furniture,35-44,Female,Illinois,Google Ads,45,6999.42,0.0909
1030,Shoes,25-34,Other,Texas,Facebook,60,2292.84,0.0398
1031,Books,45-54,Other,Texas,Facebook,45,6657.2,0.0675
1032,Smartphones,55+,Male,Florida,LinkedIn,60,5392.52,0.026
1033,Shoes,18-24,Other,California,Facebook,60,9828.0,0.0704
1034,Laptops,45-54,Other,California,Instagram,30,5344.67,0.0465
1035,Furniture,35-44,Female,Florida,Facebook,45,865.32,0.048
1036,Shoes,25-34,Other,Texas,YouTube,30,3009.8,0.067
1037,Smartphones,35-44,Male,New York,LinkedIn,7,9215.13,0.0643
1038,Laptops,45-54,Other,California,YouTube,30,9642.39,0.0681
1039,Smartphones,18-24,Female,Florida,YouTube,30,7420.74,0.0841
1040,Smartphones,55+,Female,New York,LinkedIn,7,1040.21,0.0082
1041,Laptops,45-54,Male,Texas,Google Ads,45,723.64,0.037
1042,Smartphones,18-24,Male,Florida,Facebook,14,5056.15,0.074
1043,Laptops,45-54,Other,California,Instagram,60,9996.89,0.0414
1044,Shoes,25-34,Male,New York,Google Ads,45,8758.32,0.0747
1045,Laptops,35-44,Male,New York,Instagram,7,9364.52,0.0656
1046,Laptops,55+,Female,California,LinkedIn,30,6423.64,0.0386
1047,Furniture,18-24,Female,New York,Facebook,14,8661.68,0.0426
1048,Laptops,55+,Other,California,Google Ads,30,3537.13,0.0631
1049,Laptops,55+,Other,Florida,LinkedIn,60,759.96,0.0122
1050,Shoes,55+,Other,Illinois,Google Ads,7,9223.38,0.0721
1051,Furniture,18-24,Other,Texas,YouTube,14,2575.09,0.0547
1052,Books,18-24,Female,Florida,Facebook,45,7420.62,0.0547
1053,Shoes,55+,Other,Texas,Facebook,45,6760.19,0.0402
1054,Shoes,35-44,Other,Texas,LinkedIn,7,2002.55,0.0399
1055,Books,45-54,Male,California,LinkedIn,7,2359.9,0.0541
1056,Laptops,55+,Other,Illinois,LinkedIn,30,3626.19,0.0307
1057,Smartphones,25-34,Male,Texas,Facebook,14,7690.84,0.0765
1058,Furniture,55+,Female,Texas,YouTube,60,872.82,0.0382
1059,Smartphones,18-24,Other,Florida,Facebook,7,4367.15,0.0742
1060,Books,45-54,Male,Illinois,LinkedIn,14,6818.58,0.0534
1061,Shoes,25-34,Other,Illinois,Instagram,7,2128.97,0.0489
1062,Shoes,45-54,Male,Texas,YouTube,7,1634.46,0.0551
1063,Furniture,45-54,Other,Illinois,Facebook,45,4207.02,0.0516
1064,Shoes,25-34,Female,Florida,Instagram,14,3222.31,0.0475
1065,Shoes,55+,Female,California,YouTube,45,6666.41,0.0421
1066,Furniture,55+,Male,Texas,Facebook,45,9710.9,0.0671
1067,Furniture,55+,Male,New York,LinkedIn,14,542.45,0.0341
1068,Books,35-44,Female,Texas,Facebook,45,9072.61,0.055
1069,Shoes,55+,Other,Texas,YouTube,30,4615.62,0.0524
1070,Shoes,25-34,Male,California,LinkedIn,60,6808.07,0.0542
1071,Books,35-44,Female,New York,Google Ads,60,8584.76,0.0686
1072,Laptops,55+,Male,New York,Instagram,30,5947.86,0.0397
1073,Laptops,35-44,Female,New York,LinkedIn,7,1424.46,0.0313
1074,Laptops,25-34,Female,California,LinkedIn,45,1835.65,0.0445
1075,Books,55+,Male,Illinois,YouTube,60,7998.16,0.0559
1076,Shoes,18-24,Male,New York,YouTube,14,2676.43,0.0644
1077,Books,25-34,Female,Illinois,Instagram,7,5905.86,0.0641
1078,Books,45-54,Other,Florida,YouTube,60,4566.76,0.054
1079,Laptops,45-54,Female,California,LinkedIn,45,3384.57,0.0236
1080,Smartphones,25-34,Other,Illinois,Instagram,60,7976.19,0.0575
1081,Shoes,45-54,Other,New York,Instagram,45,7446.56,0.052
1082,Laptops,25-34,Other,New York,Facebook,7,6638.03,0.0653
1083,Smartphones,18-24,Male,Illinois,LinkedIn,30,4040.38,0.055
1084,Smartphones,25-34,Female,Illinois,LinkedIn,45,2651.47,0.0353
1085,Furniture,55+,Female,Florida,YouTube,45,5401.0,0.0621
1086,Shoes,55+,Other,California,LinkedIn,7,8262.49,0.0428
1087,Smartphones,35-44,Other,Texas,YouTube,7,5968.82,0.0649
1088,Laptops,45-54,Other,Florida,LinkedIn,14,9716.33,0.058
1089,Furniture,45-54,Female,Florida,Facebook,7,646.66,0.0467
1090,Shoes,25-34,Other,Florida,LinkedIn,60,9984.29,0.0403
1091,Books,45-54,Female,New York,Facebook,45,7068.39,0.0588
1092,Laptops,55+,Female,Illinois,LinkedIn,30,8410.4,0.0534
1093,Smartphones,18-24,Male,California,LinkedIn,7,3682.05,0.0508
1094,Smartphones,25-34,Other,New York,Google Ads,45,5329.24,0.0777
1095,Laptops,45-54,Other,Florida,LinkedIn,30,8071.4,0.0563
1096,Smartphones,55+,Other,California,Facebook,14,7726.17,0.0443
1097,Furniture,35-44,Male,New York,Instagram,60,3673.33,0.0371
1098,Shoes,45-54,Other,Texas,Facebook,14,3581.9,0.0452
1099,Furniture,18-24,Female,Florida,LinkedIn,7,6796.71,0.049
1100,Smartphones,18-24,Other,New York,YouTube,60,9369.76,0.0688
1101,Books,45-54,Female,New York,Google Ads,14,4668.47,0.0803
1102,Shoes,45-54,Female,Florida,YouTube,45,3852.95,0.0376
1103,Shoes,55+,Female,Texas,Google Ads,7,8999.53,0.073
1104,Laptops,45-54,Female,Illinois,Google Ads,14,6989.03,0.081
1105,Laptops,35-44,Other,Texas,YouTube,60,4188.62,0.0579
1106,Books,55+,Male,Florida,LinkedIn,60,1044.12,0.0275
1107,Shoes,25-34,Male,Illinois,Facebook,30,7354.15,0.066
1108,Books,35-44,Female,New York,YouTube,60,3852.42,0.0532
1109,Laptops,55+,Other,Texas,Instagram,60,1170.38,0.0263
1110,Laptops,55+,Male,Texas,Google Ads,7,6316.75,0.0734
1111,Shoes,18-24,Other,Illinois,Facebook,60,3568.57,0.0516
1112,Furniture,55+,Male,New York,Instagram,30,3715.34,0.0571
1113,Smartphones,35-44,Female,Texas,Facebook,60,5052.12,0.0481
1114,Laptops,45-54,Female,Illinois,LinkedIn,30,7316.01,0.0437
1115,Laptops,35-44,Female,Texas,Instagram,45,3125.14,0.0398
1116,Furniture,25-34,Male,New York,YouTube,30,1268.99,0.0364
1117,Furniture,55+,Other,New York,Facebook,7,4532.04,0.0524
1118,Books,55+,Female,California,YouTube,14,1021.79,0.0551
1119,Books,55+,Other,Illinois,YouTube,14,7124.05,0.0728
1120,Smartphones,55+,Other,Florida,Facebook,45,9612.81,0.045
1121,Smartphones,18-24,Female,Texas,Facebook,7,6758.21,0.0714
1122,Shoes,18-24,Male,New York,Google Ads,45,3116.21,0.0831
1123,Books,45-54,Female,Texas,Google Ads,45,2226.17,0.0638
1124,Laptops,55+,Female,Texas,Instagram,60,2711.44,0.0308
1125,Books,25-34,Male,Florida,Instagram,60,2605.3,0.0358
1126,Laptops,45-54,Other,New York,Instagram,7,3481.39,0.0444
1127,Furniture,55+,Male,California,Google Ads,14,1424.79,0.0582
1128,Books,18-24,Male,Illinois,YouTube,30,9009.33,0.0656
1129,Furniture,25-34,Female,Texas,LinkedIn,60,8908.64,0.0383
1130,Smartphones,45-54,Male,Florida,LinkedIn,7,6344.74,0.0471
1131,Smartphones,25-34,Male,Florida,Facebook,7,1088.24,0.0549
1132,Shoes,55+,Male,Illinois,Google Ads,14,8138.01,0.0723
1133,Books,35-44,Other,Illinois,Facebook,7,1086.99,0.052
1134,Furniture,25-34,Other,New York,LinkedIn,7,1511.0,0.0313
1135,Laptops,25-34,Female,Texas,Facebook,14,3590.32,0.0651
1136,Smartphones,18-24,Female,Texas,Google Ads,60,4598.97,0.0795
1137,Smartphones,55+,Other,Illinois,Google Ads,14,3861.95,0.0676
1138,Laptops,25-34,Male,California,Google Ads,45,2069.68,0.0624
1139,Furniture,55+,Female,Texas,LinkedIn,60,1565.23,0.0261
1140,Furniture,18-24,Female,Florida,Google Ads,45,8664.44,0.0608
1141,Books,55+,Male,Illinois,Instagram,7,3950.22,0.0563
1142,Books,18-24,Male,Texas,Instagram,45,2576.69,0.0509
1143,Shoes,18-24,Male,New York,Google Ads,14,5126.42,0.0909
1144,Smartphones,45-54,Male,Illinois,Instagram,14,849.82,0.0296
1145,Books,55+,Male,Florida,Google Ads,30,6202.67,0.0824
1146,Furniture,35-44,Other,New York,LinkedIn,7,2860.65,0.0559
1147,Laptops,45-54,Male,Illinois,Instagram,14,6182.87,0.0509
1148,Furniture,18-24,Female,Illinois,LinkedIn,60,6334.19,0.0247
1149,Smartphones,35-44,Other,Texas,Instagram,14,8187.63,0.0748
1150,Furniture,25-34,Female,New York,YouTube,60,2684.1,0.0356
1151,Shoes,25-34,Male,Illinois,YouTube,7,4902.91,0.0734
1152,Smartphones,45-54,Female,Florida,LinkedIn,30,9637.93,0.0464
1153,Laptops,35-44,Male,New York,Instagram,30,7407.69,0.0606
1154,Shoes,55+,Female,Texas,YouTube,45,9765.77,0.0494
1155,Smartphones,35-44,Female,California,Google Ads,14,9309.97,0.0777
1156,Laptops,45-54,Male,Illinois,Facebook,7,6302.11,0.0605
1157,Shoes,55+,Female,California,YouTube,45,3007.34,0.0295
1158,Shoes,55+,Other,Illinois,YouTube,7,7690.78,0.0416
1159,Smartphones,25-34,Female,Texas,Google Ads,7,7132.13,0.0897
1160,Books,35-44,Other,Texas,YouTube,45,6094.46,0.0614
1161,Shoes,55+,Other,Texas,YouTube,7,7129.38,0.0502
1162,Shoes,45-54,Female,Texas,YouTube,45,6329.07,0.0506
1163,Laptops,25-34,Other,New York,Instagram,14,5434.1,0.0551
1164,Furniture,55+,Other,New York,YouTube,45,4451.58,0.0523
1165,Smartphones,35-44,Female,Illinois,Facebook,14,924.73,0.0537
1166,Smartphones,25-34,Male,New York,Instagram,30,8724.04,0.0708
1167,Books,35-44,Male,Illinois,Instagram,45,8722.64,0.0602
1168,Books,35-44,Other,New York,LinkedIn,30,6143.45,0.057
1169,Smartphones,35-44,Other,New York,YouTube,45,3044.9,0.046
1170,Books,25-34,Male,New York,Facebook,7,767.24,0.0399
1171,Laptops,55+,Other,Florida,Facebook,30,513.57,0.021
1172,Smartphones,18-24,Male,Texas,LinkedIn,60,1192.62,0.0467
1173,Books,55+,Female,Florida,Facebook,60,3918.92,0.0641
1174,Smartphones,25-34,Other,New York,Instagram,60,2289.76,0.0462
1175,Furniture,18-24,Female,New York,Google Ads,30,3018.05,0.0586
1176,Shoes,18-24,Male,Florida,Instagram,14,7146.77,0.0575
1177,Smartphones,18-24,Male,Illinois,Google Ads,45,9611.92,0.1069
1178,Shoes,45-54,Female,Texas,Facebook,7,2464.37,0.0421
1179,Books,25-34,Other,Illinois,YouTube,7,4923.62,0.0804
1180,Shoes,45-54,Female,Texas,Google Ads,30,9919.05,0.0834
1181,Smartphones,18-24,Female,California,Instagram,60,9350.91,0.0674
1182,Furniture,45-54,Other,Texas,Instagram,7,3847.0,0.0604
1183,Books,45-54,Male,Illinois,Instagram,7,3537.05,0.0584
1184,Smartphones,25-34,Female,Texas,Instagram,14,2800.62,0.0478
1185,Books,35-44,Female,California,LinkedIn,7,1976.33,0.0452
1186,Laptops,45-54,Male,California,Facebook,7,4870.49,0.0378
1187,Shoes,45-54,Female,New York,YouTube,45,3740.64,0.0368
1188,Laptops,18-24,Male,California,LinkedIn,7,7575.96,0.0617
1189,Smartphones,18-24,Other,Florida,Facebook,45,2750.23,0.0647
1190,Furniture,18-24,Male,Illinois,Google Ads,60,7495.16,0.0468
1191,Books,55+,Male,Florida,LinkedIn,14,3237.39,0.0437
1192,Shoes,45-54,Female,Florida,LinkedIn,7,6130.92,0.0392
1193,Books,18-24,Male,Illinois,LinkedIn,14,6565.09,0.0484
1194,Smartphones,25-34,Male,Florida,LinkedIn,14,6881.92,0.0677
1195,Books,55+,Female,Florida,Google Ads,14,2165.72,0.0813
1196,Shoes,35-44,Male,Florida,Instagram,30,3185.76,0.0363
1197,Smartphones,45-54,Female,California,LinkedIn,45,2838.1,0.0254
1198,Books,45-54,Other,Illinois,Facebook,14,5973.52,0.0691
1199,Furniture,25-34,Male,Illinois,Instagram,60,1219.59,0.0312
1200,Smartphones,35-44,Other,Illinois,Google Ads,7,5423.44,0.0942
1201,Smartphones,35-44,Male,Florida,YouTube,14,1330.94,0.0558
1202,Furniture,55+,Male,California,Google Ads,14,3702.03,0.0781
1203,Laptops,45-54,Other,Illinois,YouTube,7,7023.71,0.0777
1204,Shoes,18-24,Other,Texas,Facebook,60,4419.36,0.0648
1205,Laptops,25-34,Female,Illinois,YouTube,14,3163.25,0.0622
1206,Books,25-34,Female,New York,LinkedIn,14,6350.64,0.056
1207,Furniture,25-34,Other,Texas,Instagram,60,7532.56,0.0467
1208,Laptops,25-34,Male,Illinois,Instagram,14,2918.56,0.0498
1209,Smartphones,18-24,Female,Florida,LinkedIn,60,3344.3,0.0433
1210,Books,18-24,Male,Illinois,Instagram,14,6582.79,0.0623
1211,Books,55+,Female,California,Google Ads,7,9669.62,0.0952
1212,Laptops,45-54,Female,California,LinkedIn,60,2531.78,0.0291
1213,Laptops,18-24,Female,Illinois,LinkedIn,7,6715.35,0.0577
1214,Furniture,55+,Other,Florida,Instagram,7,9112.6,0.0678
1215,Shoes,35-44,Male,Florida,YouTube,14,4888.68,0.0623
1216,Laptops,45-54,Other,Florida,Facebook,60,3510.02,0.0447
1217,Laptops,18-24,Female,Illinois,YouTube,30,6835.28,0.0608
1218,Smartphones,35-44,Other,Illinois,Google Ads,7,798.6,0.0538
1219,Books,55+,Other,New York,LinkedIn,7,3921.53,0.0477
1220,Shoes,18-24,Other,California,LinkedIn,7,2950.75,0.0568
1221,Smartphones,18-24,Male,Texas,Google Ads,14,2633.91,0.0838
1222,Furniture,35-44,Other,Texas,Facebook,14,2207.71,0.0727
1223,Furniture,18-24,Other,California,LinkedIn,7,7502.1,0.0389
1224,Laptops,25-34,Other,New York,YouTube,14,9573.45,0.0763
1225,Laptops,18-24,Other,California,Google Ads,14,4155.32,0.0699
1226,Furniture,45-54,Other,New York,LinkedIn,14,966.48,0.0415
1227,Laptops,35-44,Other,New York,YouTube,45,7329.66,0.0552
1228,Shoes,45-54,Other,Florida,Google Ads,60,5612.94,0.0604
1229,Laptops,55+,Female,California,Google Ads,14,7374.62,0.0677
1230,Books,45-54,Other,Texas,Google Ads,45,6655.09,0.081
1231,Laptops,25-34,Other,Illinois,Facebook,45,9101.64,0.0671
1232,Smartphones,25-34,Male,Illinois,Google Ads,14,1834.18,0.0693
1233,Shoes,45-54,Female,California,Instagram,45,2107.04,0.0137
1234,Smartphones,55+,Other,Illinois,Instagram,30,3744.91,0.0268
1235,Smartphones,18-24,Male,New York,Google Ads,45,5168.19,0.0876
1236,Books,25-34,Other,Illinois,LinkedIn,60,9294.28,0.047
1237,Shoes,45-54,Other,New York,Instagram,45,9116.16,0.0378
1238,Shoes,45-54,Other,New York,YouTube,14,8782.79,0.0683
1239,Shoes,45-54,Other,Texas,YouTube,7,2614.01,0.057
1240,Shoes,18-24,Other,Illinois,LinkedIn,30,7431.93,0.0677
1241,Shoes,35-44,Male,Texas,YouTube,45,4143.17,0.0464
1242,Books,55+,Other,Illinois,LinkedIn,30,9346.24,0.0645
1243,Laptops,35-44,Male,New York,YouTube,60,2538.09,0.0488
1244,Smartphones,55+,Other,Illinois,Google Ads,45,1841.95,0.0401
1245,Shoes,55+,Male,Texas,YouTube,45,8502.66,0.0487
1246,Laptops,45-54,Female,Florida,Google Ads,30,7310.62,0.071
1247,Laptops,25-34,Other,Texas,YouTube,45,8303.51,0.0668
1248,Smartphones,45-54,Female,Florida,YouTube,45,2000.46,0.0323
1249,Books,18-24,Female,California,YouTube,7,8905.53,0.0722
1250,Furniture,55+,Female,Texas,Google Ads,30,6937.39,0.0802
1251,Furniture,25-34,Other,Illinois,YouTube,14,6689.83,0.0605
1252,Laptops,55+,Female,Florida,YouTube,14,6034.55,0.062
1253,Smartphones,55+,Male,Illinois,Facebook,60,7766.33,0.0365
1254,Furniture,45-54,Other,Florida,Google Ads,7,4448.28,0.0934
1255,Laptops,25-34,Female,Texas,Instagram,30,1761.8,0.0496
1256,Books,25-34,Other,Texas,LinkedIn,30,5623.02,0.0394
1257,Furniture,55+,Female,Illinois,Facebook,7,7606.97,0.0625
1258,Laptops,25-34,Male,Texas,YouTube,7,1959.65,0.0576
1259,Laptops,25-34,Other,Illinois,Instagram,60,2628.2,0.0465
1260,Shoes,45-54,Other,New York,Instagram,14,7117.18,0.0514
1261,Books,35-44,Female,Florida,YouTube,30,3061.68,0.0499
1262,Shoes,18-24,Male,Illinois,YouTube,7,2114.44,0.0685
1263,Smartphones,35-44,Other,Florida,Facebook,30,8949.22,0.0687
1264,Shoes,25-34,Female,New York,Google Ads,14,2028.51,0.0607
1265,Shoes,55+,Male,Florida,Facebook,30,3769.41,0.0348
1266,Furniture,18-24,Male,Illinois,Google Ads,30,4570.09,0.0576
1267,Laptops,18-24,Male,Texas,Instagram,7,5023.33,0.0659
1268,Books,55+,Male,Florida,LinkedIn,7,3932.44,0.0589
1269,Shoes,18-24,Other,Florida,YouTube,7,9169.12,0.0923
1270,Books,55+,Other,New York,Facebook,14,6756.94,0.0689
1271,Shoes,18-24,Male,California,Instagram,45,3915.2,0.0519
1272,Smartphones,35-44,Female,Texas,Facebook,14,3898.34,0.0657
1273,Shoes,18-24,Female,Illinois,Google Ads,7,5278.05,0.089
1274,Furniture,45-54,Male,New York,YouTube,60,819.8,0.0228
1275,Laptops,55+,Male,Illinois,Google Ads,30,9303.11,0.0614
1276,Smartphones,18-24,Female,Illinois,Google Ads,30,2621.44,0.0809
1277,Shoes,55+,Male,Florida,Google Ads,30,7127.13,0.0629
1278,Books,45-54,Male,New York,Instagram,30,7888.37,0.0549
1279,Smartphones,18-24,Other,New York,YouTube,60,8360.14,0.0713
1280,Smartphones,18-24,Other,Texas,LinkedIn,7,2073.6,0.0642
1281,Shoes,45-54,Male,California,Facebook,45,5598.58,0.04
1282,Smartphones,45-54,Male,Illinois,Google Ads,30,1294.91,0.0551
1283,Books,45-54,Other,Texas,YouTube,45,8145.53,0.0623
1284,Smartphones,55+,Male,Texas,Facebook,14,5121.29,0.0418
1285,Books,45-54,Other,Illinois,YouTube,14,2005.65,0.0632
1286,Shoes,55+,Other,Florida,Facebook,30,7327.45,0.0459
1287,Laptops,35-44,Female,Florida,YouTube,7,3646.11,0.0717
1288,Smartphones,18-24,Other,Illinois,LinkedIn,60,1587.81,0.0431
1289,Laptops,18-24,Female,New York,YouTube,30,4880.2,0.0584
1290,Books,25-34,Female,California,YouTube,14,2734.84,0.0645
1291,Smartphones,35-44,Other,Florida,Google Ads,14,9527.11,0.0833
1292,Furniture,45-54,Male,California,Google Ads,45,3932.94,0.0663
1293,Laptops,45-54,Other,Texas,Google Ads,60,5938.3,0.0566
1294,Smartphones,35-44,Female,Texas,YouTube,30,9509.43,0.073
1295,Laptops,45-54,Other,Illinois,LinkedIn,7,4240.35,0.0411
1296,Smartphones,25-34,Other,Illinois,Facebook,45,3902.21,0.0637
1297,Shoes,55+,Female,Illinois,Google Ads,60,2042.85,0.0431
1298,Laptops,18-24,Other,Florida,Instagram,45,9413.88,0.0556
1299,Furniture,35-44,Other,California,YouTube,7,8107.08,0.0709
1300,Furniture,18-24,Female,Texas,LinkedIn,14,2599.6,0.0326
1301,Books,55+,Male,California,LinkedIn,30,3660.41,0.0438
1302,Smartphones,35-44,Female,Florida,Google Ads,30,9191.66,0.0837
1303,Laptops,55+,Female,California,Google Ads,7,5604.16,0.0724
1304,Books,45-54,Other,California,Instagram,30,5785.18,0.056
1305,Laptops,45-54,Female,Illinois,Instagram,30,6657.37,0.046
1306,Smartphones,45-54,Other,California,Google Ads,45,7740.56,0.0663
1307,Furniture,55+,Other,California,Facebook,7,9423.21,0.0701
1308,Shoes,55+,Other,California,Google Ads,45,8121.14,0.0599
1309,Furniture,55+,Female,New York,Google Ads,30,9378.22,0.0831
1310,Books,18-24,Female,Texas,LinkedIn,60,8295.79,0.0456
1311,Shoes,55+,Other,Texas,Google Ads,60,941.12,0.035
1312,Books,45-54,Male,California,Google Ads,45,1616.58,0.0577
1313,Smartphones,25-34,Male,Illinois,Google Ads,14,8906.48,0.107
1314,Shoes,55+,Female,Illinois,Facebook,14,763.12,0.0335
1315,Books,25-34,Other,Illinois,LinkedIn,7,8044.66,0.0559
1316,Smartphones,45-54,Other,Texas,YouTube,60,8573.52,0.0558
1317,Furniture,55+,Female,Florida,YouTube,60,4446.91,0.0482
1318,Smartphones,18-24,Male,California,YouTube,45,3871.12,0.0614
1319,Laptops,18-24,Female,Texas,YouTube,30,2346.84,0.047
1320,Smartphones,25-34,Female,Illinois,LinkedIn,7,964.73,0.0445
1321,Smartphones,18-24,Other,Texas,Google Ads,45,7581.14,0.0937
1322,Laptops,18-24,Female,Texas,YouTube,14,1200.41,0.0591
1323,Books,18-24,Male,Texas,Google Ads,30,9474.36,0.0792
1324,Books,45-54,Female,Illinois,YouTube,7,3319.06,0.0722
1325,Smartphones,18-24,Other,Florida,Facebook,30,8045.32,0.0803
1326,Laptops,35-44,Male,New York,Google Ads,14,1066.99,0.0795
1327,Laptops,55+,Other,California,LinkedIn,45,5594.65,0.0392
1328,Furniture,18-24,Female,California,Facebook,45,3816.45,0.0378
1329,Books,18-24,Female,Texas,Facebook,60,785.01,0.0332
1330,Shoes,18-24,Female,Florida,LinkedIn,45,6730.09,0.0531
1331,Books,35-44,Other,Illinois,Facebook,60,9460.05,0.0587
1332,Books,18-24,Female,New York,Google Ads,45,602.15,0.0589
1333,Furniture,18-24,Male,New York,Instagram,7,3069.15,0.036
1334,Shoes,55+,Male,Texas,Instagram,14,7184.25,0.0411
1335,Furniture,35-44,Other,Texas,YouTube,30,8776.91,0.0795
1336,Shoes,35-44,Other,Illinois,YouTube,14,2312.4,0.0444
1337,Smartphones,18-24,Other,Illinois,Google Ads,14,1171.81,0.0733
1338,Shoes,35-44,Female,Illinois,LinkedIn,60,582.09,0.015
1339,Furniture,25-34,Male,Texas,Google Ads,60,2544.46,0.0642
1340,Books,35-44,Male,Florida,YouTube,7,1177.51,0.0514
1341,Shoes,35-44,Male,Texas,Facebook,30,3914.13,0.0445
1342,Shoes,35-44,Other,Texas,Google Ads,45,4681.19,0.0576
1343,Laptops,45-54,Other,New York,Google Ads,45,5059.28,0.0633
1344,Books,45-54,Female,Illinois,LinkedIn,14,1852.13,0.0306
1345,Smartphones,45-54,Other,California,YouTube,7,4907.89,0.0514
1346,Furniture,35-44,Male,Illinois,Google Ads,30,585.99,0.0645
1347,Smartphones,25-34,Female,Florida,Facebook,45,2774.5,0.0439
1348,Books,35-44,Other,Florida,Facebook,14,4006.32,0.0541
1349,Shoes,18-24,Other,Illinois,Instagram,7,1624.34,0.0575
1350,Shoes,25-34,Male,Illinois,YouTube,30,8233.04,0.0695
1351,Books,45-54,Female,Texas,Facebook,14,2411.52,0.0559
1352,Shoes,55+,Other,California,LinkedIn,14,7671.45,0.0365
1353,Shoes,25-34,Other,Texas,YouTube,7,5001.98,0.0624
1354,Shoes,45-54,Female,New York,Facebook,7,5057.56,0.0498
1355,Furniture,25-34,Female,New York,Google Ads,7,6629.35,0.0769
1356,Furniture,25-34,Other,Florida,YouTube,7,920.64,0.0469
1357,Laptops,35-44,Other,Florida,Facebook,30,1248.21,0.0357
1358,Smartphones,18-24,Male,California,Google Ads,7,3605.01,0.0861
1359,Books,55+,Female,Florida,Instagram,7,4459.81,0.0672
1360,Books,45-54,Other,New York,YouTube,7,4584.44,0.0673
1361,Books,25-34,Other,California,YouTube,30,6930.43,0.0626
1362,Laptops,55+,Other,New York,Facebook,45,506.7,0.0165
1363,Furniture,25-34,Other,Illinois,Instagram,14,9611.5,0.0613
1364,Laptops,18-24,Male,Illinois,LinkedIn,60,2157.63,0.0215
1365,Books,55+,Female,California,Facebook,14,2862.0,0.0555
1366,Smartphones,45-54,Other,Texas,Facebook,30,9103.46,0.051
1367,Shoes,25-34,Female,Florida,LinkedIn,7,552.17,0.0307
1368,Furniture,18-24,Female,California,LinkedIn,30,9917.41,0.0386
1369,Furniture,55+,Other,Florida,LinkedIn,45,841.59,0.0169
1370,Laptops,25-34,Other,New York,LinkedIn,60,1645.18,0.0318
1371,Furniture,25-34,Other,Texas,LinkedIn,45,2781.01,0.038
1372,Books,45-54,Male,Florida,Google Ads,7,4667.86,0.0824
1373,Books,18-24,Other,Illinois,Google Ads,30,5425.29,0.0778
1374,Laptops,35-44,Female,Illinois,LinkedIn,30,1494.83,0.0331
1375,Books,25-34,Female,New York,Instagram,7,1199.9,0.0367
1376,Smartphones,55+,Male,California,Instagram,7,802.66,0.0144
1377,Laptops,45-54,Other,Florida,LinkedIn,60,2939.13,0.0292
1378,Smartphones,45-54,Other,New York,Google Ads,45,9254.56,0.0597
1379,Shoes,25-34,Male,Illinois,Instagram,7,4203.5,0.0547
1380,Smartphones,25-34,Male,Illinois,Google Ads,7,7758.07,0.0933
1381,Shoes,25-34,Other,Illinois,Facebook,45,2306.79,0.0464
1382,Shoes,35-44,Other,Texas,Google Ads,7,1114.45,0.0693
1383,Smartphones,25-34,Female,Texas,LinkedIn,60,5765.66,0.0544
1384,Laptops,18-24,Other,Illinois,YouTube,60,8309.88,0.0626
1385,Books,55+,Other,California,LinkedIn,45,9035.37,0.0502
1386,Books,25-34,Female,Texas,Facebook,14,5688.94,0.0598
1387,Shoes,35-44,Female,Florida,Google Ads,60,3293.31,0.0583
1388,Shoes,55+,Female,Texas,Instagram,30,1540.36,0.0223
1389,Laptops,45-54,Female,Florida,LinkedIn,30,6844.32,0.0422
1390,Furniture,25-34,Male,Texas,Instagram,14,3164.15,0.0501
1391,Smartphones,55+,Female,Illinois,Google Ads,60,8517.64,0.0523
1392,Shoes,45-54,Male,Florida,Facebook,7,6248.65,0.0482
1393,Books,35-44,Female,California,LinkedIn,14,8659.35,0.0601
1394,Laptops,18-24,Female,Texas,Instagram,7,5883.2,0.0531
1395,Smartphones,25-34,Female,Texas,LinkedIn,30,7831.55,0.0538
1396,Laptops,18-24,Other,Illinois,LinkedIn,14,3295.9,0.0516
1397,Smartphones,35-44,Male,Florida,Instagram,60,5279.06,0.0424
1398,Smartphones,55+,Female,Illinois,Facebook,30,684.36,0.0291
1399,Shoes,55+,Other,Florida,LinkedIn,60,6274.4,0.0189
1400,Laptops,35-44,Male,Texas,Facebook,7,5570.52,0.0681
1401,Laptops,35-44,Male,Texas,Facebook,60,7675.18,0.063
1402,Books,25-34,Other,Texas,Google Ads,14,7425.08,0.08
1403,Books,45-54,Male,Texas,Instagram,7,6462.36,0.0765
1404,Shoes,18-24,Other,New York,Google Ads,14,1038.51,0.0702
1405,Shoes,18-24,Female,Texas,YouTube,7,9078.59,0.0907
1406,Furniture,55+,Other,Texas,Google Ads,14,671.18,0.0587
1407,Books,55+,Male,Florida,LinkedIn,30,8131.04,0.0675
1408,Smartphones,25-34,Male,Texas,LinkedIn,14,5053.79,0.0606
1409,Laptops,35-44,Female,Texas,LinkedIn,30,8270.94,0.0693
1410,Shoes,18-24,Other,Florida,YouTube,45,4918.16,0.0778
1411,Laptops,25-34,Female,Texas,Facebook,60,6645.91,0.0636
1412,Laptops,55+,Other,Texas,LinkedIn,7,3951.02,0.034
1413,Furniture,55+,Other,Illinois,Google Ads,60,7564.95,0.0726
1414,Books,18-24,Other,New York,Facebook,30,2914.67,0.0398
1415,Shoes,55+,Female,Florida,Google Ads,30,7333.88,0.0654
1416,Laptops,55+,Female,Illinois,Google Ads,30,2337.14,0.0573
1417,Shoes,45-54,Male,California,LinkedIn,14,7360.59,0.0329
1418,Smartphones,35-44,Female,California,Google Ads,60,3289.88,0.0565
1419,Furniture,55+,Other,New York,YouTube,30,3147.0,0.0519
1420,Smartphones,45-54,Other,California,Facebook,45,8209.19,0.0378
1421,Shoes,25-34,Other,New York,LinkedIn,30,8230.08,0.0565
1422,Shoes,55+,Female,California,LinkedIn,60,7068.32,0.0236
1423,Books,25-34,Male,California,Google Ads,30,9277.13,0.0841
1424,Laptops,55+,Female,Illinois,Google Ads,30,1983.84,0.0578
1425,Laptops,18-24,Male,California,Instagram,7,3058.55,0.0387
1426,Smartphones,45-54,Female,New York,Instagram,30,3293.13,0.029
1427,Furniture,45-54,Other,Texas,LinkedIn,60,3400.22,0.0507
1428,Laptops,18-24,Male,Texas,LinkedIn,7,3616.3,0.0534
1429,Books,35-44,Female,Texas,Google Ads,7,7121.59,0.0789
1430,Smartphones,45-54,Other,New York,YouTube,30,3072.2,0.0451
1431,Smartphones,25-34,Male,New York,YouTube,30,3216.26,0.0557
1432,Books,45-54,Male,Texas,Google Ads,45,5918.94,0.0663
1433,Furniture,35-44,Other,California,Instagram,60,2336.91,0.0509
1434,Books,25-34,Other,Texas,Instagram,60,3966.43,0.044
1435,Furniture,25-34,Female,Florida,YouTube,14,1050.43,0.0509
1436,Books,18-24,Female,New York,LinkedIn,14,9549.2,0.042
1437,Books,55+,Other,Florida,Google Ads,60,3514.42,0.0643
1438,Shoes,18-24,Female,Florida,LinkedIn,30,8575.4,0.0557
1439,Smartphones,55+,Other,New York,Instagram,7,5534.48,0.0481
1440,Books,18-24,Other,Texas,YouTube,45,2668.02,0.0382
1441,Books,55+,Female,Illinois,LinkedIn,30,2337.56,0.0521
1442,Laptops,45-54,Female,Florida,Instagram,7,7102.13,0.0537
1443,Smartphones,25-34,Male,Texas,Instagram,60,9666.25,0.0548
1444,Laptops,55+,Male,Illinois,Instagram,30,2239.16,0.0327
1445,Smartphones,45-54,Female,Florida,LinkedIn,45,1596.5,0.0171
1446,Laptops,35-44,Female,Texas,Facebook,14,4177.44,0.0632
1447,Books,18-24,Female,Florida,YouTube,7,4241.2,0.0573
1448,Books,35-44,Male,Texas,Instagram,30,8159.4,0.0597
1449,Shoes,45-54,Female,California,LinkedIn,45,4954.45,0.0213
1450,Laptops,35-44,Male,California,Google Ads,30,1093.38,0.0661
1451,Furniture,35-44,Male,New York,YouTube,60,9246.34,0.0687
1452,Shoes,45-54,Male,Illinois,Google Ads,7,4045.28,0.0675
1453,Laptops,25-34,Male,Florida,Google Ads,60,6851.05,0.0852
1454,Laptops,55+,Other,Florida,LinkedIn,60,6841.14,0.0345
1455,Shoes,18-24,Female,Texas,Facebook,14,1035.25,0.0586
1456,Books,55+,Female,Illinois,LinkedIn,60,534.24,0.0233
1457,Laptops,18-24,Other,Florida,LinkedIn,45,1336.35,0.0254
1458,Books,55+,Female,Illinois,YouTube,7,9587.05,0.0761
1459,Shoes,35-44,Male,Illinois,LinkedIn,14,8042.93,0.0493
1460,Books,25-34,Other,California,YouTube,30,1754.12,0.0529
1461,Smartphones,35-44,Male,Florida,Instagram,60,6341.26,0.0504
1462,Furniture,25-34,Other,Florida,YouTube,30,6313.75,0.0668
1463,Laptops,45-54,Male,New York,LinkedIn,14,505.31,0.0157
1464,Furniture,18-24,Female,Illinois,Instagram,30,4576.11,0.0378
1465,Books,18-24,Female,Texas,Instagram,45,7261.87,0.048
1466,Laptops,45-54,Female,California,Facebook,14,2274.53,0.0442
1467,Books,55+,Other,New York,LinkedIn,7,8583.59,0.0633
1468,Smartphones,45-54,Female,California,Google Ads,7,6772.9,0.0641
1469,Shoes,45-54,Other,Texas,LinkedIn,7,565.78,0.0225
1470,Laptops,25-34,Male,New York,Google Ads,7,8621.68,0.0914
1471,Smartphones,45-54,Female,California,Facebook,14,684.3,0.0339
1472,Smartphones,18-24,Male,Texas,LinkedIn,14,8935.32,0.0686
1473,Laptops,35-44,Female,New York,Facebook,14,3670.33,0.0558
1474,Books,25-34,Male,Texas,Google Ads,60,7137.18,0.0744
1475,Smartphones,25-34,Other,New York,YouTube,14,7980.59,0.0722
1476,Furniture,55+,Female,Florida,LinkedIn,14,3172.05,0.0424
1477,Smartphones,35-44,Other,Florida,Instagram,14,3886.15,0.0493
1478,Books,25-34,Other,California,Instagram,7,5340.65,0.0544
1479,Books,45-54,Male,Illinois,Facebook,45,6035.57,0.0676
1480,Furniture,25-34,Female,Illinois,YouTube,7,3274.4,0.0591
1481,Smartphones,25-34,Other,Texas,Instagram,45,9927.76,0.0692
1482,Books,25-34,Male,New York,Instagram,45,7501.54,0.05
1483,Laptops,55+,Male,Florida,LinkedIn,45,3104.44,0.0257
1484,Shoes,25-34,Male,Illinois,Instagram,7,6584.11,0.0645
1485,Shoes,25-34,Female,Florida,Google Ads,60,4636.03,0.0769
1486,Shoes,55+,Female,Texas,Facebook,30,8673.12,0.047
1487,Smartphones,35-44,Male,Texas,Instagram,60,3625.03,0.0395
1488,Furniture,18-24,Female,New York,LinkedIn,7,2284.61,0.0216
1489,Books,55+,Male,Illinois,Google Ads,45,938.29,0.0551
1490,Laptops,55+,Female,Texas,Instagram,30,9850.94,0.0582
1491,Laptops,25-34,Female,Texas,Facebook,60,3912.61,0.0497
1492,Smartphones,25-34,Male,Florida,Facebook,14,2594.93,0.0703
1493,Shoes,18-24,Male,California,Facebook,60,5171.8,0.058
1494,Smartphones,25-34,Female,Illinois,Instagram,7,3270.57,0.0691
1495,Furniture,45-54,Male,New York,Google Ads,30,2712.55,0.0697
1496,Furniture,25-34,Male,New York,YouTube,14,6355.65,0.0581
1497,Books,25-34,Male,Florida,Facebook,30,1211.06,0.0489
1498,Books,45-54,Male,New York,Google Ads,30,5335.43,0.0731
1499,Furniture,18-24,Female,Texas,LinkedIn,60,4180.6,0.0288
1500,Furniture,45-54,Other,Illinois,LinkedIn,45,5559.03,0.0516
1501,Furniture,55+,Female,New York,Google Ads,60,3544.19,0.0691
1502,Smartphones,45-54,Male,Illinois,LinkedIn,14,5918.05,0.0348
1503,Furniture,35-44,Male,New York,LinkedIn,7,1277.28,0.0476
1504,Laptops,55+,Female,California,Facebook,60,4073.51,0.0274
1505,Shoes,25-34,Male,California,Instagram,45,2756.24,0.028
1506,Furniture,55+,Female,Illinois,Instagram,45,4661.85,0.0525
1507,Shoes,18-24,Other,California,Instagram,60,4284.19,0.0513
1508,Smartphones,18-24,Male,California,Instagram,14,6496.24,0.0755
1509,Shoes,45-54,Other,Texas,Google Ads,45,6473.2,0.0645
1510,Smartphones,55+,Other,New York,Facebook,45,4426.97,0.0306
1511,Laptops,25-34,Male,California,Google Ads,14,2225.42,0.082
1512,Smartphones,18-24,Male,Illinois,LinkedIn,14,6028.18,0.0656
1513,Smartphones,25-34,Female,Texas,Facebook,14,9681.9,0.0739
1514,Books,35-44,Female,California,YouTube,14,2261.71,0.0546
1515,Furniture,18-24,Male,Illinois,Instagram,60,1156.06,0.0148
1516,Furniture,45-54,Female,New York,LinkedIn,60,3013.33,0.0175
1517,Laptops,35-44,Other,California,Instagram,30,4422.74,0.0542
1518,Laptops,55+,Other,Illinois,Instagram,30,3408.79,0.0455
1519,Furniture,25-34,Male,Illinois,Instagram,30,8429.74,0.0557
1520,Books,18-24,Female,Florida,YouTube,45,5183.76,0.0528
1521,Furniture,35-44,Male,Illinois,LinkedIn,14,2838.21,0.0527
1522,Books,35-44,Other,Florida,Instagram,60,9526.89,0.0665
1523,Laptops,18-24,Male,New York,Instagram,60,1688.1,0.0327
1524,Shoes,55+,Male,New York,Facebook,14,1667.66,0.0296
1525,Laptops,55+,Male,Texas,Instagram,30,2830.21,0.035
1526,Laptops,45-54,Male,Florida,Facebook,45,1229.34,0.0286
1527,Smartphones,55+,Other,Illinois,LinkedIn,60,7640.7,0.0264
1528,Smartphones,45-54,Male,Texas,LinkedIn,7,3471.7,0.0385
1529,Smartphones,35-44,Male,Texas,LinkedIn,45,7433.46,0.0341
1530,Smartphones,18-24,Female,New York,Facebook,45,7746.01,0.0628
1531,Books,55+,Male,Illinois,YouTube,30,2756.43,0.0671
1532,Furniture,45-54,Female,Florida,YouTube,14,5424.45,0.0721
1533,Shoes,35-44,Male,New York,Instagram,7,5436.13,0.0347
1534,Laptops,55+,Female,Texas,LinkedIn,30,8777.96,0.0531
1535,Books,25-34,Male,California,Google Ads,14,743.49,0.053
1536,Shoes,35-44,Female,Texas,Instagram,7,3509.6,0.0466
1537,Books,55+,Male,California,YouTube,60,8883.65,0.0695
1538,Books,35-44,Male,New York,YouTube,7,2749.63,0.0544
1539,Laptops,18-24,Female,Florida,LinkedIn,30,1800.36,0.0242
1540,Furniture,18-24,Male,Illinois,Facebook,7,5973.32,0.0478
1541,Smartphones,18-24,Male,California,Instagram,7,3405.83,0.0689
1542,Furniture,25-34,Male,Illinois,Facebook,7,4939.3,0.0555
1543,Laptops,18-24,Male,New York,YouTube,60,8290.12,0.0555
1544,Laptops,25-34,Other,New York,LinkedIn,14,5446.62,0.0456
1545,Laptops,18-24,Male,New York,YouTube,7,5400.95,0.0583
1546,Shoes,35-44,Other,Florida,LinkedIn,45,3142.74,0.0298
1547,Furniture,55+,Other,California,Google Ads,30,8032.22,0.0813
1548,Furniture,55+,Male,Illinois,Facebook,45,7528.24,0.0564
1549,Books,18-24,Female,Texas,Instagram,14,2724.14,0.0531
1550,Books,55+,Female,New York,LinkedIn,30,3540.04,0.0537
1551,Books,18-24,Male,Illinois,Google Ads,14,7991.97,0.0856
1552,Laptops,18-24,Other,Illinois,Google Ads,30,3898.32,0.0623
1553,Furniture,45-54,Female,Florida,Facebook,45,4333.82,0.0556
1554,Laptops,45-54,Male,California,LinkedIn,45,3961.92,0.0365
1555,Shoes,45-54,Male,Florida,Instagram,60,2035.51,0.0239
1556,Books,25-34,Other,Florida,Instagram,14,3738.52,0.0446
1557,Laptops,45-54,Female,Illinois,Instagram,45,8127.89,0.0465
1558,Laptops,18-24,Male,California,YouTube,30,5165.22,0.0444
1559,Shoes,35-44,Female,California,YouTube,7,4853.07,0.0554
1560,Smartphones,45-54,Male,California,LinkedIn,7,1985.34,0.0235
1561,Furniture,45-54,Male,New York,Instagram,7,2186.91,0.0494
1562,Smartphones,35-44,Male,California,Google Ads,60,908.03,0.0532
1563,Books,18-24,Other,Illinois,Instagram,45,632.58,0.0177
1564,Laptops,25-34,Other,New York,LinkedIn,14,5136.13,0.0477
1565,Shoes,45-54,Other,Texas,Instagram,14,4387.71,0.0373
1566,Shoes,35-44,Female,Florida,Facebook,60,3116.09,0.0443
1567,Furniture,18-24,Other,California,Instagram,30,9905.44,0.0478
1568,Smartphones,55+,Other,Texas,Google Ads,45,4280.96,0.0573
1569,Furniture,25-34,Female,California,LinkedIn,45,7994.05,0.0434
1570,Laptops,35-44,Female,Florida,LinkedIn,30,2500.18,0.0359
1571,Furniture,35-44,Female,Illinois,Google Ads,30,2846.89,0.0776
1572,Shoes,35-44,Female,Illinois,LinkedIn,45,5899.72,0.0301
1573,Shoes,45-54,Other,Florida,Instagram,45,538.27,0.0191
1574,Books,55+,Other,Texas,LinkedIn,7,665.54,0.0384
1575,Books,25-34,Female,New York,Instagram,14,1851.08,0.0387
1576,Laptops,18-24,Other,New York,LinkedIn,7,2619.65,0.0405
1577,Smartphones,18-24,Male,California,Instagram,7,5514.57,0.0736
1578,Furniture,55+,Other,Florida,Instagram,14,7019.18,0.0724
1579,Laptops,35-44,Male,Florida,Google Ads,60,3462.85,0.0723
1580,Books,35-44,Female,New York,Google Ads,60,2771.17,0.0733
1581,Furniture,35-44,Female,Texas,YouTube,60,8316.71,0.0705
1582,Books,35-44,Other,Florida,Google Ads,60,2046.38,0.0724
1583,Furniture,35-44,Female,Illinois,Instagram,30,6944.1,0.0662
1584,Smartphones,55+,Other,Illinois,Instagram,7,9347.64,0.0505
1585,Laptops,45-54,Other,Florida,LinkedIn,30,2706.0,0.0349
1586,Furniture,25-34,Other,Texas,LinkedIn,30,1326.17,0.0332
1587,Shoes,35-44,Other,Illinois,YouTube,14,9807.71,0.0695
1588,Shoes,45-54,Male,Texas,Instagram,60,3072.35,0.0202
1589,Furniture,18-24,Male,New York,YouTube,45,3118.8,0.0368
1590,Furniture,55+,Female,California,Instagram,60,5095.84,0.0325
1591,Furniture,45-54,Male,New York,Google Ads,7,2695.05,0.0808
1592,Shoes,35-44,Female,California,LinkedIn,30,9932.29,0.0477
1593,Shoes,35-44,Female,Illinois,YouTube,7,908.18,0.0529
1594,Furniture,35-44,Other,California,Facebook,30,4788.99,0.054
1595,Books,45-54,Other,California,Instagram,30,5709.29,0.0483
1596,Books,35-44,Other,Florida,Google Ads,30,4936.03,0.0852
1597,Smartphones,45-54,Other,California,Facebook,45,5444.97,0.0325
1598,Laptops,35-44,Other,Florida,Google Ads,60,9882.0,0.0745
1599,Books,18-24,Other,California,Google Ads,30,8830.57,0.0758
1600,Shoes,18-24,Male,Florida,Instagram,14,3430.21,0.0651
1601,Books,25-34,Female,Illinois,Google Ads,30,5739.03,0.0772
1602,Smartphones,35-44,Female,Illinois,YouTube,60,502.95,0.035
1603,Smartphones,35-44,Other,California,Facebook,60,4390.91,0.0439
1604,Laptops,45-54,Male,Texas,Google Ads,45,2056.81,0.059
1605,Books,45-54,Other,Illinois,Google Ads,30,7257.93,0.0834
1606,Shoes,35-44,Male,New York,LinkedIn,14,2600.35,0.0321
1607,Shoes,25-34,Male,New York,LinkedIn,45,7614.51,0.0472
1608,Furniture,35-44,Female,Florida,YouTube,45,3475.02,0.0545
1609,Shoes,45-54,Female,Texas,LinkedIn,30,9295.37,0.0468
1610,Laptops,35-44,Male,Florida,Google Ads,30,4731.46,0.0863
1611,Laptops,45-54,Female,California,Google Ads,45,8475.42,0.0741
1612,Shoes,35-44,Male,Illinois,Facebook,45,6467.58,0.0513
1613,Shoes,55+,Male,Texas,LinkedIn,45,9785.28,0.0292
1614,Furniture,45-54,Male,Florida,Instagram,7,7555.87,0.0619
1615,Shoes,25-34,Female,Florida,LinkedIn,45,7413.18,0.0566
1616,Furniture,55+,Other,New York,Google Ads,60,3016.23,0.0587
1617,Furniture,35-44,Female,California,Facebook,14,5296.17,0.0653
1618,Shoes,45-54,Other,Florida,LinkedIn,14,3256.08,0.0351
1619,Smartphones,55+,Female,New York,Facebook,30,683.29,0.0194
1620,Smartphones,25-34,Female,Texas,LinkedIn,45,7250.56,0.0592
1621,Furniture,45-54,Other,Florida,YouTube,14,2740.45,0.0655
1622,Shoes,55+,Male,New York,Google Ads,14,4274.58,0.0464
1623,Smartphones,55+,Other,California,Google Ads,60,3204.07,0.0473
1624,Shoes,55+,Male,Illinois,Instagram,60,2396.54,0.0237
1625,Shoes,18-24,Male,Texas,Google Ads,7,1137.63,0.0722
1626,Shoes,35-44,Female,Florida,Instagram,7,3709.95,0.043
1627,Books,45-54,Female,New York,Google Ads,14,1276.58,0.0714
1628,Shoes,45-54,Female,Florida,LinkedIn,30,5633.03,0.0428
1629,Books,45-54,Female,Illinois,LinkedIn,14,686.43,0.0189
1630,Furniture,55+,Female,Florida,YouTube,30,9430.19,0.073
1631,Smartphones,35-44,Other,Florida,LinkedIn,14,9681.51,0.0554
1632,Smartphones,25-34,Other,New York,Facebook,60,3394.21,0.0482
1633,Smartphones,45-54,Other,Illinois,LinkedIn,45,2971.85,0.0259
1634,Smartphones,35-44,Other,Texas,Instagram,14,1491.85,0.0388
1635,Smartphones,35-44,Female,New York,YouTube,7,9096.73,0.0726
1636,Smartphones,18-24,Other,Illinois,Facebook,30,6075.21,0.0668
1637,Smartphones,45-54,Other,Illinois,Facebook,30,6296.19,0.0519
1638,Furniture,55+,Male,Florida,Google Ads,14,9010.64,0.0936
1639,Shoes,35-44,Female,California,Instagram,30,9152.47,0.0448
1640,Laptops,35-44,Other,California,LinkedIn,7,8369.25,0.0526
1641,Books,25-34,Other,Texas,LinkedIn,60,7847.69,0.0453
1642,Laptops,18-24,Other,Florida,Google Ads,45,8833.79,0.0888
1643,Laptops,35-44,Female,California,LinkedIn,45,8821.72,0.0453
1644,Shoes,35-44,Other,New York,Facebook,30,4002.13,0.0407
1645,Shoes,55+,Male,Texas,LinkedIn,14,9747.22,0.0447
1646,Shoes,55+,Female,Florida,LinkedIn,30,7236.76,0.039
1647,Smartphones,25-34,Male,New York,Facebook,7,4016.99,0.0661
1648,Furniture,25-34,Female,California,Instagram,14,4699.47,0.0501
1649,Smartphones,25-34,Other,California,Instagram,60,7027.75,0.0514
1650,Furniture,55+,Female,California,Facebook,7,3930.44,0.0567
1651,Furniture,55+,Female,California,Facebook,60,8352.3,0.0312
1652,Laptops,18-24,Female,Illinois,YouTube,14,1906.6,0.0657
1653,Laptops,45-54,Male,Texas,YouTube,60,9122.15,0.0574
1654,Furniture,45-54,Female,Texas,LinkedIn,7,3361.38,0.055
1655,Furniture,18-24,Other,California,LinkedIn,7,1950.77,0.0341
1656,Smartphones,45-54,Female,Texas,YouTube,30,8651.23,0.0549
1657,Smartphones,55+,Female,New York,LinkedIn,14,2774.9,0.0372
1658,Laptops,45-54,Other,New York,Instagram,45,8512.26,0.0518
1659,Shoes,55+,Other,Texas,Instagram,45,3314.51,0.032
1660,Furniture,18-24,Male,California,Google Ads,60,9371.71,0.0597
1661,Smartphones,25-34,Other,Florida,YouTube,45,2581.24,0.0546
1662,Laptops,18-24,Other,California,Instagram,45,1161.67,0.0207
1663,Smartphones,45-54,Other,Illinois,Google Ads,7,9397.05,0.071
1664,Furniture,55+,Female,Florida,Facebook,7,2073.44,0.0596
1665,Furniture,45-54,Male,Illinois,Instagram,7,9469.26,0.0656
1666,Books,45-54,Other,Texas,Google Ads,45,8327.78,0.0732
1667,Shoes,25-34,Other,Illinois,LinkedIn,60,1278.29,0.0271
1668,Books,45-54,Other,Texas,Google Ads,14,4728.78,0.0875
1669,Laptops,25-34,Female,Illinois,Instagram,30,1197.3,0.0438
1670,Smartphones,55+,Female,Florida,LinkedIn,60,3632.97,0.0232
1671,Laptops,55+,Male,Illinois,LinkedIn,7,3839.28,0.0443
1672,Furniture,25-34,Male,California,Google Ads,60,6196.52,0.0681
1673,Books,18-24,Female,Texas,Google Ads,14,9771.01,0.0839
1674,Books,55+,Other,New York,Instagram,7,2112.75,0.048
1675,Books,18-24,Other,Illinois,LinkedIn,14,3626.93,0.0456
1676,Laptops,55+,Male,Texas,YouTube,30,6077.47,0.0566
1677,Furniture,55+,Other,New York,Google Ads,60,2128.5,0.0499
1678,Smartphones,35-44,Female,Texas,YouTube,30,7251.74,0.0729
1679,Smartphones,45-54,Male,Texas,YouTube,45,4334.77,0.0488
1680,Laptops,45-54,Female,New York,LinkedIn,60,9520.94,0.0419
1681,Books,18-24,Female,New York,Instagram,45,6483.77,0.0416
1682,Shoes,45-54,Other,Florida,YouTube,14,3949.27,0.0587
1683,Laptops,18-24,Female,Illinois,Instagram,45,7334.99,0.043
1684,Laptops,55+,Female,Illinois,Google Ads,14,8468.17,0.0851
1685,Furniture,35-44,Other,Texas,LinkedIn,30,8104.56,0.0489
1686,Smartphones,35-44,Female,California,Facebook,7,2996.26,0.0415
1687,Laptops,55+,Other,California,LinkedIn,30,4461.34,0.0319
1688,Laptops,25-34,Female,Texas,Facebook,45,4795.69,0.0552
1689,Books,25-34,Other,Florida,Google Ads,14,4189.64,0.0767
1690,Books,45-54,Other,New York,Instagram,45,3453.2,0.0415
1691,Shoes,18-24,Male,Texas,Google Ads,7,7651.1,0.0948
1692,Furniture,35-44,Female,Illinois,LinkedIn,60,616.13,0.0287
1693,Shoes,45-54,Female,California,Facebook,60,3288.67,0.0272
1694,Books,55+,Male,California,Facebook,60,1845.36,0.045
1695,Smartphones,35-44,Other,California,LinkedIn,45,1723.31,0.0253
1696,Books,18-24,Other,Florida,LinkedIn,60,3131.11,0.0274
1697,Furniture,18-24,Male,Illinois,Google Ads,14,7740.45,0.0726
1698,Books,25-34,Male,Florida,YouTube,7,9709.51,0.0655
1699,Furniture,45-54,Other,New York,Facebook,30,5388.88,0.043
1700,Furniture,55+,Other,Texas,LinkedIn,14,3720.23,0.0378
1701,Furniture,35-44,Male,Texas,Google Ads,7,8377.12,0.0946
1702,Furniture,18-24,Female,California,YouTube,30,1137.48,0.0296
1703,Furniture,35-44,Other,California,Instagram,60,1385.1,0.0202
1704,Smartphones,55+,Male,New York,LinkedIn,30,3780.98,0.0224
1705,Shoes,35-44,Female,Florida,YouTube,45,4759.88,0.0502
1706,Laptops,45-54,Female,Illinois,Instagram,45,8079.46,0.0505
1707,Shoes,25-34,Female,New York,Instagram,60,9290.01,0.0413
1708,Furniture,35-44,Female,Texas,Google Ads,60,5547.13,0.0941
1709,Smartphones,25-34,Male,Texas,Facebook,14,5208.62,0.0693
1710,Books,55+,Other,Florida,LinkedIn,14,2523.6,0.0419
1711,Smartphones,25-34,Female,New York,YouTube,45,4786.22,0.0622
1712,Furniture,35-44,Female,Illinois,Instagram,7,9274.62,0.0819
1713,Smartphones,35-44,Male,New York,Facebook,14,4232.55,0.044
1714,Smartphones,18-24,Female,New York,Instagram,7,2501.48,0.0519
1715,Furniture,35-44,Male,Florida,LinkedIn,45,3704.3,0.0468
1716,Smartphones,25-34,Male,Illinois,LinkedIn,14,5388.65,0.0573
1717,Laptops,18-24,Other,Texas,Google Ads,7,6186.56,0.0892
1718,Laptops,35-44,Female,California,LinkedIn,7,4608.08,0.0593
1719,Smartphones,35-44,Other,Illinois,LinkedIn,14,7706.09,0.0565
1720,Books,55+,Male,Texas,LinkedIn,60,6052.31,0.0391
1721,Furniture,18-24,Female,Florida,Facebook,30,6817.96,0.0379
1722,Laptops,55+,Male,Illinois,YouTube,60,8697.73,0.0451
1723,Books,55+,Male,Illinois,YouTube,30,8724.04,0.0781
1724,Smartphones,55+,Male,Texas,LinkedIn,7,2433.33,0.0322
1725,Books,45-54,Female,Texas,YouTube,14,6421.78,0.0812
1726,Shoes,55+,Male,New York,LinkedIn,45,7308.09,0.0298
1727,Laptops,25-34,Male,New York,YouTube,14,1885.6,0.0536
1728,Smartphones,35-44,Female,Illinois,YouTube,60,8506.31,0.0564
1729,Furniture,45-54,Other,California,Instagram,30,2214.46,0.0372
1730,Smartphones,55+,Male,Florida,Facebook,14,8093.15,0.0542
1731,Furniture,35-44,Other,Texas,Instagram,30,2033.92,0.0484
1732,Smartphones,18-24,Other,New York,Instagram,60,7546.9,0.0675
1733,Books,18-24,Other,Florida,YouTube,60,1907.41,0.0446
1734,Books,35-44,Other,Illinois,Google Ads,14,4098.88,0.09
1735,Books,25-34,Other,Texas,Google Ads,45,1863.4,0.0651
1736,Shoes,35-44,Other,Texas,Facebook,45,3071.79,0.0439
1737,Furniture,35-44,Female,New York,LinkedIn,30,9852.89,0.0569
1738,Books,45-54,Female,California,YouTube,14,1522.92,0.0512
1739,Shoes,18-24,Other,Texas,Facebook,7,4361.42,0.0713
1740,Furniture,18-24,Female,California,Instagram,60,6930.73,0.0351
1741,Smartphones,55+,Female,Florida,YouTube,30,1398.69,0.0257
1742,Shoes,35-44,Other,Texas,Instagram,60,1535.81,0.0285
1743,Laptops,35-44,Other,Texas,Facebook,30,1861.0,0.0403
1744,Shoes,25-34,Male,California,Google Ads,14,6627.37,0.0853
1745,Shoes,18-24,Female,New York,Facebook,30,9138.7,0.0683
1746,Furniture,25-34,Other,Illinois,YouTube,30,8346.9,0.0679
1747,Smartphones,45-54,Female,Florida,YouTube,7,9839.02,0.0622
1748,Laptops,55+,Female,Texas,LinkedIn,30,5992.31,0.0373
1749,Books,25-34,Female,New York,Google Ads,45,9634.03,0.0797
1750,Books,18-24,Male,Texas,YouTube,30,3396.87,0.0551
1751,Shoes,45-54,Other,Florida,Google Ads,30,4504.29,0.0727
1752,Furniture,35-44,Female,Illinois,YouTube,14,4262.39,0.0679
1753,Furniture,45-54,Other,Texas,Google Ads,30,949.9,0.0635
1754,Books,25-34,Female,California,Facebook,7,8382.2,0.0711
1755,Laptops,18-24,Other,New York,Google Ads,14,734.82,0.0561
1756,Smartphones,25-34,Other,Illinois,Instagram,60,7433.82,0.0544
1757,Laptops,35-44,Other,Texas,Facebook,45,4367.12,0.0576
1758,Smartphones,35-44,Female,Illinois,YouTube,45,559.35,0.0351
1759,Books,18-24,Male,California,YouTube,60,3254.5,0.0395
1760,Smartphones,55+,Other,Texas,LinkedIn,30,3788.21,0.0233
1761,Furniture,45-54,Male,Illinois,Instagram,7,9664.67,0.0796
1762,Shoes,45-54,Other,Texas,LinkedIn,7,6780.25,0.0431
1763,Shoes,35-44,Male,Texas,Facebook,7,5663.93,0.0545
1764,Books,25-34,Other,Illinois,LinkedIn,7,1706.98,0.0375
1765,Furniture,25-34,Male,Texas,Facebook,30,4215.49,0.0548
1766,Laptops,55+,Other,California,LinkedIn,60,839.76,0.0164
1767,Furniture,25-34,Other,Illinois,Google Ads,60,7736.01,0.0694
1768,Shoes,45-54,Male,Illinois,Facebook,45,2046.38,0.0242
1769,Shoes,25-34,Other,California,Facebook,60,6147.14,0.0621
1770,Furniture,55+,Female,California,Google Ads,7,7144.22,0.0825
1771,Furniture,45-54,Other,California,Google Ads,30,3981.84,0.0744
1772,Shoes,25-34,Other,Texas,Instagram,14,6509.63,0.0652
1773,Laptops,45-54,Female,Texas,Google Ads,14,7760.21,0.0745
1774,Books,35-44,Female,Florida,LinkedIn,7,2249.18,0.0455
1775,Books,35-44,Female,Texas,Google Ads,45,6208.17,0.082
1776,Furniture,35-44,Male,California,Google Ads,14,7471.89,0.0958
1777,Books,25-34,Female,Florida,Facebook,7,3891.96,0.0574
1778,Shoes,55+,Male,California,Facebook,30,2043.67,0.0273
1779,Shoes,45-54,Female,New York,Google Ads,14,3218.1,0.0662
1780,Furniture,18-24,Male,Illinois,Instagram,7,9364.21,0.0493
1781,Furniture,35-44,Female,New York,Facebook,14,3895.76,0.0651
1782,Furniture,35-44,Female,California,LinkedIn,30,1523.16,0.0401
1783,Laptops,18-24,Other,Texas,LinkedIn,60,1285.9,0.0217
1784,Books,18-24,Female,Illinois,Google Ads,60,2214.7,0.0489
1785,Furniture,25-34,Other,Texas,Google Ads,30,1711.37,0.0699
1786,Smartphones,45-54,Female,Texas,Instagram,30,5202.91,0.0281
1787,Smartphones,35-44,Female,Illinois,Google Ads,60,3801.74,0.058
1788,Shoes,55+,Other,Illinois,YouTube,30,8493.35,0.0427
1789,Books,25-34,Other,New York,YouTube,30,8870.25,0.071
1790,Furniture,25-34,Male,California,Google Ads,30,4996.15,0.0778
1791,Smartphones,55+,Other,Texas,YouTube,60,8941.01,0.0419
1792,Books,55+,Male,California,LinkedIn,60,4779.39,0.0562
1793,Shoes,55+,Female,California,Google Ads,14,6598.64,0.0712
1794,Laptops,18-24,Other,Florida,LinkedIn,60,2044.08,0.0308
1795,Books,35-44,Other,New York,LinkedIn,14,999.53,0.0413
1796,Books,18-24,Female,Texas,YouTube,60,2020.81,0.0377
1797,Laptops,35-44,Female,Illinois,Instagram,45,2892.53,0.0442
1798,Books,18-24,Female,Illinois,LinkedIn,14,7634.33,0.0525
1799,Shoes,45-54,Female,California,YouTube,30,2148.3,0.0325
1800,Shoes,35-44,Other,New York,Instagram,45,1741.22,0.0202
1801,Laptops,25-34,Female,New York,YouTube,60,9312.29,0.0581
1802,Furniture,35-44,Female,Texas,YouTube,60,7043.62,0.0661
1803,Smartphones,35-44,Other,Texas,Google Ads,45,4996.4,0.0737
1804,Furniture,35-44,Male,California,Facebook,7,1402.2,0.0506
1805,Books,45-54,Other,California,Instagram,30,8592.01,0.0494
1806,Smartphones,18-24,Male,California,YouTube,14,1528.46,0.0664
1807,Laptops,25-34,Female,Florida,LinkedIn,45,6304.94,0.0593
1808,Laptops,18-24,Other,New York,LinkedIn,14,6842.93,0.0454
1809,Smartphones,18-24,Female,California,Facebook,60,4301.32,0.0664
1810,Shoes,55+,Other,New York,Instagram,7,9156.56,0.051
1811,Smartphones,45-54,Male,Illinois,Google Ads,7,981.66,0.0486
1812,Books,55+,Other,Illinois,Instagram,14,8272.11,0.0639
1813,Shoes,45-54,Female,New York,LinkedIn,60,5761.05,0.022
1814,Laptops,18-24,Other,Illinois,LinkedIn,7,6306.44,0.0521
1815,Smartphones,18-24,Female,Illinois,Google Ads,30,9874.84,0.0824
1816,Furniture,45-54,Other,Illinois,Google Ads,60,6035.15,0.0709
1817,Furniture,18-24,Male,Texas,LinkedIn,45,8071.77,0.0294
1818,Books,18-24,Other,Texas,YouTube,45,1958.54,0.0564
1819,Furniture,25-34,Other,New York,YouTube,45,8188.25,0.0592
1820,Smartphones,55+,Other,New York,Google Ads,30,7730.19,0.0561
1821,Smartphones,55+,Other,Florida,YouTube,60,9697.05,0.0446
1822,Furniture,55+,Male,Texas,Google Ads,14,9389.25,0.0909
1823,Smartphones,35-44,Female,New York,Instagram,14,2532.87,0.041
1824,Books,25-34,Other,Texas,Instagram,60,4916.86,0.0425
1825,Shoes,55+,Other,Florida,Instagram,30,9159.09,0.0417
1826,Books,55+,Other,New York,Google Ads,60,6587.27,0.0763
1827,Books,25-34,Male,New York,Google Ads,14,4905.15,0.0671
1828,Smartphones,18-24,Female,New York,YouTube,60,1534.92,0.0456
1829,Shoes,55+,Female,New York,YouTube,45,3841.7,0.0293
1830,Smartphones,18-24,Other,California,YouTube,60,6819.78,0.0612
1831,Laptops,55+,Other,Texas,Facebook,7,7880.69,0.053
1832,Smartphones,45-54,Female,Texas,Google Ads,60,4748.09,0.0639
1833,Smartphones,35-44,Other,Texas,Instagram,14,1030.52,0.0467
1834,Smartphones,55+,Other,Florida,Instagram,14,6515.14,0.0464
1835,Shoes,45-54,Other,California,Facebook,14,9255.07,0.0525
1836,Smartphones,25-34,Male,Texas,Facebook,45,5215.9,0.0574
1837,Shoes,45-54,Male,Texas,Instagram,14,9320.03,0.0408
1838,Furniture,25-34,Female,New York,Google Ads,7,3863.96,0.0733
1839,Laptops,55+,Male,New York,Instagram,60,8920.47,0.04
1840,Shoes,25-34,Male,New York,Instagram,30,7970.23,0.0542
1841,Furniture,45-54,Female,Texas,Facebook,14,9636.54,0.0682
1842,Shoes,35-44,Male,New York,Facebook,60,8014.7,0.0362
1843,Shoes,18-24,Female,Texas,YouTube,45,3554.06,0.0681
1844,Laptops,18-24,Other,Florida,Facebook,60,9055.39,0.0569
1845,Books,35-44,Female,Florida,Instagram,14,6862.45,0.0706
1846,Books,18-24,Female,Illinois,YouTube,14,2039.66,0.0463
1847,Shoes,55+,Female,California,Instagram,14,936.67,0.0191
1848,Smartphones,55+,Other,New York,Google Ads,7,3975.53,0.0589
1849,Furniture,45-54,Other,New York,Google Ads,60,7975.21,0.0725
1850,Smartphones,45-54,Other,California,Facebook,30,6373.04,0.0496
1851,Smartphones,25-34,Female,California,YouTube,7,5507.71,0.08
1852,Shoes,45-54,Female,Illinois,LinkedIn,30,535.41,0.0069
1853,Shoes,55+,Female,California,Google Ads,14,4637.26,0.056
1854,Shoes,45-54,Female,Texas,Google Ads,30,1998.37,0.0629
1855,Shoes,18-24,Female,New York,Google Ads,30,4818.39,0.0852
1856,Books,25-34,Female,California,Google Ads,7,9921.82,0.0865
1857,Shoes,25-34,Female,Texas,Facebook,7,8855.62,0.0754
1858,Books,55+,Male,California,YouTube,60,3450.99,0.0559
1859,Books,45-54,Other,Texas,Google Ads,30,6138.32,0.0854
1860,Shoes,18-24,Male,Florida,Facebook,7,5269.9,0.0763
1861,Laptops,45-54,Other,Texas,YouTube,60,1735.45,0.0402
1862,Furniture,35-44,Female,Illinois,YouTube,30,9903.16,0.0851
1863,Smartphones,45-54,Male,Texas,LinkedIn,30,4539.16,0.0339
1864,Books,55+,Female,California,Instagram,14,5303.76,0.0594
1865,Furniture,45-54,Male,Florida,Google Ads,7,6652.19,0.1011
1866,Laptops,25-34,Male,Florida,Facebook,45,2319.67,0.0526
1867,Smartphones,18-24,Female,Texas,YouTube,7,2611.15,0.0749
1868,Smartphones,55+,Male,California,LinkedIn,14,2329.31,0.0252
1869,Books,35-44,Male,Florida,Instagram,60,4152.42,0.0474
1870,Shoes,18-24,Other,Texas,YouTube,7,2396.93,0.068
1871,Laptops,18-24,Female,Texas,YouTube,30,9300.76,0.0717
1872,Books,25-34,Female,Texas,Google Ads,45,7285.98,0.0726
1873,Laptops,25-34,Male,Florida,Instagram,60,9029.44,0.0703
1874,Shoes,25-34,Female,New York,Instagram,7,8560.6,0.0664
1875,Shoes,55+,Other,California,Facebook,60,7179.94,0.0269
1876,Books,45-54,Other,Illinois,LinkedIn,30,2806.09,0.0399
1877,Shoes,18-24,Female,Illinois,Facebook,45,6345.53,0.0703
1878,Furniture,45-54,Female,California,LinkedIn,30,2269.84,0.0326
1879,Smartphones,45-54,Other,New York,Facebook,45,1758.52,0.0434
1880,Books,25-34,Female,California,LinkedIn,60,6509.46,0.0286
1881,Laptops,45-54,Male,Texas,Google Ads,7,6433.94,0.087
1882,Furniture,18-24,Female,California,LinkedIn,45,1987.91,0.0092
1883,Books,18-24,Male,California,Facebook,30,3848.06,0.0398
1884,Shoes,35-44,Other,Florida,Instagram,45,1129.67,0.0326
1885,Shoes,55+,Female,Illinois,YouTube,60,7299.46,0.039
1886,Shoes,45-54,Other,Illinois,LinkedIn,60,9881.21,0.043
1887,Shoes,55+,Female,Texas,LinkedIn,60,7529.11,0.0197
1888,Laptops,55+,Male,Texas,Instagram,7,8519.45,0.0592
1889,Furniture,55+,Female,Florida,Google Ads,60,5025.26,0.0676
1890,Smartphones,55+,Other,Texas,Facebook,7,1408.05,0.0354
1891,Laptops,18-24,Male,New York,Google Ads,14,7402.76,0.0835
1892,Laptops,45-54,Female,Florida,LinkedIn,45,2936.94,0.0226
1893,Smartphones,35-44,Other,Florida,LinkedIn,30,4188.79,0.044
1894,Smartphones,55+,Other,California,Google Ads,7,7179.44,0.0723
1895,Shoes,35-44,Female,California,Facebook,7,9095.45,0.0615
1896,Laptops,18-24,Other,New York,LinkedIn,30,5119.37,0.0397
1897,Books,18-24,Male,Florida,LinkedIn,45,9635.25,0.0384
1898,Smartphones,25-34,Female,Florida,Google Ads,60,5439.08,0.0812
1899,Smartphones,55+,Male,California,YouTube,45,1663.85,0.0378
1900,Furniture,25-34,Other,Illinois,Instagram,7,5425.12,0.0603
1901,Books,35-44,Other,Illinois,LinkedIn,60,8675.96,0.0528
1902,Books,45-54,Other,California,Facebook,14,5611.43,0.0666
1903,Smartphones,25-34,Male,Texas,YouTube,30,7603.68,0.0733
1904,Shoes,18-24,Other,Florida,Google Ads,45,5705.6,0.087
1905,Furniture,55+,Female,New York,Google Ads,60,5687.52,0.0709
1906,Books,35-44,Female,Illinois,Facebook,30,3205.23,0.0422
1907,Smartphones,18-24,Other,Texas,YouTube,45,2411.97,0.0689
1908,Books,45-54,Female,Florida,Facebook,7,3149.73,0.0688
1909,Furniture,55+,Male,Texas,LinkedIn,7,4687.96,0.0514
1910,Furniture,45-54,Male,Florida,YouTube,7,8191.11,0.0853
1911,Laptops,45-54,Other,Florida,Instagram,14,8375.42,0.0566
1912,Smartphones,55+,Female,California,Instagram,7,2052.09,0.0292
1913,Furniture,55+,Female,California,Facebook,7,5752.12,0.0574
1914,Laptops,45-54,Other,New York,Instagram,7,4452.26,0.0518
1915,Laptops,35-44,Male,New York,Facebook,60,5923.89,0.0495
1916,Books,55+,Other,Texas,LinkedIn,30,6652.42,0.046
1917,Books,18-24,Female,California,LinkedIn,14,3156.31,0.0322
1918,Laptops,25-34,Female,Florida,Facebook,45,9232.8,0.078
1919,Books,35-44,Other,California,LinkedIn,14,9386.76,0.0587
1920,Furniture,55+,Male,Florida,Instagram,30,1500.9,0.0288
1921,Shoes,55+,Male,California,LinkedIn,7,7178.68,0.043
1922,Furniture,35-44,Other,Florida,Instagram,7,815.7,0.0438
1923,Laptops,25-34,Female,Texas,Instagram,45,942.36,0.0455
1924,Laptops,45-54,Male,California,Google Ads,14,9599.1,0.0874
1925,Furniture,18-24,Other,Illinois,LinkedIn,14,7101.1,0.0375
1926,Books,55+,Female,Illinois,LinkedIn,45,3583.15,0.0372
1927,Books,25-34,Male,Florida,Facebook,14,6863.84,0.0602
1928,Laptops,18-24,Male,Texas,Facebook,14,8535.43,0.0709
1929,Smartphones,35-44,Other,Florida,YouTube,14,8773.58,0.0647
1930,Books,55+,Female,Texas,Instagram,45,694.94,0.0347
1931,Furniture,45-54,Male,New York,Google Ads,45,8273.17,0.0831
1932,Books,35-44,Other,California,Instagram,30,8605.43,0.0533
1933,Furniture,55+,Male,Texas,LinkedIn,14,6157.92,0.0617
1934,Laptops,25-34,Female,Florida,YouTube,30,5059.09,0.0626
1935,Books,18-24,Male,New York,Instagram,60,1554.49,0.0055
1936,Furniture,18-24,Female,Florida,YouTube,60,2776.33,0.028
1937,Laptops,55+,Male,Illinois,Instagram,14,5159.61,0.0479
1938,Smartphones,35-44,Male,Illinois,LinkedIn,7,8718.26,0.0603
1939,Furniture,45-54,Other,California,LinkedIn,60,8129.78,0.0436
1940,Smartphones,25-34,Male,California,Instagram,7,5211.33,0.0612
1941,Smartphones,55+,Female,New York,Google Ads,30,7963.46,0.0611
1942,Shoes,25-34,Other,Illinois,LinkedIn,14,7774.47,0.0684
1943,Books,18-24,Female,Texas,Facebook,30,6000.65,0.0571
1944,Furniture,45-54,Female,Illinois,Google Ads,30,2593.09,0.0705
1945,Smartphones,25-34,Other,California,Instagram,45,3806.04,0.0621
1946,Shoes,55+,Female,Florida,Google Ads,14,2058.61,0.0553
1947,Laptops,45-54,Male,New York,Facebook,45,567.93,0.0127
1948,Furniture,35-44,Other,Illinois,LinkedIn,30,1264.99,0.0307
1949,Smartphones,55+,Male,Texas,LinkedIn,7,7716.44,0.045
1950,Books,25-34,Male,Texas,LinkedIn,14,818.12,0.0233
1951,Shoes,45-54,Female,Texas,Facebook,14,4298.6,0.0499
1952,Smartphones,55+,Female,New York,Google Ads,60,9864.91,0.0518
1953,Books,45-54,Male,Texas,Instagram,7,8054.77,0.0762
1954,Smartphones,45-54,Other,Texas,Instagram,7,7630.87,0.0555
1955,Furniture,45-54,Male,Illinois,Google Ads,30,3109.73,0.0655
1956,Furniture,25-34,Male,New York,LinkedIn,30,6596.44,0.0484
1957,Furniture,55+,Female,Florida,Instagram,30,5237.76,0.0624
1958,Shoes,18-24,Female,Florida,LinkedIn,60,6426.33,0.0465
1959,Furniture,18-24,Male,Texas,YouTube,7,4640.25,0.0467
1960,Books,25-34,Male,California,YouTube,45,5544.15,0.0581
1961,Smartphones,25-34,Female,New York,Instagram,7,9889.76,0.0748
1962,Laptops,45-54,Male,California,Google Ads,45,3628.47,0.0744
1963,Books,55+,Female,New York,Google Ads,14,2556.3,0.0797
1964,Books,55+,Male,New York,Google Ads,45,4760.7,0.0877
1965,Furniture,35-44,Other,Illinois,LinkedIn,14,5481.04,0.0579
1966,Shoes,35-44,Other,Texas,YouTube,30,1313.47,0.0456
1967,Smartphones,18-24,Male,Illinois,LinkedIn,7,8156.73,0.0669
1968,Shoes,35-44,Female,California,Facebook,30,4509.5,0.0413
1969,Smartphones,35-44,Male,California,Facebook,7,4425.27,0.0549
1970,Smartphones,18-24,Male,Florida,Instagram,45,6758.98,0.064
1971,Shoes,18-24,Female,Illinois,Facebook,7,7845.82,0.0625
1972,Books,35-44,Male,Illinois,Google Ads,45,9866.43,0.0772
1973,Smartphones,55+,Female,Illinois,Instagram,7,2148.44,0.0388
1974,Shoes,35-44,Male,Florida,YouTube,14,3782.78,0.0579
1975,Smartphones,45-54,Female,Illinois,YouTube,45,2098.44,0.0381
1976,Laptops,45-54,Male,Illinois,Facebook,30,8868.12,0.053
1977,Books,45-54,Other,Illinois,Facebook,30,5710.69,0.0622
1978,Furniture,25-34,Female,Illinois,YouTube,30,8598.18,0.0752
1979,Smartphones,45-54,Other,California,Facebook,30,9859.64,0.0584
1980,Laptops,55+,Female,Texas,Facebook,14,5726.96,0.0545
1981,Furniture,25-34,Female,California,LinkedIn,14,1622.44,0.0269
1982,Furniture,25-34,Female,Illinois,YouTube,60,3932.04,0.059
1983,Smartphones,45-54,Female,New York,YouTube,60,843.8,0.03
1984,Shoes,35-44,Male,New York,Facebook,60,8568.36,0.0358
1985,Smartphones,18-24,Male,Florida,Google Ads,60,669.93,0.0547
1986,Laptops,35-44,Female,California,LinkedIn,7,6125.76,0.0453
1987,Furniture,35-44,Male,Florida,Google Ads,45,1508.27,0.0657
1988,Smartphones,25-34,Female,Florida,Facebook,30,571.8,0.0513
1989,Shoes,25-34,Female,New York,YouTube,7,2933.43,0.0668
1990,Smartphones,25-34,Other,California,Google Ads,14,5742.6,0.0873
1991,Books,55+,Female,Texas,Instagram,30,1213.34,0.0449
1992,Shoes,55+,Female,California,Google Ads,45,6341.43,0.069
1993,Laptops,18-24,Male,Florida,YouTube,45,6883.93,0.0629
1994,Furniture,25-34,Female,Illinois,Facebook,14,9712.13,0.0643
1995,Smartphones,45-54,Female,Florida,Google Ads,30,9045.6,0.0708
1996,Shoes,25-34,Other,California,Facebook,60,5884.52,0.0634
1997,Books,55+,Male,New York,LinkedIn,30,8036.97,0.0577
1998,Shoes,25-34,Male,California,Instagram,30,3954.59,0.0438
1999,Books,55+,Other,Texas,YouTube,45,6064.27,0.0603
2000,Laptops,25-34,Female,Illinois,YouTube,14,4331.86,0.0589
2001,Furniture,45-54,Other,Illinois,Facebook,30,3701.9,0.0567
2002,Laptops,18-24,Male,Florida,Instagram,7,7412.58,0.0551
2003,Smartphones,45-54,Other,California,YouTube,7,3318.37,0.0418
2004,Shoes,55+,Male,New York,Google Ads,14,4115.25,0.0638
2005,Books,35-44,Other,Texas,YouTube,60,3988.13,0.0599
2006,Books,45-54,Female,Florida,Google Ads,30,8768.83,0.0964
2007,Shoes,25-34,Female,California,YouTube,30,2118.84,0.0437
2008,Shoes,18-24,Male,New York,Google Ads,45,4124.02,0.0717
2009,Smartphones,25-34,Other,California,LinkedIn,30,8934.76,0.0529
2010,Laptops,25-34,Male,New York,Facebook,60,645.39,0.0419
2011,Books,45-54,Female,California,LinkedIn,30,9504.74,0.0539
2012,Smartphones,18-24,Male,California,Google Ads,30,9039.55,0.1038
2013,Laptops,35-44,Female,Florida,Facebook,45,4469.56,0.0594
2014,Smartphones,25-34,Male,California,Instagram,7,6703.74,0.0652
2015,Books,18-24,Other,California,Google Ads,7,9915.13,0.0852
2016,Shoes,35-44,Female,Florida,YouTube,60,5772.01,0.0405
2017,Shoes,25-34,Male,Florida,YouTube,14,1420.54,0.0456
2018,Laptops,18-24,Female,Illinois,Instagram,14,8609.59,0.0638
2019,Furniture,45-54,Other,Illinois,LinkedIn,45,1774.44,0.0362
2020,Laptops,25-34,Female,Florida,Google Ads,30,2944.08,0.0884
2021,Furniture,25-34,Other,Texas,YouTube,45,8798.4,0.0555
2022,Smartphones,18-24,Female,New York,Facebook,7,2932.28,0.0677
2023,Smartphones,25-34,Other,Florida,Instagram,60,7578.32,0.0633
2024,Books,35-44,Female,Illinois,LinkedIn,14,4752.9,0.0521
2025,Furniture,25-34,Other,California,LinkedIn,30,7717.61,0.0515
2026,Books,55+,Male,Florida,Facebook,14,2707.35,0.0561
2027,Shoes,35-44,Male,Florida,Facebook,7,4485.87,0.0601
2028,Furniture,18-24,Female,Illinois,Instagram,30,3522.53,0.0351
2029,Laptops,35-44,Other,Illinois,Facebook,7,2865.92,0.0652
2030,Shoes,55+,Male,Texas,YouTube,14,3487.08,0.0435
2031,Shoes,55+,Female,Illinois,LinkedIn,14,3568.43,0.0217
2032,Laptops,25-34,Male,Illinois,Facebook,7,9576.09,0.0706
2033,Shoes,25-34,Other,Illinois,Google Ads,30,5565.69,0.0735
2034,Furniture,45-54,Female,California,Facebook,7,4889.5,0.0598
2035,Books,35-44,Other,Florida,LinkedIn,30,5281.53,0.0473
2036,Shoes,45-54,Other,Florida,YouTube,45,9963.24,0.0499
2037,Furniture,55+,Other,Illinois,Facebook,45,6709.1,0.0545
2038,Smartphones,25-34,Male,Texas,YouTube,30,7183.12,0.0679
2039,Furniture,25-34,Female,Illinois,Google Ads,7,3479.41,0.0739
2040,Books,25-34,Other,Texas,LinkedIn,30,4979.61,0.0436
2041,Furniture,18-24,Male,Florida,Instagram,14,2248.62,0.0323
2042,Laptops,55+,Other,Texas,LinkedIn,7,7009.3,0.0488
2043,Books,25-34,Male,Texas,Instagram,30,3772.7,0.0479
2044,Smartphones,55+,Female,New York,Instagram,14,7608.74,0.037
2045,Laptops,25-34,Female,Texas,LinkedIn,60,2525.03,0.0338
2046,Furniture,35-44,Female,Texas,Instagram,14,4333.28,0.0701
2047,Books,55+,Female,California,YouTube,30,4976.25,0.0713
2048,Smartphones,45-54,Other,Florida,Google Ads,7,2081.99,0.06
2049,Laptops,18-24,Male,Illinois,Facebook,7,1161.12,0.0452
2050,Smartphones,45-54,Female,New York,Instagram,45,3512.14,0.0207
2051,Furniture,55+,Other,Texas,Instagram,30,5676.48,0.0541
2052,Smartphones,25-34,Female,California,LinkedIn,14,6700.45,0.0484
2053,Shoes,55+,Female,California,YouTube,14,4540.08,0.0416
2054,Laptops,18-24,Female,Illinois,Facebook,30,5252.64,0.0617
2055,Smartphones,55+,Male,Illinois,Instagram,14,5660.33,0.0321
2056,Furniture,25-34,Male,Florida,YouTube,60,5363.15,0.0486
2057,Furniture,45-54,Male,Texas,Facebook,45,1358.12,0.0405
2058,Smartphones,35-44,Female,California,LinkedIn,7,4347.51,0.0338
2059,Furniture,45-54,Other,New York,Instagram,14,2441.15,0.0561
2060,Books,25-34,Other,Florida,LinkedIn,60,5570.49,0.0421
2061,Books,25-34,Other,Texas,LinkedIn,30,7701.72,0.0627
2062,Books,18-24,Female,Illinois,Instagram,14,6005.12,0.0479
2063,Shoes,55+,Male,Texas,YouTube,30,2607.31,0.0289
2064,Smartphones,55+,Other,Illinois,YouTube,60,2473.69,0.0352
2065,Shoes,45-54,Female,Texas,LinkedIn,60,851.48,0.0085
2066,Furniture,35-44,Female,New York,LinkedIn,7,4550.62,0.0515
2067,Shoes,35-44,Other,Florida,Google Ads,30,4612.18,0.0786
2068,Furniture,18-24,Other,Illinois,Facebook,45,2746.15,0.0293
2069,Furniture,25-34,Female,New York,LinkedIn,7,7760.46,0.0561
2070,Laptops,18-24,Other,California,LinkedIn,30,4171.62,0.0358
2071,Books,55+,Female,New York,Facebook,30,6859.31,0.0571
2072,Furniture,25-34,Other,New York,Instagram,60,6580.67,0.0402
2073,Laptops,18-24,Male,New York,YouTube,60,6245.03,0.0568
2074,Books,45-54,Female,Illinois,Instagram,30,9126.63,0.0633
2075,Furniture,55+,Male,California,Facebook,60,650.96,0.0289
2076,Furniture,35-44,Other,Florida,Facebook,30,1146.35,0.0346
2077,Shoes,18-24,Female,New York,Google Ads,30,7360.34,0.077
2078,Shoes,55+,Other,Illinois,Google Ads,7,3858.5,0.0485
2079,Books,55+,Female,Illinois,YouTube,7,9871.96,0.0785
2080,Furniture,35-44,Other,Florida,LinkedIn,45,2555.92,0.0352
2081,Smartphones,35-44,Male,Texas,Facebook,7,2242.48,0.0619
2082,Shoes,35-44,Male,California,Google Ads,14,6088.11,0.0719
2083,Books,18-24,Other,California,Instagram,14,3154.54,0.0448
2084,Furniture,35-44,Male,New York,Google Ads,60,3734.68,0.0623
2085,Furniture,45-54,Male,Texas,Instagram,14,9249.73,0.0644
2086,Smartphones,55+,Other,California,Google Ads,7,749.31,0.0535
2087,Books,35-44,Female,New York,Instagram,45,5546.96,0.0588
2088,Furniture,55+,Other,Texas,Google Ads,30,3681.54,0.0757
2089,Shoes,25-34,Female,Illinois,Google Ads,45,3786.92,0.0596
2090,Smartphones,25-34,Male,New York,YouTube,7,2854.18,0.0627
2091,Books,35-44,Male,Texas,LinkedIn,7,1781.08,0.0455
2092,Smartphones,55+,Male,Florida,Facebook,7,827.58,0.0284
2093,Shoes,25-34,Male,California,LinkedIn,60,9883.11,0.0338
2094,Books,35-44,Male,New York,YouTube,14,6773.48,0.0784
2095,Smartphones,55+,Female,Illinois,Instagram,7,7883.45,0.0419
2096,Laptops,35-44,Female,New York,LinkedIn,30,1117.52,0.023
2097,Shoes,55+,Female,California,Facebook,14,640.96,0.0213
2098,Shoes,25-34,Other,California,Facebook,14,6202.74,0.0693
2099,Shoes,35-44,Male,Texas,Instagram,60,7376.4,0.0479
2100,Laptops,25-34,Male,Illinois,Facebook,45,4251.23,0.0471
2101,Laptops,35-44,Male,Texas,YouTube,14,4183.67,0.0597
2102,Furniture,18-24,Other,Illinois,LinkedIn,14,4152.56,0.0174
2103,Smartphones,25-34,Other,New York,Facebook,7,1951.18,0.0537
2104,Furniture,25-34,Other,New York,LinkedIn,30,7662.18,0.042
2105,Smartphones,45-54,Male,Texas,Google Ads,7,2544.33,0.0681
2106,Laptops,25-34,Female,Florida,LinkedIn,30,3581.9,0.0448
2107,Laptops,55+,Other,California,Instagram,14,6876.97,0.0523
2108,Furniture,35-44,Other,Texas,YouTube,30,500.99,0.0552
2109,Books,18-24,Female,Texas,Facebook,7,7779.44,0.0594
2110,Furniture,55+,Other,New York,YouTube,7,9041.4,0.073
2111,Smartphones,55+,Female,California,LinkedIn,45,990.37,0.0144
2112,Furniture,55+,Male,Texas,Facebook,60,6120.43,0.0458
2113,Shoes,55+,Female,New York,YouTube,45,4380.36,0.0351
2114,Smartphones,18-24,Female,New York,Instagram,14,1245.4,0.0515
2115,Smartphones,45-54,Male,Texas,Google Ads,30,6981.19,0.0685
2116,Books,25-34,Other,Texas,Google Ads,7,6317.03,0.09
2117,Laptops,55+,Male,New York,Instagram,7,6605.27,0.053
2118,Smartphones,25-34,Other,Texas,Google Ads,7,8228.21,0.0989
2119,Laptops,25-34,Other,California,Instagram,7,3225.73,0.0577
2120,Furniture,55+,Female,New York,LinkedIn,14,6932.15,0.0462
2121,Shoes,45-54,Male,New York,Instagram,60,7561.52,0.0361
2122,Books,25-34,Female,Texas,Google Ads,45,2103.74,0.056
2123,Laptops,35-44,Male,Texas,LinkedIn,45,9592.14,0.0697
2124,Smartphones,25-34,Male,Texas,Instagram,7,3729.82,0.0722
2125,Laptops,55+,Female,California,Instagram,7,7280.23,0.0547
2126,Smartphones,18-24,Other,New York,LinkedIn,30,7663.19,0.0633
2127,Laptops,25-34,Other,Florida,Facebook,7,5288.29,0.0715
2128,Smartphones,45-54,Male,California,Google Ads,45,1722.81,0.0367
2129,Furniture,35-44,Other,California,Facebook,30,3118.8,0.0468
2130,Smartphones,35-44,Female,New York,LinkedIn,30,2725.35,0.0262
2131,Smartphones,18-24,Female,Florida,LinkedIn,7,5427.1,0.0677
2132,Shoes,18-24,Female,New York,YouTube,30,2982.05,0.0622
2133,Smartphones,25-34,Male,California,YouTube,60,5694.32,0.0646
2134,Shoes,55+,Male,Texas,LinkedIn,7,3237.96,0.0257
2135,Books,45-54,Other,New York,YouTube,60,509.3,0.041
2136,Shoes,35-44,Female,New York,Instagram,7,3950.94,0.0408
2137,Furniture,18-24,Female,Texas,Facebook,60,6265.08,0.0333
2138,Shoes,45-54,Male,Florida,LinkedIn,7,7850.12,0.0512
2139,Books,55+,Male,Florida,Instagram,45,769.46,0.0418
2140,Furniture,35-44,Male,New York,Google Ads,7,2953.97,0.0721
2141,Laptops,35-44,Female,Texas,Google Ads,45,9861.89,0.0916
2142,Laptops,55+,Female,New York,YouTube,14,2987.25,0.0465
2143,Shoes,35-44,Other,Texas,YouTube,14,7883.38,0.0533
2144,Shoes,55+,Female,California,Instagram,7,5339.05,0.0341
2145,Books,35-44,Other,Texas,Google Ads,45,1660.65,0.0611
2146,Books,25-34,Other,New York,LinkedIn,45,6612.3,0.0342
2147,Smartphones,55+,Female,Illinois,Facebook,30,9680.24,0.0548
2148,Books,45-54,Other,Florida,YouTube,30,8924.88,0.0715
2149,Smartphones,25-34,Other,New York,Instagram,60,7057.78,0.056
2150,Furniture,45-54,Male,Texas,YouTube,30,5365.41,0.0707
2151,Shoes,35-44,Female,Texas,Instagram,7,3533.66,0.0537
2152,Furniture,45-54,Other,Florida,Google Ads,30,3891.18,0.0898
2153,Books,25-34,Other,New York,YouTube,30,3788.96,0.0586
2154,Furniture,55+,Other,Illinois,Instagram,7,9259.78,0.0754
2155,Furniture,18-24,Female,California,Instagram,7,2507.47,0.0351
2156,Furniture,45-54,Male,Illinois,YouTube,60,4091.28,0.0576
2157,Books,18-24,Male,California,Facebook,45,4603.65,0.0449
2158,Furniture,45-54,Female,California,LinkedIn,30,4384.56,0.0304
2159,Smartphones,45-54,Female,New York,Google Ads,14,539.88,0.0439
2160,Books,55+,Female,California,YouTube,45,3074.25,0.0536
2161,Furniture,35-44,Female,Texas,YouTube,7,5236.4,0.0796
2162,Books,25-34,Male,California,Facebook,30,7724.69,0.0567
2163,Laptops,25-34,Other,California,Google Ads,60,5910.0,0.0741
2164,Smartphones,25-34,Other,Florida,YouTube,14,4156.19,0.0646
2165,Furniture,35-44,Female,Florida,Facebook,45,6818.84,0.0551
2166,Laptops,18-24,Female,New York,LinkedIn,30,6825.99,0.0383
2167,Laptops,25-34,Other,New York,Instagram,7,2855.28,0.0636
2168,Books,18-24,Male,Texas,LinkedIn,45,1485.85,0.019
2169,Laptops,35-44,Female,Florida,LinkedIn,14,8130.24,0.0558
2170,Smartphones,35-44,Female,Illinois,LinkedIn,7,5532.93,0.0502
2171,Smartphones,55+,Male,New York,LinkedIn,14,2176.99,0.0112
2172,Shoes,25-34,Male,New York,Instagram,30,2989.68,0.0417
2173,Smartphones,55+,Male,Florida,Google Ads,45,7781.03,0.0663
2174,Laptops,25-34,Female,Florida,Google Ads,60,6706.09,0.076
2175,Smartphones,35-44,Male,Texas,Facebook,30,9479.08,0.0726
2176,Books,35-44,Female,Florida,Facebook,30,4917.0,0.0483
2177,Shoes,45-54,Female,California,YouTube,60,995.77,0.0207
2178,Laptops,45-54,Male,Illinois,LinkedIn,60,7154.02,0.0348
2179,Shoes,35-44,Other,California,LinkedIn,7,2921.65,0.0354
2180,Laptops,35-44,Male,California,Instagram,14,3576.62,0.0455
2181,Books,18-24,Other,California,LinkedIn,30,2368.16,0.0261
2182,Shoes,18-24,Male,New York,Instagram,7,3434.89,0.0669
2183,Furniture,55+,Male,California,YouTube,7,8380.06,0.068
2184,Laptops,45-54,Female,New York,Facebook,30,5978.78,0.0434
2185,Furniture,45-54,Female,Florida,Facebook,14,1536.96,0.0671
2186,Shoes,35-44,Female,Illinois,YouTube,60,6072.73,0.0498
2187,Furniture,35-44,Female,Illinois,YouTube,30,6518.85,0.0755
2188,Furniture,55+,Female,California,LinkedIn,14,8905.83,0.0573
2189,Shoes,45-54,Female,Illinois,Facebook,60,8666.63,0.0414
2190,Books,18-24,Female,New York,Google Ads,45,1097.31,0.0445
2191,Furniture,25-34,Other,Florida,YouTube,30,8733.63,0.0686
2192,Furniture,55+,Other,California,Facebook,30,983.4,0.032
2193,Books,25-34,Female,Texas,Facebook,14,1964.16,0.053
2194,Furniture,18-24,Other,Illinois,Instagram,7,1559.73,0.0285
2195,Furniture,18-24,Male,Illinois,Facebook,7,2226.12,0.0419
2196,Furniture,25-34,Other,California,YouTube,14,8130.99,0.0587
2197,Smartphones,55+,Female,Illinois,LinkedIn,30,7018.13,0.037
2198,Books,25-34,Other,Illinois,Facebook,30,7026.14,0.0624
2199,Furniture,55+,Male,Texas,Google Ads,30,9260.21,0.0827
2200,Books,55+,Other,New York,YouTube,45,4222.58,0.0623
2201,Laptops,35-44,Female,California,LinkedIn,7,531.23,0.0348
2202,Laptops,45-54,Male,California,LinkedIn,45,6577.8,0.0412
2203,Furniture,45-54,Male,Texas,YouTube,30,8746.71,0.0791
2204,Books,18-24,Other,Texas,LinkedIn,7,9774.47,0.0569
2205,Books,35-44,Male,New York,Google Ads,30,3956.98,0.0674
2206,Books,45-54,Male,Florida,Facebook,30,8310.45,0.0632
2207,Smartphones,55+,Male,California,YouTube,14,8567.66,0.0509
2208,Laptops,55+,Female,Illinois,Facebook,7,1872.16,0.0452
2209,Books,25-34,Male,New York,Facebook,30,6499.24,0.0586
2210,Books,25-34,Other,California,LinkedIn,60,2144.83,0.0312
2211,Smartphones,55+,Other,New York,YouTube,60,4742.99,0.0402
2212,Smartphones,55+,Male,Florida,Facebook,30,8853.04,0.0463
2213,Books,25-34,Other,California,Instagram,14,7999.94,0.0701
2214,Shoes,45-54,Male,Illinois,Google Ads,30,5918.22,0.064
2215,Books,18-24,Other,California,LinkedIn,60,8182.74,0.0332
2216,Books,25-34,Male,New York,YouTube,7,1951.86,0.0555
2217,Smartphones,45-54,Male,Florida,YouTube,14,2351.73,0.0514
2218,Smartphones,45-54,Male,New York,LinkedIn,30,2484.22,0.0196
2219,Books,45-54,Female,New York,Facebook,60,7872.13,0.0527
2220,Books,35-44,Other,Texas,LinkedIn,7,8964.17,0.0588
2221,Books,35-44,Male,New York,YouTube,60,5846.95,0.0549
2222,Smartphones,45-54,Female,Florida,Instagram,14,9600.73,0.0604
2223,Books,55+,Female,Illinois,Facebook,45,7416.29,0.0601
2224,Books,35-44,Male,Texas,LinkedIn,30,5855.0,0.054
2225,Furniture,25-34,Male,New York,YouTube,7,6310.11,0.0558
2226,Shoes,35-44,Male,California,YouTube,14,8570.57,0.0675
2227,Laptops,55+,Male,Texas,YouTube,14,1356.72,0.0409
2228,Shoes,18-24,Male,Florida,Instagram,45,2096.17,0.0498
2229,Furniture,35-44,Other,California,Facebook,45,3029.8,0.0527
2230,Laptops,45-54,Male,Florida,LinkedIn,30,9000.37,0.0525
2231,Books,45-54,Male,California,Facebook,30,9476.98,0.0628
2232,Furniture,45-54,Other,Illinois,YouTube,14,3883.62,0.0624
2233,Books,18-24,Female,Florida,Instagram,30,9276.64,0.0543
2234,Smartphones,55+,Other,California,Instagram,30,5695.05,0.0348
2235,Furniture,25-34,Female,Florida,YouTube,45,4996.1,0.0598
2236,Smartphones,55+,Female,Texas,Facebook,14,8411.26,0.046
2237,Furniture,18-24,Other,Florida,Facebook,60,5687.79,0.0308
2238,Furniture,45-54,Male,Florida,Instagram,60,4817.58,0.0533
2239,Smartphones,55+,Female,California,Google Ads,7,651.65,0.0428
2240,Laptops,25-34,Male,Florida,Instagram,45,622.53,0.0385
2241,Shoes,45-54,Other,Illinois,Instagram,7,6462.12,0.0328
2242,Books,25-34,Female,New York,LinkedIn,14,1197.46,0.0298
2243,Furniture,35-44,Male,Texas,Instagram,60,7500.98,0.0642
2244,Books,25-34,Female,California,Google Ads,60,6412.24,0.0634
2245,Smartphones,45-54,Female,Florida,Instagram,60,4848.43,0.0387
2246,Books,35-44,Other,Florida,Facebook,7,7243.13,0.0616
2247,Smartphones,45-54,Male,Florida,LinkedIn,30,9934.18,0.0357
2248,Books,45-54,Male,Texas,LinkedIn,7,2840.39,0.0527
2249,Shoes,35-44,Female,New York,Instagram,60,5792.03,0.0366
2250,Shoes,25-34,Male,Illinois,LinkedIn,45,8507.13,0.0493
2251,Shoes,18-24,Female,Illinois,LinkedIn,45,660.31,0.04
2252,Shoes,18-24,Other,California,Instagram,7,2433.33,0.0567
2253,Shoes,18-24,Other,New York,Google Ads,7,5449.11,0.0866
2254,Shoes,18-24,Male,New York,Instagram,14,5746.34,0.0619
2255,Smartphones,55+,Other,Texas,Facebook,7,1320.17,0.0274
2256,Furniture,18-24,Other,Florida,YouTube,7,4370.58,0.0537
2257,Books,35-44,Male,New York,Google Ads,60,5437.96,0.0653
2258,Shoes,18-24,Female,Florida,Instagram,30,4518.27,0.0713
2259,Smartphones,45-54,Other,Texas,Google Ads,60,7155.66,0.0457
2260,Smartphones,18-24,Male,California,YouTube,30,7827.96,0.0826
2261,Smartphones,25-34,Male,California,LinkedIn,60,4872.49,0.044
2262,Furniture,35-44,Male,Florida,LinkedIn,60,4543.77,0.0455
2263,Books,35-44,Other,Florida,YouTube,14,7200.95,0.0653
2264,Furniture,55+,Other,New York,LinkedIn,30,5775.37,0.0334
2265,Laptops,45-54,Female,Texas,Google Ads,60,8769.17,0.0765
2266,Smartphones,35-44,Female,California,LinkedIn,60,5070.89,0.0338
2267,Laptops,25-34,Female,New York,YouTube,30,5956.11,0.0671
2268,Shoes,18-24,Female,Illinois,YouTube,14,1723.65,0.065
2269,Shoes,35-44,Female,New York,YouTube,30,8441.97,0.0631
2270,Furniture,25-34,Female,Florida,Facebook,14,4511.78,0.054
2271,Books,18-24,Male,Illinois,Google Ads,14,7331.1,0.0772
2272,Laptops,55+,Female,New York,YouTube,45,4580.09,0.0418
2273,Books,35-44,Other,Texas,Google Ads,14,509.62,0.0621
2274,Furniture,35-44,Female,California,Facebook,45,4303.9,0.0622
2275,Shoes,25-34,Other,Illinois,Google Ads,7,1901.27,0.0667
2276,Books,45-54,Female,Texas,Instagram,14,4286.84,0.0482
2277,Books,55+,Male,New York,Facebook,30,3552.77,0.0451
2278,Shoes,45-54,Male,Florida,Facebook,45,2424.2,0.0372
2279,Laptops,35-44,Other,Florida,LinkedIn,7,1675.83,0.0445
2280,Shoes,45-54,Female,Texas,YouTube,7,7421.33,0.0516
2281,Books,18-24,Male,Florida,Facebook,14,7671.17,0.0624
2282,Laptops,55+,Male,California,Google Ads,30,3017.48,0.0541
2283,Laptops,45-54,Female,Texas,Instagram,14,5204.31,0.0575
2284,Shoes,18-24,Other,Texas,Google Ads,60,4908.67,0.0857
2285,Books,25-34,Other,Florida,Google Ads,7,3874.85,0.0946
2286,Furniture,45-54,Other,Texas,Instagram,60,3137.55,0.0399
2287,Books,55+,Male,New York,LinkedIn,60,2267.3,0.0205
2288,Smartphones,18-24,Female,Illinois,YouTube,45,8792.48,0.0813
2289,Furniture,45-54,Male,Illinois,Facebook,60,8416.47,0.0654
2290,Laptops,25-34,Male,Florida,YouTube,7,4463.2,0.0654
2291,Furniture,45-54,Male,California,LinkedIn,7,7351.41,0.0504
2292,Laptops,18-24,Male,California,Instagram,30,5234.15,0.0513
2293,Laptops,45-54,Female,Florida,YouTube,14,1311.14,0.0596
2294,Furniture,55+,Male,Florida,Google Ads,30,8312.71,0.0776
2295,Laptops,35-44,Male,Texas,Facebook,30,2583.08,0.054
2296,Laptops,18-24,Other,California,Facebook,14,7214.77,0.0487
2297,Smartphones,18-24,Male,Illinois,LinkedIn,7,5510.28,0.0644
2298,Books,18-24,Female,Florida,LinkedIn,45,7060.13,0.0424
2299,Books,18-24,Male,Illinois,Instagram,60,4976.43,0.0489
2300,Smartphones,45-54,Female,Illinois,LinkedIn,45,7174.33,0.031
2301,Furniture,55+,Female,California,YouTube,60,811.72,0.0375
2302,Shoes,25-34,Female,Illinois,Facebook,14,888.1,0.0418
2303,Shoes,55+,Other,Texas,Instagram,14,9015.23,0.0494
2304,Shoes,18-24,Other,Texas,LinkedIn,30,7622.09,0.0762
2305,Smartphones,45-54,Male,California,Google Ads,14,8370.44,0.0827
2306,Smartphones,45-54,Male,Texas,Facebook,60,4837.56,0.0505
2307,Laptops,18-24,Male,Florida,Instagram,45,4866.65,0.052
2308,Shoes,45-54,Female,California,Facebook,45,5573.04,0.0359
2309,Furniture,18-24,Female,Illinois,YouTube,45,2814.79,0.0363
2310,Furniture,55+,Female,Florida,LinkedIn,45,7468.27,0.0505
2311,Shoes,35-44,Male,California,LinkedIn,30,8379.82,0.0442
2312,Shoes,45-54,Male,Illinois,LinkedIn,45,9118.63,0.032
2313,Shoes,18-24,Male,Illinois,Google Ads,60,5411.82,0.0756
2314,Smartphones,18-24,Male,Illinois,YouTube,30,4438.48,0.0697
2315,Smartphones,45-54,Other,Illinois,Google Ads,30,8393.87,0.0774
2316,Smartphones,25-34,Other,Illinois,YouTube,30,7650.32,0.0809
2317,Books,18-24,Other,California,YouTube,14,8739.1,0.0835
2318,Furniture,45-54,Male,Texas,YouTube,30,6729.45,0.0748
2319,Furniture,18-24,Other,Illinois,LinkedIn,60,8891.48,0.0234
2320,Laptops,25-34,Other,Florida,LinkedIn,45,1345.9,0.0329
2321,Smartphones,35-44,Male,California,LinkedIn,14,6955.83,0.0467
2322,Books,25-34,Other,New York,Google Ads,45,1343.55,0.0638
2323,Books,55+,Male,Texas,Instagram,7,7614.62,0.0749
2324,Furniture,45-54,Male,Florida,YouTube,14,6470.22,0.0676
2325,Smartphones,25-34,Male,Illinois,Google Ads,60,651.92,0.0568
2326,Laptops,35-44,Female,California,LinkedIn,14,6192.98,0.0434
2327,Smartphones,18-24,Male,California,LinkedIn,30,1889.66,0.049
2328,Shoes,45-54,Other,Illinois,Instagram,14,1852.91,0.029
2329,Smartphones,25-34,Other,Florida,LinkedIn,30,1929.4,0.041
2330,Shoes,35-44,Male,California,YouTube,45,5096.32,0.0369
2331,Shoes,25-34,Female,Texas,Facebook,14,1597.44,0.0575
2332,Laptops,55+,Female,Florida,LinkedIn,14,1693.73,0.0367
2333,Furniture,45-54,Female,Illinois,Instagram,60,2933.6,0.0401
2334,Smartphones,18-24,Other,Florida,Facebook,7,508.15,0.0561
2335,Shoes,35-44,Female,Florida,YouTube,14,3120.0,0.0525
2336,Smartphones,25-34,Female,New York,YouTube,45,6374.87,0.0635
2337,Furniture,45-54,Male,Illinois,YouTube,30,6214.92,0.0643
2338,Furniture,25-34,Female,Texas,Instagram,45,9710.57,0.0494
2339,Books,45-54,Female,Illinois,Facebook,60,1636.49,0.0479
2340,Furniture,55+,Female,New York,YouTube,14,8722.93,0.0526
2341,Laptops,25-34,Male,Illinois,LinkedIn,7,4216.3,0.0575
2342,Shoes,55+,Male,Illinois,Facebook,7,4176.84,0.044
2343,Books,35-44,Female,Texas,YouTube,14,3813.7,0.0755
2344,Laptops,55+,Other,New York,Facebook,7,1685.0,0.0347
2345,Smartphones,45-54,Other,Illinois,LinkedIn,45,5045.8,0.0288
2346,Shoes,35-44,Male,Illinois,Google Ads,30,7980.09,0.0695
2347,Furniture,25-34,Female,California,YouTube,14,8816.61,0.0687
2348,Shoes,25-34,Other,Illinois,LinkedIn,30,9647.16,0.0524
2349,Smartphones,45-54,Female,Texas,Instagram,7,7960.28,0.0482
2350,Books,18-24,Male,California,YouTube,60,6419.37,0.0447
2351,Books,18-24,Other,New York,Google Ads,30,5226.57,0.0625
2352,Books,25-34,Male,Florida,LinkedIn,60,8811.52,0.04
2353,Furniture,45-54,Female,Texas,LinkedIn,45,7525.38,0.0543
2354,Laptops,18-24,Male,New York,Facebook,60,2031.95,0.0334
2355,Laptops,55+,Male,California,YouTube,30,6984.23,0.055
2356,Shoes,25-34,Male,Florida,Google Ads,30,4594.87,0.0806
2357,Furniture,55+,Male,New York,Instagram,14,6160.1,0.0479
2358,Books,45-54,Other,Texas,Facebook,60,9034.35,0.0476
2359,Books,55+,Female,California,YouTube,45,6699.42,0.0571
2360,Smartphones,18-24,Other,Texas,Google Ads,14,9417.88,0.107
2361,Smartphones,18-24,Female,Texas,Facebook,14,8730.51,0.0859
2362,Books,35-44,Female,California,Google Ads,45,1724.56,0.0648
2363,Books,25-34,Female,Illinois,Google Ads,14,610.69,0.0653
2364,Furniture,45-54,Female,Texas,Facebook,45,4151.91,0.0633
2365,Laptops,25-34,Female,California,Facebook,7,8720.63,0.0726
2366,Smartphones,55+,Other,Texas,YouTube,14,2686.2,0.0547
2367,Laptops,45-54,Female,Illinois,Facebook,30,7068.3,0.0566
2368,Furniture,45-54,Male,California,YouTube,7,5021.96,0.0815
2369,Books,18-24,Other,New York,Google Ads,14,7587.74,0.0729
2370,Laptops,55+,Other,New York,Facebook,45,2067.28,0.0246
2371,Books,18-24,Female,New York,YouTube,7,2771.36,0.0518
2372,Books,18-24,Male,Florida,YouTube,7,2803.98,0.0578
2373,Shoes,35-44,Male,Texas,Instagram,30,5710.43,0.0473
2374,Laptops,18-24,Female,Texas,YouTube,14,3251.43,0.0651
2375,Laptops,25-34,Female,California,YouTube,14,8211.36,0.073
2376,Books,45-54,Male,Florida,Instagram,45,3794.55,0.0471
2377,Furniture,18-24,Other,Texas,LinkedIn,7,6778.09,0.0377
2378,Shoes,25-34,Other,California,Facebook,30,9510.77,0.0708
2379,Books,55+,Female,Illinois,Instagram,45,6265.78,0.0585
2380,Smartphones,45-54,Other,Texas,YouTube,45,2800.46,0.0325
2381,Smartphones,55+,Other,Texas,YouTube,30,8389.34,0.062
2382,Shoes,25-34,Male,Illinois,Facebook,14,619.15,0.0469
2383,Furniture,55+,Other,Illinois,Google Ads,30,2937.1,0.0726
2384,Books,55+,Male,Texas,Instagram,14,4181.16,0.0672
2385,Laptops,55+,Female,Illinois,LinkedIn,60,2361.8,0.0249
2386,Shoes,18-24,Female,California,Facebook,7,6238.17,0.0665
2387,Furniture,18-24,Male,Texas,Facebook,30,5801.01,0.036
2388,Laptops,18-24,Male,Texas,Instagram,45,4361.72,0.0627
2389,Smartphones,45-54,Female,New York,YouTube,14,3296.6,0.0428
2390,Smartphones,25-34,Male,Texas,YouTube,7,4622.12,0.0778
2391,Laptops,18-24,Female,New York,LinkedIn,7,3266.42,0.0524
2392,Shoes,55+,Female,Illinois,Instagram,30,2601.96,0.0259
2393,Smartphones,55+,Female,Illinois,Facebook,45,3837.07,0.0297
2394,Books,55+,Female,California,Instagram,30,6222.19,0.0628
2395,Laptops,55+,Female,New York,Google Ads,45,6659.71,0.0626
2396,Laptops,35-44,Female,Texas,Facebook,60,3324.8,0.0515
2397,Smartphones,45-54,Other,New York,LinkedIn,30,9500.28,0.039
2398,Shoes,25-34,Other,Illinois,LinkedIn,14,2988.61,0.0438
2399,Books,25-34,Female,Illinois,Facebook,30,7265.26,0.0571
2400,Shoes,18-24,Other,California,YouTube,30,1274.06,0.0632
2401,Furniture,35-44,Male,Illinois,Facebook,60,6816.02,0.0571
2402,Furniture,25-34,Male,New York,Facebook,60,4869.51,0.0444
2403,Smartphones,45-54,Female,Texas,Google Ads,30,5906.52,0.0628
2404,Smartphones,55+,Other,Texas,Facebook,45,2248.69,0.0406
2405,Smartphones,18-24,Male,New York,Instagram,60,4618.86,0.0562
2406,Furniture,45-54,Male,California,Instagram,60,7779.64,0.0545
2407,Shoes,25-34,Male,Texas,LinkedIn,45,7787.31,0.0578
2408,Shoes,35-44,Male,New York,YouTube,7,2756.78,0.048
2409,Smartphones,18-24,Other,New York,LinkedIn,60,3849.69,0.0523
2410,Books,25-34,Male,Illinois,Google Ads,60,536.23,0.039
2411,Shoes,18-24,Male,Illinois,Facebook,45,1354.64,0.0461
2412,Furniture,25-34,Male,California,LinkedIn,45,1703.94,0.0199
2413,Laptops,55+,Female,California,Facebook,30,3289.69,0.0257
2414,Laptops,35-44,Male,California,LinkedIn,30,7710.65,0.0477
2415,Laptops,55+,Male,New York,Facebook,7,5347.38,0.0479
2416,Books,25-34,Other,New York,LinkedIn,7,8029.78,0.0466
2417,Smartphones,45-54,Male,Illinois,Instagram,7,7671.6,0.0452
2418,Furniture,55+,Male,Texas,Google Ads,14,6077.81,0.0832
2419,Books,45-54,Male,California,LinkedIn,45,5248.67,0.042
2420,Furniture,25-34,Female,Florida,Instagram,60,9347.55,0.0502
2421,Furniture,35-44,Other,California,YouTube,45,5908.07,0.0563
2422,Smartphones,45-54,Other,Illinois,LinkedIn,45,5086.83,0.0287
2423,Laptops,25-34,Female,New York,Facebook,7,8756.65,0.0662
2424,Smartphones,45-54,Female,Illinois,Google Ads,45,1178.67,0.0472
2425,Books,55+,Other,Illinois,Instagram,14,6732.25,0.0619
2426,Books,25-34,Male,Illinois,Instagram,60,1573.76,0.0321
2427,Books,55+,Other,Florida,Google Ads,7,8288.31,0.0867
2428,Smartphones,18-24,Female,Florida,LinkedIn,30,8030.33,0.058
2429,Furniture,25-34,Male,California,Facebook,60,5284.2,0.0462
2430,Furniture,45-54,Other,New York,YouTube,30,6779.92,0.0719
2431,Shoes,18-24,Male,Illinois,LinkedIn,30,7839.91,0.0597
2432,Books,55+,Male,Texas,Google Ads,45,5091.39,0.0793
2433,Furniture,55+,Female,California,LinkedIn,60,9106.6,0.0388
2434,Shoes,45-54,Other,California,LinkedIn,14,4651.79,0.0394
2435,Furniture,18-24,Female,Illinois,Google Ads,45,8974.21,0.0608
2436,Books,35-44,Other,California,Google Ads,30,6036.07,0.0729
2437,Laptops,45-54,Other,Illinois,YouTube,60,4549.31,0.0539
2438,Books,55+,Male,California,Google Ads,45,538.93,0.0502
2439,Smartphones,25-34,Male,New York,Google Ads,60,3307.78,0.0685
2440,Furniture,18-24,Male,California,Google Ads,7,8745.25,0.0619
2441,Furniture,35-44,Female,California,Instagram,14,4572.77,0.0636
2442,Smartphones,25-34,Male,Texas,Google Ads,14,4503.95,0.0923
2443,Smartphones,18-24,Female,New York,Google Ads,14,5149.4,0.0823
2444,Laptops,45-54,Male,New York,Google Ads,30,3219.89,0.0541
2445,Furniture,45-54,Female,New York,YouTube,30,5169.74,0.0658
2446,Furniture,18-24,Other,California,LinkedIn,14,4069.75,0.0389
2447,Laptops,35-44,Female,Florida,Google Ads,60,9139.7,0.0858
2448,Shoes,18-24,Female,California,Google Ads,7,5857.68,0.09
2449,Laptops,25-34,Female,Illinois,YouTube,30,8424.43,0.0679
2450,Books,25-34,Other,Texas,LinkedIn,45,7025.3,0.0397
2451,Furniture,45-54,Female,New York,YouTube,45,2519.73,0.0567
2452,Smartphones,18-24,Other,Illinois,Facebook,30,8742.82,0.081
2453,Books,45-54,Male,Illinois,Facebook,14,1329.07,0.0456
2454,Furniture,35-44,Male,Florida,Facebook,60,4762.06,0.0551
2455,Laptops,25-34,Other,New York,Google Ads,7,2771.98,0.0772
2456,Books,55+,Female,California,YouTube,45,5606.78,0.0721
2457,Furniture,55+,Male,New York,Google Ads,30,3350.47,0.0675
2458,Shoes,18-24,Female,Texas,Facebook,60,7366.85,0.0599
2459,Shoes,18-24,Female,New York,LinkedIn,14,9400.73,0.0584
2460,Smartphones,55+,Other,Illinois,LinkedIn,7,7236.35,0.0334
2461,Furniture,18-24,Male,Illinois,YouTube,7,3875.45,0.0551
2462,Shoes,25-34,Other,California,LinkedIn,45,6200.66,0.0475
2463,Laptops,35-44,Other,California,Facebook,45,8941.0,0.0569
2464,Furniture,35-44,Other,California,YouTube,30,3065.27,0.0427
2465,Laptops,45-54,Other,Texas,YouTube,7,1622.95,0.0477
2466,Laptops,25-34,Female,New York,Facebook,14,1742.26,0.0528
2467,Shoes,18-24,Male,Florida,Facebook,14,5201.1,0.0752
2468,Furniture,18-24,Male,New York,Facebook,30,7455.29,0.0425
2469,Books,45-54,Male,California,Facebook,7,6743.95,0.0569
2470,Shoes,45-54,Female,Texas,YouTube,45,4811.95,0.0475
2471,Shoes,18-24,Female,New York,LinkedIn,14,7428.33,0.0566
2472,Furniture,18-24,Other,Illinois,Facebook,60,6522.71,0.0343
2473,Furniture,25-34,Other,New York,Instagram,30,6468.19,0.0451
2474,Laptops,45-54,Other,Illinois,YouTube,14,2422.58,0.0592
2475,Furniture,25-34,Other,New York,Google Ads,60,3469.54,0.0601
2476,Laptops,18-24,Male,New York,LinkedIn,60,3772.03,0.0301
2477,Shoes,55+,Other,New York,YouTube,14,8177.81,0.0599
2478,Smartphones,55+,Female,California,Facebook,30,7863.55,0.0389
2479,Books,18-24,Female,Illinois,Instagram,60,2900.39,0.0256
2480,Shoes,45-54,Female,Texas,Google Ads,60,1023.95,0.0483
2481,Furniture,55+,Other,Florida,LinkedIn,7,7793.95,0.0593
2482,Books,45-54,Male,Illinois,Facebook,7,4393.73,0.061
2483,Smartphones,55+,Male,California,YouTube,7,2588.13,0.0363
2484,Smartphones,45-54,Other,Illinois,YouTube,60,1611.66,0.0346
2485,Laptops,55+,Other,Texas,LinkedIn,60,621.74,0.0157
2486,Books,45-54,Female,Illinois,Instagram,30,4563.43,0.05
2487,Laptops,25-34,Female,California,Facebook,45,3727.76,0.054
2488,Shoes,45-54,Male,California,LinkedIn,7,7116.47,0.0411
2489,Books,25-34,Female,Florida,LinkedIn,45,9778.32,0.0461
2490,Shoes,25-34,Female,Texas,YouTube,7,2464.43,0.0647
2491,Laptops,18-24,Other,Florida,LinkedIn,7,2808.84,0.0428
2492,Books,25-34,Male,New York,Google Ads,30,3704.37,0.0757
2493,Laptops,35-44,Other,California,Google Ads,30,4926.41,0.0716
2494,Books,25-34,Male,Florida,Facebook,14,7128.14,0.074
2495,Laptops,45-54,Other,California,LinkedIn,7,3844.3,0.0412
2496,Smartphones,25-34,Male,California,YouTube,7,1489.91,0.0486
2497,Laptops,45-54,Female,New York,Facebook,7,7438.25,0.0451
2498,Smartphones,45-54,Male,California,Instagram,30,8049.1,0.0432
2499,Laptops,35-44,Male,Florida,YouTube,7,2852.66,0.0742
2500,Books,25-34,Other,Texas,Instagram,14,1799.18,0.0544
2501,Books,25-34,Male,Illinois,Facebook,60,5514.11,0.0493
2502,Books,55+,Male,Florida,Google Ads,14,2478.99,0.0746
2503,Furniture,55+,Male,New York,YouTube,60,4054.55,0.0453
2504,Shoes,18-24,Other,Illinois,YouTube,30,7884.93,0.0794
2505,Books,45-54,Male,California,Facebook,45,2586.27,0.0512
2506,Smartphones,35-44,Other,Florida,YouTube,30,8159.46,0.07
2507,Books,55+,Female,Illinois,YouTube,45,6903.19,0.0726
2508,Furniture,25-34,Other,Florida,Facebook,60,2587.4,0.0438
2509,Smartphones,18-24,Male,California,LinkedIn,45,5500.84,0.0587
2510,Furniture,35-44,Female,Florida,Facebook,60,6333.67,0.0464
2511,Smartphones,25-34,Male,New York,YouTube,45,2402.62,0.0486
2512,Laptops,25-34,Other,Illinois,Facebook,60,1877.02,0.0362
2513,Shoes,45-54,Female,Illinois,YouTube,45,5546.1,0.0389
2514,Shoes,45-54,Female,Illinois,Instagram,60,7091.49,0.0364
2515,Furniture,55+,Female,Florida,Instagram,14,4918.15,0.0488
2516,Shoes,55+,Male,California,Google Ads,7,1165.37,0.0415
2517,Furniture,25-34,Female,Florida,Facebook,14,9289.52,0.0656
2518,Furniture,25-34,Female,Florida,Facebook,30,7102.17,0.0492
2519,Furniture,55+,Female,Illinois,Instagram,45,6401.36,0.0479
2520,Shoes,55+,Female,California,Instagram,60,6614.46,0.0323
2521,Furniture,25-34,Other,Texas,Instagram,14,4286.75,0.0465
2522,Shoes,35-44,Male,California,Google Ads,14,9851.8,0.0827
2523,Furniture,25-34,Male,Florida,Google Ads,60,1760.45,0.0515
2524,Books,35-44,Female,New York,LinkedIn,45,7521.84,0.0465
2525,Furniture,35-44,Other,California,Facebook,30,4498.32,0.0518
2526,Smartphones,25-34,Female,Illinois,Google Ads,30,8870.41,0.0923
2527,Furniture,18-24,Male,New York,YouTube,30,7313.98,0.0444
2528,Laptops,55+,Male,Texas,Facebook,60,5841.4,0.0438
2529,Furniture,45-54,Male,Texas,LinkedIn,14,9408.09,0.0611
2530,Smartphones,25-34,Female,New York,Instagram,30,9168.21,0.0674
2531,Smartphones,35-44,Female,Texas,LinkedIn,14,997.17,0.0383
2532,Shoes,25-34,Other,New York,Facebook,30,2329.59,0.0481
2533,Books,55+,Other,Florida,Instagram,30,6922.44,0.0607
2534,Furniture,35-44,Male,New York,LinkedIn,45,9257.47,0.052
2535,Shoes,45-54,Male,Florida,LinkedIn,60,4588.14,0.0186
2536,Books,45-54,Other,Illinois,Facebook,45,863.9,0.0398
2537,Furniture,45-54,Male,Illinois,Google Ads,14,6611.32,0.0917
2538,Laptops,18-24,Other,Texas,YouTube,14,2349.53,0.0679
2539,Furniture,35-44,Female,New York,LinkedIn,60,5747.06,0.0517
2540,Smartphones,35-44,Male,Florida,YouTube,30,4154.49,0.0527
2541,Smartphones,18-24,Male,Illinois,Facebook,60,5801.26,0.0642
2542,Laptops,35-44,Other,Illinois,Facebook,30,9358.15,0.0655
2543,Shoes,18-24,Female,Illinois,Google Ads,7,5115.11,0.1
2544,Books,25-34,Male,Texas,Instagram,7,828.02,0.0385
2545,Furniture,55+,Male,Illinois,YouTube,60,6018.72,0.0606
2546,Smartphones,45-54,Other,California,LinkedIn,7,3594.58,0.0277
2547,Shoes,18-24,Female,Texas,Instagram,7,7892.28,0.0763
2548,Laptops,18-24,Other,New York,YouTube,14,4964.32,0.0563
2549,Smartphones,18-24,Female,California,YouTube,30,7543.02,0.0648
2550,Laptops,25-34,Female,Texas,Instagram,7,9133.8,0.0673
2551,Furniture,18-24,Other,Texas,Instagram,45,3941.6,0.0296
2552,Books,55+,Other,Florida,Google Ads,14,9899.09,0.1036
2553,Smartphones,55+,Female,California,LinkedIn,30,1923.22,0.0091
2554,Smartphones,45-54,Other,California,LinkedIn,14,6617.35,0.0354
2555,Furniture,25-34,Male,California,LinkedIn,45,830.29,0.0106
2556,Shoes,55+,Male,Illinois,Instagram,30,2524.04,0.0351
2557,Books,35-44,Male,Illinois,Google Ads,60,6520.9,0.0696
2558,Smartphones,35-44,Male,New York,Facebook,60,938.82,0.0243
2559,Books,35-44,Male,New York,Google Ads,14,1466.98,0.0631
2560,Smartphones,18-24,Other,New York,Instagram,60,3264.6,0.0387
2561,Books,18-24,Female,Illinois,Google Ads,30,5968.55,0.064
2562,Laptops,35-44,Other,Florida,Instagram,45,651.83,0.0301
2563,Smartphones,45-54,Male,New York,YouTube,45,5082.37,0.0478
2564,Books,45-54,Male,Texas,YouTube,60,6444.57,0.0472
2565,Shoes,18-24,Other,Illinois,Facebook,7,4323.97,0.074
2566,Laptops,35-44,Other,Florida,YouTube,7,1142.58,0.0601
2567,Laptops,45-54,Female,Texas,Facebook,7,6303.31,0.0503
2568,Shoes,18-24,Male,Texas,LinkedIn,60,6255.44,0.0519
2569,Books,35-44,Other,Illinois,Instagram,60,5307.4,0.0538
2570,Furniture,25-34,Female,California,LinkedIn,60,7084.88,0.0299
2571,Shoes,35-44,Male,Florida,LinkedIn,30,2474.12,0.0297
2572,Books,35-44,Male,Illinois,Facebook,7,6946.14,0.0829
2573,Shoes,55+,Male,California,Instagram,14,2033.82,0.0291
2574,Shoes,55+,Other,Illinois,Facebook,30,4230.59,0.0352
2575,Smartphones,25-34,Male,Illinois,Google Ads,30,1141.88,0.0654
2576,Books,25-34,Male,Texas,LinkedIn,60,8281.71,0.0475
2577,Furniture,35-44,Female,Illinois,Instagram,60,5613.22,0.0576
2578,Smartphones,45-54,Other,California,LinkedIn,30,9724.97,0.0269
2579,Shoes,25-34,Female,Texas,Google Ads,60,9452.1,0.0675
2580,Shoes,35-44,Other,California,Google Ads,7,9986.33,0.0739
2581,Shoes,18-24,Male,California,Instagram,30,1462.03,0.0473
2582,Books,55+,Female,Texas,Instagram,30,6262.51,0.0628
2583,Books,45-54,Other,California,Google Ads,30,4371.96,0.0639
2584,Smartphones,35-44,Other,New York,LinkedIn,60,5560.31,0.0322
2585,Furniture,18-24,Male,Illinois,YouTube,30,3433.29,0.04
2586,Smartphones,55+,Male,Texas,LinkedIn,14,956.65,0.0139
2587,Laptops,18-24,Female,Texas,YouTube,14,7223.63,0.0679
2588,Shoes,35-44,Female,New York,Facebook,7,9675.26,0.0551
2589,Shoes,25-34,Other,New York,Instagram,30,5557.63,0.0567
2590,Shoes,55+,Female,New York,Google Ads,30,3631.01,0.0521
2591,Smartphones,18-24,Male,New York,Facebook,60,9413.64,0.059
2592,Smartphones,25-34,Female,Florida,LinkedIn,45,3964.33,0.054
2593,Shoes,45-54,Female,Texas,YouTube,45,9188.03,0.0461
2594,Smartphones,35-44,Other,California,Instagram,30,8629.06,0.043
2595,Books,35-44,Male,Texas,YouTube,7,5522.75,0.0701
2596,Books,55+,Other,Texas,LinkedIn,14,6930.29,0.0591
2597,Smartphones,18-24,Male,Texas,LinkedIn,30,7153.02,0.0654
2598,Shoes,45-54,Male,New York,Google Ads,30,6590.37,0.0559
2599,Smartphones,55+,Other,New York,Facebook,7,2027.12,0.0372
2600,Smartphones,55+,Female,Florida,Instagram,7,7081.37,0.0579
2601,Smartphones,18-24,Other,Texas,Google Ads,45,530.57,0.0677
2602,Laptops,45-54,Female,Illinois,YouTube,30,7245.35,0.063
2603,Books,18-24,Other,Florida,Facebook,30,5770.94,0.0417
2604,Furniture,35-44,Other,New York,Instagram,60,2967.72,0.0408
2605,Furniture,25-34,Female,Texas,YouTube,14,8135.76,0.0664
2606,Laptops,35-44,Female,New York,Instagram,60,4350.15,0.0384
2607,Smartphones,35-44,Female,California,Instagram,60,5114.88,0.0355
2608,Laptops,55+,Other,New York,Facebook,14,762.91,0.0252
2609,Laptops,35-44,Female,New York,YouTube,30,4312.54,0.0512
2610,Shoes,45-54,Female,Florida,Google Ads,45,2089.95,0.0487
2611,Books,35-44,Female,California,Google Ads,14,3123.36,0.0662
2612,Furniture,45-54,Male,Illinois,Google Ads,7,2895.33,0.0851
2613,Smartphones,18-24,Female,Illinois,Instagram,30,937.2,0.0518
2614,Furniture,55+,Female,Illinois,LinkedIn,14,4874.7,0.0504
2615,Furniture,45-54,Female,Texas,Facebook,14,5464.63,0.0736
2616,Books,35-44,Male,Illinois,Google Ads,14,5925.09,0.0777
2617,Furniture,55+,Male,Texas,Facebook,45,4891.09,0.0543
2618,Furniture,55+,Female,New York,Instagram,60,8760.51,0.0544
2619,Laptops,45-54,Female,Illinois,Facebook,60,857.96,0.0214
2620,Books,45-54,Female,Florida,Google Ads,14,6331.18,0.0753
2621,Shoes,25-34,Female,California,Google Ads,14,8728.25,0.0823
2622,Smartphones,25-34,Male,California,Instagram,60,889.88,0.0387
2623,Furniture,55+,Female,New York,Instagram,45,5214.92,0.0397
2624,Smartphones,25-34,Male,California,YouTube,30,6095.76,0.0652
2625,Shoes,35-44,Other,California,Instagram,60,2313.6,0.0222
2626,Smartphones,18-24,Male,New York,LinkedIn,14,2898.75,0.0525
2627,Shoes,55+,Other,New York,LinkedIn,45,7963.14,0.0212
2628,Laptops,18-24,Male,New York,Google Ads,45,5890.28,0.0609
2629,Furniture,25-34,Male,Florida,Instagram,14,3499.9,0.049
2630,Shoes,45-54,Male,New York,LinkedIn,7,7765.17,0.0391
2631,Smartphones,55+,Female,New York,LinkedIn,45,7593.8,0.0336
2632,Furniture,25-34,Male,New York,YouTube,60,3781.32,0.0454
2633,Laptops,35-44,Female,Illinois,Instagram,7,5142.15,0.0547
2634,Furniture,55+,Male,Illinois,YouTube,30,6812.93,0.06
2635,Shoes,55+,Male,Florida,Facebook,60,3760.87,0.0342
2636,Laptops,45-54,Other,Florida,YouTube,14,6475.59,0.0632
2637,Smartphones,55+,Male,California,Facebook,7,2885.2,0.0288
2638,Laptops,45-54,Female,Illinois,Facebook,60,3274.2,0.0389
2639,Laptops,25-34,Other,Florida,Instagram,45,3451.39,0.047
2640,Books,35-44,Other,Florida,Facebook,14,9392.52,0.0732
2641,Laptops,35-44,Male,California,Facebook,7,8419.89,0.0699
2642,Laptops,55+,Male,New York,YouTube,45,5869.08,0.0389
2643,Furniture,55+,Other,Texas,Instagram,14,5856.79,0.0702
2644,Smartphones,25-34,Female,California,Instagram,14,1033.39,0.0448
2645,Furniture,45-54,Male,Texas,Facebook,7,6670.33,0.0559
2646,Furniture,35-44,Other,California,YouTube,7,3617.14,0.07
2647,Shoes,45-54,Female,California,YouTube,7,6316.84,0.0386
2648,Furniture,25-34,Male,New York,YouTube,60,8482.22,0.0608
2649,Books,35-44,Other,Florida,YouTube,14,932.23,0.0531
2650,Books,35-44,Other,Illinois,Google Ads,30,6267.1,0.0785
2651,Shoes,18-24,Male,California,Facebook,45,5859.91,0.0613
2652,Smartphones,25-34,Female,New York,Facebook,7,2464.28,0.0607
2653,Smartphones,25-34,Female,Texas,Facebook,14,6641.11,0.0687
2654,Furniture,18-24,Other,Florida,Instagram,45,5770.93,0.035
2655,Furniture,45-54,Female,California,Instagram,30,7789.54,0.0602
2656,Furniture,18-24,Other,Texas,YouTube,45,1550.88,0.0131
2657,Smartphones,25-34,Male,California,Instagram,30,4714.27,0.059
2658,Laptops,45-54,Female,Illinois,LinkedIn,7,9980.36,0.0589
2659,Books,35-44,Male,Illinois,Facebook,60,7048.17,0.0555
2660,Laptops,18-24,Other,Florida,Facebook,30,7000.83,0.0625
2661,Laptops,45-54,Male,Texas,Google Ads,7,3519.78,0.0835
2662,Smartphones,45-54,Female,Illinois,Google Ads,45,1391.94,0.0473
2663,Laptops,45-54,Male,New York,LinkedIn,45,9520.2,0.0412
2664,Shoes,18-24,Female,Florida,Google Ads,45,1501.98,0.0682
2665,Furniture,35-44,Female,California,YouTube,60,9930.71,0.0546
2666,Shoes,45-54,Female,Texas,YouTube,14,1694.92,0.0457
2667,Books,18-24,Female,Texas,Facebook,30,2123.62,0.0397
2668,Furniture,25-34,Female,New York,YouTube,14,3429.49,0.0434
2669,Laptops,18-24,Other,Illinois,Google Ads,45,5367.56,0.0708
2670,Books,18-24,Male,Texas,LinkedIn,60,8008.82,0.0397
2671,Furniture,18-24,Other,New York,YouTube,7,9724.58,0.0536
2672,Laptops,45-54,Male,New York,Facebook,60,3908.84,0.0377
2673,Shoes,18-24,Male,California,Facebook,14,693.92,0.0401
2674,Furniture,25-34,Male,New York,Google Ads,45,6358.46,0.0742
2675,Laptops,45-54,Other,Florida,YouTube,30,7252.5,0.0652
2676,Shoes,25-34,Female,Texas,Google Ads,60,4275.72,0.0783
2677,Books,55+,Female,Florida,Facebook,14,2243.02,0.0542
2678,Books,18-24,Other,New York,LinkedIn,14,3407.15,0.0394
2679,Books,45-54,Female,New York,YouTube,7,6730.1,0.0592
2680,Books,45-54,Male,Florida,LinkedIn,30,5194.74,0.0456
2681,Smartphones,18-24,Female,California,YouTube,14,7562.53,0.0719
2682,Furniture,35-44,Female,New York,Facebook,30,2572.62,0.0534
2683,Furniture,35-44,Female,Florida,YouTube,45,8498.86,0.0662
2684,Smartphones,25-34,Male,Florida,Facebook,60,1980.91,0.0442
2685,Laptops,18-24,Female,Texas,Instagram,14,3634.2,0.0535
2686,Laptops,18-24,Female,California,Facebook,45,6116.47,0.0473
2687,Books,55+,Female,Illinois,Facebook,7,7500.2,0.0629
2688,Shoes,35-44,Other,Florida,YouTube,30,3028.72,0.0604
2689,Laptops,35-44,Other,Texas,LinkedIn,45,9507.14,0.0549
2690,Shoes,18-24,Female,Illinois,Facebook,30,7208.06,0.0805
2691,Furniture,25-34,Other,Texas,YouTube,30,2567.91,0.0467
2692,Shoes,18-24,Other,Texas,Facebook,14,7394.77,0.0746
2693,Furniture,25-34,Male,California,Google Ads,30,7115.17,0.0739
2694,Smartphones,35-44,Other,New York,Google Ads,45,7650.5,0.0797
2695,Smartphones,55+,Other,California,Google Ads,7,9200.87,0.0782
2696,Books,45-54,Female,Illinois,Google Ads,14,7261.31,0.084
2697,Laptops,35-44,Male,California,LinkedIn,60,3843.15,0.0303
2698,Books,25-34,Male,New York,Facebook,7,8009.92,0.0626
2699,Furniture,18-24,Male,California,Google Ads,45,7110.69,0.0628
2700,Books,35-44,Other,California,YouTube,14,5955.46,0.066
2701,Shoes,55+,Female,California,Google Ads,30,3861.41,0.0541
2702,Furniture,25-34,Male,Florida,Instagram,7,9249.97,0.0715
2703,Smartphones,18-24,Male,Florida,Instagram,14,5371.17,0.0782
2704,Laptops,45-54,Other,California,LinkedIn,60,6466.98,0.0391
2705,Furniture,25-34,Male,New York,Instagram,60,4445.95,0.0415
2706,Furniture,18-24,Female,New York,YouTube,60,7917.75,0.0478
2707,Shoes,45-54,Male,New York,Google Ads,14,3739.88,0.0531
2708,Laptops,18-24,Female,New York,Instagram,7,8201.03,0.0739
2709,Smartphones,45-54,Female,Texas,Instagram,30,1525.44,0.0379
2710,Furniture,45-54,Female,California,LinkedIn,7,7235.14,0.0569
2711,Furniture,45-54,Other,California,Instagram,30,5030.38,0.0614
2712,Shoes,18-24,Other,Texas,Google Ads,7,7138.16,0.0966
2713,Books,45-54,Female,New York,Facebook,7,5548.26,0.0655
2714,Smartphones,25-34,Female,Illinois,Google Ads,14,1775.91,0.0794
2715,Laptops,55+,Male,Illinois,Instagram,60,5031.42,0.0394
2716,Furniture,55+,Male,Texas,Instagram,60,9663.31,0.0515
2717,Furniture,45-54,Male,Illinois,Instagram,60,7670.99,0.0606
2718,Smartphones,55+,Other,Florida,LinkedIn,60,3351.8,0.016
2719,Books,55+,Male,California,YouTube,7,9469.08,0.0816
2720,Furniture,45-54,Female,Illinois,Google Ads,60,7899.99,0.0786
2721,Smartphones,45-54,Female,Florida,Instagram,7,3962.25,0.0358
2722,Shoes,25-34,Other,California,Facebook,30,6233.95,0.0539
2723,Books,35-44,Other,Florida,LinkedIn,45,4553.51,0.0489
2724,Laptops,18-24,Male,California,YouTube,45,1418.56,0.0394
2725,Furniture,45-54,Other,California,Instagram,30,8157.28,0.0679
2726,Smartphones,45-54,Female,Illinois,Google Ads,7,2315.24,0.0548
2727,Shoes,55+,Female,Texas,Facebook,60,4851.36,0.037
2728,Laptops,25-34,Other,Illinois,LinkedIn,14,7175.06,0.0587
2729,Smartphones,55+,Female,New York,Google Ads,7,9356.03,0.0676
2730,Smartphones,45-54,Other,Florida,Google Ads,7,1095.9,0.0506
2731,Laptops,45-54,Female,New York,LinkedIn,30,4235.72,0.037
2732,Shoes,55+,Male,California,Google Ads,30,6339.15,0.0524
2733,Shoes,45-54,Other,Illinois,Facebook,14,7903.44,0.0484
2734,Books,35-44,Other,New York,Facebook,60,9248.85,0.0528
2735,Furniture,18-24,Other,New York,Google Ads,45,504.72,0.0303
2736,Laptops,18-24,Female,New York,Instagram,60,6463.75,0.0504
2737,Laptops,18-24,Male,California,Google Ads,60,565.9,0.0298
2738,Laptops,35-44,Other,California,Instagram,7,7978.93,0.063
2739,Shoes,45-54,Female,California,Google Ads,14,1921.83,0.0514
2740,Furniture,55+,Other,New York,YouTube,7,8998.9,0.0705
2741,Books,25-34,Female,Florida,Facebook,30,1973.68,0.0436
2742,Smartphones,45-54,Male,Illinois,Google Ads,45,7761.13,0.0724
2743,Smartphones,35-44,Female,Illinois,Facebook,14,3248.39,0.0503
2744,Laptops,35-44,Female,California,LinkedIn,14,5793.91,0.0522
2745,Furniture,18-24,Other,New York,YouTube,60,6280.13,0.0422
2746,Shoes,45-54,Female,Florida,Instagram,7,2464.23,0.04
2747,Furniture,18-24,Other,Texas,LinkedIn,60,3337.62,0.011
2748,Furniture,25-34,Female,California,YouTube,60,1521.32,0.0335
2749,Shoes,18-24,Male,Texas,LinkedIn,14,550.25,0.043
2750,Laptops,25-34,Female,Illinois,Facebook,45,2774.95,0.0405
2751,Furniture,35-44,Other,Illinois,YouTube,30,5402.02,0.0653
2752,Smartphones,18-24,Female,Florida,LinkedIn,60,7279.17,0.0573
2753,Shoes,18-24,Female,Florida,Instagram,45,8038.82,0.0797
2754,Books,55+,Male,Texas,YouTube,60,1162.78,0.0491
2755,Laptops,35-44,Other,Illinois,YouTube,45,3087.92,0.0565
2756,Shoes,55+,Male,Florida,LinkedIn,7,7817.13,0.0519
2757,Books,25-34,Female,Florida,Google Ads,30,5068.25,0.0803
2758,Books,25-34,Male,Illinois,Instagram,14,2230.78,0.0514
2759,Furniture,35-44,Female,Illinois,Instagram,7,4226.03,0.061
2760,Furniture,25-34,Female,New York,LinkedIn,60,3065.32,0.0191
2761,Furniture,35-44,Male,Florida,Facebook,60,981.21,0.0432
2762,Shoes,25-34,Male,Texas,Facebook,30,7754.46,0.0769
2763,Shoes,45-54,Female,California,Google Ads,30,3271.09,0.064
2764,Laptops,18-24,Male,California,Google Ads,30,9478.75,0.0834
2765,Furniture,45-54,Male,Illinois,LinkedIn,60,8937.19,0.0461
2766,Books,35-44,Female,Texas,Facebook,60,7304.64,0.0464
2767,Smartphones,35-44,Other,New York,Instagram,14,3603.03,0.042
2768,Laptops,45-54,Male,Florida,Facebook,30,3159.27,0.0488
2769,Shoes,18-24,Male,New York,LinkedIn,45,5015.08,0.0471
2770,Laptops,18-24,Other,Texas,Facebook,14,3868.72,0.0637
2771,Laptops,55+,Male,New York,YouTube,45,9061.0,0.0422
2772,Laptops,25-34,Female,Illinois,LinkedIn,7,1673.2,0.0443
2773,Laptops,55+,Male,California,YouTube,30,7382.44,0.0477
2774,Smartphones,18-24,Female,Illinois,LinkedIn,14,6303.52,0.0714
2775,Furniture,45-54,Other,Florida,Instagram,14,8159.86,0.0728
2776,Books,25-34,Other,Illinois,LinkedIn,7,5653.63,0.0469
2777,Laptops,45-54,Other,Texas,LinkedIn,7,6480.64,0.0566
2778,Laptops,55+,Male,Texas,LinkedIn,7,9646.04,0.0407
2779,Laptops,35-44,Other,Florida,LinkedIn,14,1373.63,0.031
2780,Furniture,45-54,Male,Florida,Google Ads,60,1496.22,0.0576
2781,Shoes,55+,Male,California,YouTube,45,4239.27,0.0241
2782,Shoes,55+,Male,New York,LinkedIn,45,4990.96,0.0212
2783,Smartphones,55+,Other,California,LinkedIn,7,2398.78,0.023
2784,Shoes,35-44,Other,Illinois,Google Ads,60,1285.34,0.0452
2785,Laptops,35-44,Male,New York,Facebook,60,710.67,0.0338
2786,Laptops,35-44,Other,Florida,Google Ads,7,7763.63,0.0874
2787,Laptops,25-34,Male,Texas,Google Ads,30,5108.05,0.0751
2788,Smartphones,35-44,Other,Illinois,Google Ads,14,8512.33,0.0783
2789,Laptops,35-44,Female,California,LinkedIn,30,3927.95,0.0356
2790,Shoes,35-44,Other,Florida,Google Ads,60,7182.74,0.0638
2791,Furniture,45-54,Other,New York,Google Ads,7,5140.94,0.0873
2792,Furniture,35-44,Other,New York,Google Ads,14,6314.66,0.0759
2793,Books,25-34,Male,Texas,LinkedIn,45,4016.87,0.0384
2794,Shoes,55+,Male,Florida,Instagram,60,1271.11,0.0223
2795,Laptops,45-54,Female,Florida,Instagram,14,9500.05,0.0679
2796,Furniture,18-24,Female,Illinois,Facebook,14,8442.85,0.0449
2797,Shoes,35-44,Female,Illinois,LinkedIn,30,3462.97,0.0478
2798,Furniture,55+,Male,New York,Google Ads,45,9607.68,0.0696
2799,Laptops,55+,Female,California,Google Ads,30,3354.64,0.0558
2800,Furniture,45-54,Female,New York,Google Ads,30,4708.41,0.0699
2801,Books,18-24,Other,Illinois,Instagram,30,7673.79,0.0554
2802,Books,25-34,Female,Illinois,Google Ads,30,3435.54,0.0872
2803,Furniture,55+,Other,Illinois,Google Ads,60,3582.83,0.0744
2804,Shoes,55+,Male,New York,Instagram,45,4395.78,0.0325
2805,Shoes,55+,Male,Florida,Google Ads,30,4949.7,0.0569
2806,Shoes,55+,Other,California,Facebook,60,1674.35,0.0158
2807,Furniture,45-54,Female,California,YouTube,60,666.17,0.0449
2808,Shoes,18-24,Male,Illinois,Facebook,14,9231.99,0.0826
2809,Laptops,55+,Other,Texas,LinkedIn,14,3855.29,0.0382
2810,Books,25-34,Male,New York,Facebook,7,1466.04,0.0458
2811,Laptops,25-34,Male,Florida,Facebook,60,7712.13,0.0667
2812,Shoes,35-44,Female,Illinois,Instagram,7,3303.08,0.0546
2813,Laptops,55+,Male,Texas,LinkedIn,60,2225.81,0.0115
2814,Shoes,55+,Other,Illinois,Facebook,30,9644.8,0.048
2815,Furniture,55+,Female,Texas,YouTube,30,9245.16,0.0736
2816,Laptops,55+,Other,California,Facebook,7,1504.59,0.032
2817,Furniture,55+,Other,Texas,Google Ads,30,9043.21,0.0915
2818,Furniture,25-34,Other,California,Instagram,30,8963.24,0.052
2819,Smartphones,18-24,Female,California,Google Ads,14,6526.56,0.1007
2820,Shoes,18-24,Male,New York,LinkedIn,30,5532.51,0.0526
2821,Books,35-44,Other,Texas,LinkedIn,14,2565.67,0.0469
2822,Shoes,25-34,Male,Florida,Instagram,45,1653.15,0.0439
2823,Books,55+,Male,Florida,Facebook,60,6260.51,0.0678
2824,Shoes,18-24,Other,Texas,LinkedIn,14,8308.59,0.0733
2825,Furniture,45-54,Male,New York,YouTube,14,7042.12,0.069
2826,Laptops,45-54,Female,Florida,Instagram,14,2217.6,0.0433
2827,Laptops,45-54,Female,Illinois,Google Ads,60,3255.18,0.0567
2828,Smartphones,55+,Male,Florida,YouTube,60,5690.97,0.0408
2829,Books,55+,Male,New York,Instagram,60,6437.43,0.0445
2830,Books,35-44,Female,California,YouTube,30,1186.4,0.045
2831,Books,35-44,Male,California,Instagram,14,6333.49,0.0657
2832,Furniture,35-44,Male,California,Google Ads,60,7495.03,0.085
2833,Books,45-54,Male,New York,Facebook,45,2222.9,0.0338
2834,Laptops,55+,Male,California,Instagram,60,2839.08,0.0146
2835,Furniture,45-54,Other,California,LinkedIn,7,2959.52,0.044
2836,Shoes,35-44,Male,New York,Google Ads,7,9428.2,0.0685
2837,Books,55+,Female,Illinois,Google Ads,14,4366.65,0.0755
2838,Books,25-34,Other,Florida,YouTube,14,5540.43,0.07
2839,Shoes,18-24,Other,New York,LinkedIn,14,7380.99,0.0621
2840,Books,18-24,Female,New York,YouTube,30,4028.87,0.0409
2841,Shoes,35-44,Male,Texas,Google Ads,7,1502.78,0.0712
2842,Furniture,45-54,Other,California,Instagram,7,6716.06,0.0614
2843,Laptops,25-34,Other,Illinois,LinkedIn,14,6839.1,0.0553
2844,Shoes,55+,Male,Texas,Google Ads,7,2975.2,0.0667
2845,Smartphones,45-54,Male,Illinois,LinkedIn,7,834.67,0.0263
2846,Shoes,35-44,Female,California,Instagram,30,6820.85,0.0461
2847,Books,45-54,Other,California,Facebook,45,7182.54,0.0533
2848,Furniture,35-44,Male,California,YouTube,14,747.62,0.0558
2849,Furniture,18-24,Male,Florida,YouTube,45,7085.24,0.0445
2850,Shoes,18-24,Female,Illinois,Google Ads,45,9419.82,0.0893
2851,Laptops,45-54,Other,Illinois,Google Ads,30,2198.46,0.0548
2852,Smartphones,25-34,Male,Texas,Instagram,7,5452.58,0.0753
2853,Furniture,55+,Female,New York,Google Ads,14,7119.38,0.0892
2854,Books,35-44,Other,California,Google Ads,60,2685.75,0.0606
2855,Books,55+,Other,California,Google Ads,45,7639.71,0.0761
2856,Laptops,18-24,Other,Texas,LinkedIn,45,8746.84,0.0553
2857,Furniture,25-34,Other,Illinois,LinkedIn,30,8238.23,0.0522
2858,Shoes,25-34,Female,Florida,Facebook,45,2959.54,0.0484
2859,Books,55+,Male,Illinois,LinkedIn,45,8140.06,0.0597
2860,Laptops,18-24,Other,Florida,YouTube,45,4426.76,0.055
2861,Furniture,55+,Other,Florida,Facebook,30,3031.4,0.0434
2862,Furniture,45-54,Male,Illinois,Google Ads,7,2095.73,0.0767
2863,Furniture,25-34,Other,California,YouTube,45,9135.32,0.0658
2864,Furniture,25-34,Other,Florida,Facebook,14,4555.53,0.0582
2865,Furniture,45-54,Male,Texas,Facebook,45,8724.45,0.0586
2866,Books,18-24,Male,Texas,YouTube,45,2015.68,0.0429
2867,Laptops,25-34,Other,Florida,Facebook,14,7786.44,0.0792
2868,Furniture,35-44,Male,California,YouTube,30,1545.13,0.0553
2869,Smartphones,35-44,Female,Florida,Facebook,60,666.87,0.0291
2870,Smartphones,18-24,Female,Texas,Facebook,14,9952.97,0.0823
2871,Laptops,45-54,Other,Texas,Facebook,60,1198.6,0.0376
2872,Shoes,55+,Other,Illinois,YouTube,7,4884.63,0.0562
2873,Shoes,18-24,Male,California,Facebook,7,8844.66,0.0679
2874,Shoes,55+,Male,Illinois,LinkedIn,45,8284.11,0.0367
2875,Smartphones,18-24,Other,New York,LinkedIn,45,4976.17,0.055
2876,Shoes,35-44,Other,Florida,LinkedIn,30,6303.06,0.053
2877,Books,45-54,Female,Illinois,LinkedIn,60,6482.21,0.0438
2878,Furniture,35-44,Male,California,LinkedIn,7,1543.34,0.0502
2879,Smartphones,45-54,Other,Florida,Google Ads,7,3206.59,0.0703
2880,Laptops,55+,Other,Florida,Facebook,45,3359.34,0.0318
2881,Laptops,18-24,Male,Florida,Instagram,45,4092.22,0.0537
2882,Furniture,25-34,Male,Florida,Google Ads,30,3102.22,0.0742
2883,Smartphones,25-34,Other,Florida,YouTube,45,2889.24,0.0569
2884,Shoes,45-54,Other,California,Google Ads,45,3870.46,0.0547
2885,Shoes,45-54,Other,New York,Instagram,30,4102.65,0.047
2886,Books,35-44,Male,Texas,Google Ads,45,5128.63,0.0723
2887,Books,25-34,Other,New York,Facebook,45,2148.59,0.0432
2888,Shoes,35-44,Other,Texas,LinkedIn,45,7989.2,0.036
2889,Laptops,55+,Other,Illinois,Facebook,60,8676.34,0.0404
2890,Laptops,25-34,Female,Florida,Google Ads,7,2857.57,0.0871
2891,Books,55+,Female,Illinois,Instagram,14,1671.36,0.0519
2892,Furniture,18-24,Male,Illinois,YouTube,7,7361.96,0.0538
2893,Shoes,35-44,Other,Texas,Facebook,60,9280.33,0.0609
2894,Books,45-54,Other,California,Instagram,14,833.91,0.0345
2895,Books,25-34,Male,Florida,YouTube,7,637.14,0.0493
2896,Shoes,35-44,Male,Illinois,LinkedIn,30,2242.54,0.033
2897,Shoes,45-54,Male,New York,Facebook,60,7005.53,0.031
2898,Laptops,18-24,Other,Florida,Facebook,30,9665.42,0.0678
2899,Furniture,25-34,Female,California,LinkedIn,30,7628.62,0.0512
2900,Furniture,55+,Male,Florida,LinkedIn,7,5943.81,0.0538
2901,Shoes,18-24,Other,Illinois,Google Ads,14,7155.22,0.0908
2902,Smartphones,45-54,Male,New York,YouTube,45,2691.63,0.0352
2903,Books,25-34,Other,Illinois,Instagram,45,7041.24,0.0359
2904,Books,25-34,Male,California,LinkedIn,60,3553.73,0.0363
2905,Shoes,18-24,Other,Texas,Google Ads,30,2613.01,0.0831
2906,Smartphones,25-34,Male,New York,YouTube,60,2747.28,0.0505
2907,Laptops,45-54,Female,California,YouTube,7,6843.98,0.0532
2908,Shoes,18-24,Male,California,Facebook,30,7788.64,0.0757
2909,Shoes,55+,Male,Illinois,Google Ads,45,6027.12,0.0545
2910,Books,18-24,Female,Illinois,Google Ads,7,1106.62,0.0651
2911,Shoes,18-24,Male,Illinois,Facebook,7,861.09,0.056
2912,Shoes,55+,Female,Texas,Instagram,60,2563.09,0.0132
2913,Shoes,45-54,Other,Florida,LinkedIn,60,3221.45,0.0298
2914,Books,35-44,Female,Florida,Facebook,14,4345.79,0.0675
2915,Laptops,35-44,Female,Illinois,LinkedIn,45,1222.27,0.0356
2916,Laptops,55+,Other,Illinois,Google Ads,45,7389.01,0.0675
2917,Shoes,45-54,Female,Texas,Facebook,60,7259.23,0.0344
2918,Books,25-34,Female,Florida,Instagram,45,3793.44,0.052
2919,Laptops,55+,Other,Texas,LinkedIn,45,5848.52,0.048
2920,Laptops,35-44,Male,California,LinkedIn,7,1458.7,0.0396
2921,Laptops,45-54,Male,Florida,LinkedIn,30,4444.58,0.0421
2922,Books,18-24,Female,Illinois,Google Ads,30,8646.87,0.0707
2923,Books,45-54,Male,New York,LinkedIn,14,6775.91,0.0409
2924,Shoes,45-54,Male,California,YouTube,30,1487.47,0.0312
2925,Furniture,35-44,Female,New York,LinkedIn,45,8551.99,0.0613
2926,Laptops,35-44,Other,Texas,Google Ads,7,6966.61,0.0984
2927,Furniture,25-34,Male,Texas,Facebook,30,4804.03,0.0538
2928,Books,25-34,Female,Texas,LinkedIn,45,7074.86,0.0496
2929,Books,55+,Other,Illinois,LinkedIn,45,2141.79,0.0305
2930,Books,18-24,Male,Texas,Facebook,60,5729.62,0.0474
2931,Furniture,25-34,Other,New York,YouTube,60,6370.31,0.0479
2932,Books,35-44,Female,California,Google Ads,30,9313.58,0.0816
2933,Shoes,45-54,Other,Illinois,Facebook,60,1135.47,0.019
2934,Books,55+,Other,California,Google Ads,45,4060.44,0.0698
2935,Smartphones,25-34,Female,Texas,Facebook,45,9399.74,0.0746
2936,Furniture,45-54,Male,Florida,Instagram,60,2563.6,0.0566
2937,Smartphones,45-54,Male,Illinois,YouTube,7,8225.4,0.0614
2938,Books,25-34,Other,Texas,Instagram,60,515.25,0.0354
2939,Shoes,18-24,Other,Illinois,Facebook,7,745.9,0.0477
2940,Laptops,18-24,Other,Florida,Facebook,60,3612.42,0.0449
2941,Books,55+,Other,New York,Google Ads,45,7800.79,0.0715
2942,Shoes,18-24,Male,New York,Facebook,45,1489.36,0.0457
2943,Furniture,55+,Female,New York,Google Ads,60,4137.11,0.0663
2944,Smartphones,35-44,Female,Florida,Google Ads,14,1748.95,0.0744
2945,Smartphones,25-34,Female,California,Facebook,7,2624.14,0.0537
2946,Smartphones,45-54,Other,Florida,Google Ads,14,5278.44,0.074
2947,Furniture,55+,Other,Florida,YouTube,45,3531.82,0.0624
2948,Shoes,18-24,Female,Texas,Instagram,7,2513.17,0.0704
2949,Furniture,55+,Male,New York,Facebook,60,4238.22,0.0438
2950,Smartphones,55+,Female,Illinois,Google Ads,7,7160.02,0.0652
2951,Books,18-24,Male,California,Google Ads,7,1634.47,0.0578
2952,Laptops,18-24,Other,Illinois,Google Ads,30,5056.15,0.0697
2953,Furniture,25-34,Female,Texas,Google Ads,7,3109.84,0.0749
2954,Furniture,45-54,Female,Texas,YouTube,45,4096.9,0.0577
2955,Shoes,25-34,Other,California,Facebook,14,8304.77,0.0699
2956,Shoes,25-34,Male,Illinois,Facebook,14,9332.43,0.0716
2957,Furniture,18-24,Female,California,YouTube,60,2808.29,0.0289
2958,Smartphones,18-24,Female,California,YouTube,30,6484.72,0.0637
2959,Laptops,45-54,Male,New York,YouTube,14,6928.43,0.0617
2960,Shoes,55+,Female,Illinois,Facebook,14,8503.62,0.0463
2961,Smartphones,25-34,Female,New York,LinkedIn,7,9040.9,0.0756
2962,Books,45-54,Other,New York,Instagram,45,4945.92,0.0411
2963,Shoes,25-34,Male,New York,YouTube,45,9834.47,0.0649
2964,Smartphones,55+,Female,Florida,YouTube,60,9722.88,0.0496
2965,Smartphones,25-34,Female,Texas,Facebook,45,5311.45,0.0558
2966,Laptops,35-44,Other,Texas,Facebook,14,5649.31,0.0777
2967,Laptops,45-54,Female,Florida,Instagram,7,6843.62,0.0709
2968,Books,18-24,Other,California,Google Ads,45,4051.25,0.0563
2969,Smartphones,25-34,Female,Illinois,Facebook,30,6789.42,0.0628
2970,Smartphones,45-54,Other,Illinois,Instagram,30,5385.71,0.0554
2971,Laptops,45-54,Male,Illinois,Facebook,30,836.65,0.0425
2972,Shoes,25-34,Male,New York,Facebook,45,8600.92,0.0563
2973,Shoes,18-24,Female,Illinois,Facebook,7,9434.24,0.0827
2974,Furniture,18-24,Female,Illinois,LinkedIn,45,749.18,0.002
2975,Laptops,25-34,Other,Illinois,LinkedIn,14,7997.99,0.0735
2976,Furniture,45-54,Other,Texas,YouTube,45,4165.23,0.0632
2977,Laptops,18-24,Male,Florida,LinkedIn,30,6063.5,0.0525
2978,Books,25-34,Female,California,Instagram,30,5249.95,0.0436
2979,Smartphones,25-34,Other,Florida,Facebook,7,5737.45,0.0652
2980,Books,25-34,Male,Illinois,LinkedIn,60,5204.27,0.0403
2981,Laptops,45-54,Male,California,Facebook,30,8607.07,0.0657
2982,Smartphones,18-24,Other,California,Google Ads,30,6993.31,0.0864
2983,Shoes,45-54,Female,Florida,YouTube,60,4420.05,0.0359
2984,Shoes,35-44,Male,Florida,LinkedIn,45,7041.4,0.0428
2985,Furniture,18-24,Other,Florida,Facebook,30,9667.95,0.0585
2986,Laptops,45-54,Male,Florida,Google Ads,7,1262.93,0.0609
2987,Laptops,18-24,Female,New York,YouTube,45,4186.85,0.0504
2988,Shoes,35-44,Other,Texas,YouTube,45,8769.31,0.0648
2989,Books,55+,Female,Texas,Google Ads,30,7521.02,0.0932
2990,Smartphones,25-34,Female,Illinois,LinkedIn,45,9381.82,0.0549
2991,Books,45-54,Male,New York,LinkedIn,45,878.19,0.0322
2992,Books,35-44,Female,California,Facebook,7,8696.37,0.0693
2993,Shoes,35-44,Male,Florida,Instagram,45,8022.09,0.0497
2994,Shoes,18-24,Other,Illinois,Facebook,30,8242.87,0.0781
2995,Shoes,18-24,Other,California,Facebook,30,6174.0,0.0707
2996,Furniture,25-34,Male,Texas,Facebook,60,993.21,0.0254
2997,Books,18-24,Male,California,Google Ads,14,5621.73,0.0819
2998,Laptops,45-54,Male,Florida,YouTube,60,4373.64,0.0517
2999,Smartphones,45-54,Female,Florida,YouTube,7,5506.9,0.0678
3000,Furniture,45-54,Other,Texas,Instagram,7,7532.81,0.0706
3001,Laptops,55+,Other,Florida,LinkedIn,30,6161.63,0.0406
3002,Books,45-54,Female,New York,Facebook,14,3279.35,0.0573
3003,Shoes,18-24,Male,Illinois,Google Ads,60,6195.32,0.085
3004,Books,18-24,Other,Texas,Google Ads,14,1289.82,0.0723
3005,Smartphones,45-54,Female,Texas,Facebook,30,550.98,0.0305
3006,Furniture,35-44,Male,California,Google Ads,45,4314.52,0.074
3007,Furniture,35-44,Other,Texas,Google Ads,30,7693.27,0.0959
3008,Smartphones,35-44,Male,Illinois,Facebook,30,8315.03,0.0614
3009,Laptops,25-34,Female,New York,Instagram,14,5723.47,0.078
3010,Laptops,55+,Other,California,Google Ads,7,8746.07,0.0759
3011,Furniture,45-54,Male,Illinois,YouTube,45,1696.19,0.0591
3012,Furniture,25-34,Male,Texas,YouTube,45,9659.01,0.0702
3013,Shoes,35-44,Male,Florida,YouTube,7,9256.72,0.0576
3014,Laptops,45-54,Female,Florida,Facebook,14,6192.75,0.0548
3015,Smartphones,25-34,Male,Illinois,YouTube,14,1057.86,0.055
3016,Laptops,18-24,Other,New York,LinkedIn,7,4814.93,0.038
3017,Shoes,35-44,Other,Florida,Google Ads,60,2203.09,0.052
3018,Furniture,25-34,Male,Illinois,Instagram,14,6470.04,0.0485
3019,Furniture,18-24,Female,California,YouTube,7,2304.67,0.0324
3020,Shoes,35-44,Other,Texas,Facebook,60,5077.08,0.0448
3021,Smartphones,55+,Other,New York,Instagram,30,2453.46,0.0364
3022,Furniture,35-44,Other,New York,Facebook,45,2227.53,0.0391
3023,Books,55+,Male,California,Instagram,7,2855.27,0.0469
3024,Furniture,55+,Other,New York,Instagram,14,777.37,0.0324
3025,Books,55+,Male,Illinois,Google Ads,45,7303.09,0.0806
3026,Shoes,45-54,Male,New York,Instagram,60,3413.9,0.0156
3027,Shoes,45-54,Male,New York,LinkedIn,45,7132.03,0.026
3028,Furniture,55+,Male,New York,LinkedIn,7,6708.04,0.0462
3029,Laptops,18-24,Male,Illinois,LinkedIn,30,1128.07,0.0321
3030,Books,55+,Other,Texas,Facebook,60,3464.33,0.0536
3031,Smartphones,25-34,Male,Florida,Google Ads,60,5885.18,0.0782
3032,Furniture,55+,Male,New York,Facebook,60,9224.81,0.0494
3033,Smartphones,45-54,Male,California,YouTube,45,4312.54,0.0379
3034,Furniture,45-54,Male,California,LinkedIn,30,5295.52,0.0486
3035,Laptops,25-34,Male,Illinois,Google Ads,7,7626.51,0.0856
3036,Laptops,25-34,Male,Texas,LinkedIn,7,8131.31,0.0736
3037,Laptops,35-44,Other,New York,Google Ads,45,9271.73,0.0704
3038,Laptops,18-24,Male,Illinois,Facebook,7,5223.3,0.057
3039,Shoes,18-24,Male,Florida,Facebook,7,2341.46,0.0714
3040,Shoes,18-24,Other,Texas,LinkedIn,30,7762.0,0.0616
3041,Books,45-54,Other,Texas,Instagram,45,1692.97,0.0467
3042,Smartphones,18-24,Female,Illinois,Google Ads,45,4474.25,0.0939
3043,Furniture,35-44,Other,California,YouTube,60,6468.02,0.0662
3044,Furniture,35-44,Other,Texas,Instagram,7,7072.63,0.0644
3045,Shoes,18-24,Male,California,Facebook,14,7463.76,0.0655
3046,Furniture,25-34,Female,Texas,Google Ads,30,2338.56,0.0653
3047,Shoes,35-44,Male,Texas,Instagram,30,9825.67,0.0586
3048,Books,25-34,Female,Texas,YouTube,14,2194.98,0.0651
3049,Smartphones,45-54,Male,Florida,Instagram,60,1412.7,0.0187
3050,Books,35-44,Other,California,YouTube,14,6808.48,0.0644
3051,Laptops,25-34,Other,Florida,Facebook,14,9145.0,0.0725
3052,Laptops,18-24,Female,California,Google Ads,60,5814.15,0.0643
3053,Laptops,45-54,Male,Florida,Facebook,14,6157.08,0.0681
3054,Books,55+,Male,Florida,Google Ads,60,5615.61,0.0759
3055,Furniture,55+,Other,Florida,Instagram,7,906.11,0.0443
3056,Smartphones,18-24,Other,Illinois,Facebook,60,6972.46,0.0706
3057,Laptops,45-54,Female,Florida,Google Ads,45,3902.89,0.0756
3058,Laptops,45-54,Other,Texas,YouTube,45,9388.9,0.0624
3059,Laptops,45-54,Female,New York,Google Ads,14,2274.51,0.0707
3060,Smartphones,45-54,Female,Florida,Facebook,45,3370.1,0.0494
3061,Laptops,55+,Female,New York,Facebook,60,5296.12,0.0342
3062,Smartphones,25-34,Female,New York,Instagram,7,5034.87,0.0591
3063,Laptops,45-54,Other,Texas,YouTube,60,4302.9,0.0626
3064,Books,25-34,Female,New York,Google Ads,30,3486.83,0.0743
3065,Books,45-54,Other,New York,Facebook,14,1898.25,0.0495
3066,Smartphones,35-44,Female,New York,Google Ads,7,8298.76,0.0854
3067,Books,35-44,Other,California,LinkedIn,14,4763.31,0.0408
3068,Smartphones,35-44,Female,Florida,YouTube,30,5943.09,0.0694
3069,Books,45-54,Other,Florida,YouTube,45,5692.25,0.0536
3070,Books,25-34,Male,New York,LinkedIn,30,5967.14,0.0502
3071,Smartphones,55+,Female,Texas,YouTube,45,7195.98,0.0429
3072,Furniture,18-24,Female,California,LinkedIn,14,6479.12,0.0228
3073,Books,55+,Male,Texas,Google Ads,14,3102.08,0.0693
3074,Laptops,45-54,Male,Texas,LinkedIn,14,5760.24,0.0455
3075,Furniture,35-44,Female,New York,Instagram,60,2822.87,0.0471
3076,Smartphones,35-44,Other,Illinois,LinkedIn,7,6093.95,0.0424
3077,Furniture,25-34,Female,New York,Google Ads,60,4603.38,0.0538
3078,Shoes,45-54,Other,Illinois,YouTube,30,874.47,0.0294
3079,Shoes,55+,Male,California,Instagram,7,7472.86,0.0481
3080,Books,45-54,Other,Illinois,LinkedIn,14,3109.33,0.053
3081,Books,45-54,Female,New York,Google Ads,14,9241.85,0.088
3082,Laptops,35-44,Male,New York,Instagram,14,3165.29,0.0574
3083,Furniture,55+,Male,Texas,Instagram,45,9967.92,0.0625
3084,Shoes,18-24,Female,New York,Instagram,30,4898.04,0.0579
3085,Books,35-44,Female,New York,LinkedIn,60,750.87,0.0244
3086,Furniture,55+,Male,Florida,Google Ads,30,1224.56,0.0551
3087,Books,25-34,Other,Florida,Google Ads,45,1279.84,0.0623
3088,Books,35-44,Other,Texas,Google Ads,45,1034.04,0.0528
3089,Shoes,25-34,Other,Illinois,Facebook,30,3044.0,0.054
3090,Shoes,35-44,Female,Illinois,YouTube,45,3583.59,0.0544
3091,Books,45-54,Male,Florida,Google Ads,7,1557.22,0.0757
3092,Smartphones,55+,Other,California,Facebook,14,4662.25,0.0388
3093,Books,25-34,Male,Florida,Facebook,60,3970.83,0.0479
3094,Books,35-44,Other,California,Instagram,45,6545.08,0.0541
3095,Laptops,25-34,Male,Illinois,YouTube,60,2360.71,0.0638
3096,Laptops,35-44,Female,Florida,Instagram,14,9182.86,0.073
3097,Laptops,35-44,Female,New York,YouTube,30,5401.91,0.0596
3098,Smartphones,18-24,Female,California,Instagram,14,6425.46,0.0684
3099,Smartphones,18-24,Other,California,LinkedIn,60,875.44,0.0265
3100,Books,18-24,Female,California,YouTube,7,5811.34,0.0537
3101,Laptops,25-34,Female,Illinois,Facebook,30,3996.95,0.0435
3102,Smartphones,45-54,Female,Texas,Facebook,45,9279.63,0.0477
3103,Shoes,35-44,Male,New York,YouTube,7,8913.61,0.056
3104,Books,55+,Male,Florida,Instagram,14,6557.66,0.0675
3105,Furniture,18-24,Male,California,LinkedIn,60,7794.59,0.0205
3106,Books,25-34,Male,Illinois,LinkedIn,60,6623.63,0.034
3107,Furniture,25-34,Male,California,Google Ads,60,661.2,0.0316
3108,Laptops,25-34,Male,Florida,YouTube,14,7179.7,0.0749
3109,Furniture,55+,Male,New York,LinkedIn,30,2182.36,0.0223
3110,Laptops,55+,Female,California,Instagram,45,6984.42,0.0431
3111,Shoes,18-24,Female,Illinois,Instagram,7,599.81,0.0524
3112,Furniture,55+,Other,Illinois,Facebook,14,3453.61,0.0531
3113,Books,18-24,Female,Texas,LinkedIn,60,5410.82,0.0448
3114,Laptops,55+,Male,Illinois,LinkedIn,45,3665.12,0.0274
3115,Books,55+,Male,Texas,Instagram,60,7092.88,0.0587
3116,Smartphones,55+,Other,New York,Facebook,14,5465.74,0.0448
3117,Laptops,18-24,Female,Florida,LinkedIn,60,9616.84,0.044
3118,Furniture,35-44,Female,Texas,Instagram,14,3899.22,0.0598
3119,Laptops,18-24,Other,California,Facebook,60,7357.66,0.049
3120,Books,35-44,Male,California,Facebook,14,8440.5,0.0559
3121,Shoes,25-34,Male,Florida,Instagram,60,2909.37,0.0549
3122,Laptops,25-34,Male,Illinois,Facebook,45,7664.25,0.063
3123,Furniture,18-24,Male,California,Facebook,45,4236.48,0.0288
3124,Smartphones,35-44,Other,Texas,Google Ads,60,1722.91,0.0686
3125,Shoes,35-44,Female,Florida,Facebook,60,534.65,0.0175
3126,Smartphones,35-44,Male,California,LinkedIn,14,7565.7,0.0579
3127,Laptops,25-34,Female,Illinois,Facebook,14,2269.32,0.061
3128,Books,18-24,Female,Illinois,LinkedIn,14,986.34,0.0359
3129,Books,45-54,Male,California,Instagram,30,5223.49,0.0521
3130,Furniture,35-44,Male,Florida,Facebook,60,3793.63,0.0544
3131,Books,35-44,Male,New York,Instagram,60,7072.16,0.0453
3132,Shoes,45-54,Female,California,YouTube,60,1519.96,0.032
3133,Books,18-24,Other,Illinois,Facebook,60,1760.21,0.0346
3134,Furniture,35-44,Male,New York,Instagram,14,4339.02,0.0557
3135,Laptops,18-24,Female,Florida,YouTube,14,5443.88,0.0646
3136,Laptops,35-44,Female,Illinois,LinkedIn,30,8329.84,0.0547
3137,Books,55+,Male,Florida,LinkedIn,14,6063.44,0.0569
3138,Smartphones,35-44,Other,California,LinkedIn,60,9074.68,0.0481
3139,Laptops,55+,Male,Florida,LinkedIn,60,2568.79,0.0267
3140,Books,18-24,Male,Illinois,LinkedIn,7,6164.09,0.0537
3141,Furniture,35-44,Other,California,Google Ads,14,6724.76,0.0886
3142,Books,25-34,Male,Illinois,Instagram,7,7395.15,0.0572
3143,Laptops,25-34,Male,Illinois,YouTube,60,9892.18,0.0717
3144,Furniture,45-54,Other,New York,YouTube,14,4946.32,0.0549
3145,Books,25-34,Female,Texas,Facebook,60,4008.54,0.0477
3146,Shoes,55+,Female,Florida,Instagram,7,8595.96,0.0451
3147,Furniture,25-34,Female,Florida,Google Ads,7,2179.51,0.0662
3148,Shoes,25-34,Female,New York,Google Ads,45,851.77,0.0527
3149,Smartphones,25-34,Female,Florida,Instagram,45,4714.1,0.0567
3150,Furniture,35-44,Male,New York,LinkedIn,14,2848.46,0.0473
3151,Shoes,45-54,Other,Florida,LinkedIn,14,4266.99,0.0416
3152,Laptops,18-24,Female,Florida,Instagram,14,9867.79,0.0649
3153,Laptops,45-54,Other,Illinois,YouTube,14,3810.64,0.057
3154,Smartphones,55+,Female,New York,LinkedIn,14,7225.67,0.0257
3155,Furniture,35-44,Male,Florida,Facebook,14,2878.82,0.055
3156,Furniture,35-44,Female,Texas,Google Ads,14,3382.52,0.086
3157,Furniture,25-34,Female,New York,LinkedIn,7,2809.97,0.0428
3158,Smartphones,25-34,Other,New York,YouTube,7,5935.53,0.0719
3159,Furniture,55+,Other,New York,LinkedIn,7,2648.03,0.046
3160,Laptops,35-44,Male,Illinois,LinkedIn,60,7324.46,0.0373
3161,Shoes,18-24,Other,New York,Google Ads,30,6962.6,0.09
3162,Laptops,45-54,Other,Illinois,Facebook,60,4502.06,0.0368
3163,Laptops,35-44,Other,Texas,Facebook,14,742.98,0.0418
3164,Shoes,18-24,Male,California,YouTube,30,715.19,0.0475
3165,Laptops,18-24,Male,Illinois,Instagram,7,5561.66,0.0582
3166,Smartphones,45-54,Male,Florida,Instagram,7,8472.39,0.0584
3167,Shoes,18-24,Other,New York,Instagram,45,6189.3,0.0616
3168,Laptops,55+,Other,California,YouTube,14,4638.68,0.049
3169,Books,18-24,Male,Illinois,LinkedIn,14,8880.13,0.0554
3170,Laptops,55+,Other,Florida,Facebook,45,2371.46,0.045
3171,Smartphones,18-24,Other,California,Facebook,60,3914.53,0.0546
3172,Furniture,25-34,Female,Texas,LinkedIn,45,5870.44,0.0434
3173,Laptops,18-24,Male,Illinois,Facebook,14,3270.86,0.0502
3174,Furniture,55+,Male,Illinois,Facebook,7,9978.27,0.0665
3175,Books,18-24,Other,Texas,Instagram,45,4797.05,0.0529
3176,Laptops,18-24,Other,Illinois,Instagram,30,991.36,0.0438
3177,Shoes,18-24,Female,New York,Google Ads,7,2172.79,0.0793
3178,Furniture,55+,Male,Illinois,Google Ads,60,5558.57,0.0713
3179,Books,18-24,Male,New York,Facebook,7,5725.53,0.0605
3180,Shoes,45-54,Other,Illinois,Instagram,60,9849.37,0.0378
3181,Shoes,45-54,Male,Florida,Google Ads,7,6199.68,0.0651
3182,Shoes,55+,Other,Florida,Google Ads,14,6832.96,0.0725
3183,Shoes,25-34,Female,California,Instagram,60,2530.37,0.0431
3184,Laptops,45-54,Other,Florida,Google Ads,60,1515.22,0.0575
3185,Laptops,35-44,Female,Texas,LinkedIn,45,6219.1,0.0473
3186,Laptops,45-54,Other,California,LinkedIn,7,8716.36,0.0593
3187,Books,35-44,Female,Florida,Instagram,60,6080.04,0.0522
3188,Books,55+,Female,New York,Instagram,60,4706.44,0.0396
3189,Books,25-34,Male,Illinois,Google Ads,7,5992.96,0.073
3190,Smartphones,35-44,Other,Florida,Facebook,7,4953.33,0.0585
3191,Books,35-44,Male,New York,YouTube,30,1847.87,0.0506
3192,Laptops,45-54,Male,California,LinkedIn,45,7541.25,0.0371
3193,Laptops,35-44,Other,Illinois,LinkedIn,60,5563.86,0.0544
3194,Smartphones,55+,Male,Florida,Instagram,7,4293.57,0.0441
3195,Smartphones,55+,Male,California,Facebook,60,5816.57,0.0241
3196,Books,55+,Male,Florida,Instagram,30,2791.66,0.0396
3197,Furniture,45-54,Other,California,Google Ads,30,4565.6,0.078
3198,Smartphones,25-34,Male,Florida,Facebook,60,6413.23,0.0661
3199,Shoes,45-54,Male,New York,Google Ads,45,2648.84,0.0601
3200,Laptops,55+,Male,Texas,LinkedIn,14,7615.45,0.0445
3201,Shoes,45-54,Other,New York,Instagram,60,5449.6,0.0405
3202,Laptops,55+,Female,Illinois,Instagram,30,8686.21,0.0402
3203,Laptops,18-24,Female,Florida,YouTube,45,8548.75,0.0633
3204,Smartphones,18-24,Female,Texas,Facebook,7,5197.91,0.0708
3205,Smartphones,35-44,Female,Texas,LinkedIn,45,2356.92,0.0375
3206,Shoes,25-34,Male,Illinois,YouTube,45,7498.1,0.058
3207,Laptops,18-24,Other,Illinois,YouTube,60,4477.44,0.0543
3208,Shoes,55+,Male,Texas,Instagram,45,6148.96,0.0289
3209,Furniture,45-54,Other,Illinois,Facebook,7,1519.02,0.0648
3210,Shoes,45-54,Male,Illinois,Instagram,60,6500.05,0.033
3211,Books,35-44,Female,Florida,Facebook,30,4048.73,0.0585
3212,Shoes,45-54,Female,New York,YouTube,7,3674.8,0.0372
3213,Books,18-24,Other,California,Google Ads,60,9809.2,0.0594
3214,Books,45-54,Male,Texas,LinkedIn,60,4608.09,0.0376
3215,Books,18-24,Female,California,YouTube,14,6941.36,0.0667
3216,Furniture,18-24,Other,Texas,Instagram,7,6463.41,0.0504
3217,Shoes,25-34,Male,Texas,LinkedIn,45,1490.88,0.0411
3218,Shoes,35-44,Other,New York,YouTube,7,7605.31,0.0534
3219,Furniture,55+,Male,Texas,Facebook,7,3570.01,0.0616
3220,Laptops,18-24,Male,Texas,Instagram,14,8089.93,0.0601
3221,Smartphones,35-44,Male,New York,YouTube,45,6272.59,0.0498
3222,Shoes,55+,Other,Illinois,Facebook,14,3512.37,0.0354
3223,Smartphones,45-54,Other,California,Facebook,14,3884.78,0.0421
3224,Furniture,35-44,Male,Texas,Facebook,14,7449.32,0.0774
3225,Laptops,35-44,Female,New York,LinkedIn,7,5725.56,0.0597
3226,Laptops,35-44,Male,Texas,Instagram,14,6849.33,0.0685
3227,Laptops,45-54,Other,New York,Facebook,30,2004.02,0.0418
3228,Furniture,45-54,Male,California,YouTube,45,7976.28,0.0765
3229,Books,35-44,Other,Florida,Facebook,45,3543.72,0.0552
3230,Books,25-34,Male,Illinois,Instagram,14,6388.68,0.0573
3231,Smartphones,18-24,Male,Florida,LinkedIn,7,1589.46,0.0581
3232,Books,45-54,Female,New York,Facebook,60,3553.49,0.0545
3233,Books,25-34,Female,Texas,YouTube,60,6664.24,0.0534
3234,Laptops,45-54,Other,Illinois,Instagram,7,3104.96,0.0455
3235,Laptops,35-44,Male,California,Facebook,14,8862.97,0.0753
3236,Smartphones,25-34,Other,Illinois,LinkedIn,14,6781.67,0.0586
3237,Shoes,55+,Male,Texas,Google Ads,30,8767.64,0.0721
3238,Smartphones,18-24,Male,Florida,YouTube,60,4256.21,0.075
3239,Smartphones,18-24,Male,New York,Facebook,60,822.86,0.0339
3240,Furniture,45-54,Female,Florida,Facebook,45,5973.33,0.0586
3241,Furniture,18-24,Other,Illinois,Google Ads,14,3722.34,0.0665
3242,Smartphones,55+,Male,Texas,Instagram,7,4757.79,0.0421
3243,Smartphones,25-34,Male,New York,Google Ads,14,6970.55,0.0755
3244,Smartphones,25-34,Other,Texas,Instagram,14,7156.31,0.0669
3245,Books,35-44,Other,Texas,Facebook,30,761.79,0.0463
3246,Furniture,25-34,Male,Illinois,Google Ads,7,7808.38,0.0914
3247,Smartphones,45-54,Female,Florida,Facebook,30,5188.43,0.0474
3248,Laptops,55+,Female,Texas,Google Ads,30,5788.64,0.0713
3249,Laptops,35-44,Male,Texas,Facebook,30,3330.94,0.0539
3250,Books,45-54,Female,Texas,Facebook,30,4497.92,0.0649
3251,Books,45-54,Other,New York,Facebook,14,7248.56,0.0727
3252,Shoes,45-54,Female,Texas,LinkedIn,45,7878.78,0.041
3253,Shoes,18-24,Other,Texas,Google Ads,14,4177.51,0.0899
3254,Shoes,45-54,Other,Illinois,LinkedIn,30,7065.62,0.0394
3255,Books,18-24,Other,Texas,Facebook,30,2951.41,0.0525
3256,Books,25-34,Other,Texas,YouTube,45,8404.22,0.0654
3257,Books,18-24,Female,Illinois,Instagram,60,6293.24,0.0477
3258,Laptops,45-54,Other,New York,Google Ads,7,7864.27,0.0811
3259,Books,55+,Male,Florida,Google Ads,30,5032.97,0.0913
3260,Laptops,55+,Other,Illinois,Instagram,30,2676.54,0.039
3261,Shoes,25-34,Male,New York,LinkedIn,14,4577.7,0.0456
3262,Shoes,45-54,Other,Florida,Instagram,30,4124.11,0.0479
3263,Shoes,18-24,Other,Texas,YouTube,30,3660.81,0.0739
3264,Smartphones,55+,Female,Illinois,Facebook,7,2515.65,0.0361
3265,Smartphones,35-44,Other,Texas,Instagram,14,7712.09,0.0528
3266,Furniture,45-54,Other,Illinois,Instagram,60,1320.34,0.0382
3267,Furniture,45-54,Female,Florida,Facebook,30,8931.83,0.0807
3268,Furniture,35-44,Female,New York,Google Ads,30,2162.73,0.0543
3269,Smartphones,55+,Male,Illinois,YouTube,60,9808.8,0.0293
3270,Smartphones,35-44,Female,New York,Instagram,45,9890.45,0.0559
3271,Furniture,25-34,Male,Texas,Instagram,60,4284.68,0.0438
3272,Furniture,18-24,Other,Texas,Google Ads,60,9884.3,0.0655
3273,Books,18-24,Male,Florida,YouTube,14,8756.15,0.0663
3274,Furniture,55+,Female,Florida,Facebook,60,1283.09,0.0228
3275,Books,35-44,Other,California,Facebook,14,9499.62,0.0605
3276,Laptops,45-54,Male,California,LinkedIn,60,903.89,0.0234
3277,Smartphones,45-54,Male,Florida,YouTube,30,2228.19,0.0413
3278,Furniture,45-54,Male,Texas,YouTube,30,6053.66,0.0683
3279,Smartphones,25-34,Other,New York,Instagram,45,1267.0,0.0235
3280,Smartphones,25-34,Male,Florida,LinkedIn,60,2036.41,0.0268
3281,Smartphones,45-54,Male,New York,Facebook,7,9558.17,0.062
3282,Laptops,55+,Female,California,YouTube,60,9949.53,0.047
3283,Shoes,25-34,Male,New York,YouTube,7,8082.3,0.0792
3284,Furniture,25-34,Other,Florida,Google Ads,60,5394.49,0.0635
3285,Shoes,18-24,Female,Texas,Facebook,14,9052.86,0.0711
3286,Shoes,18-24,Other,Florida,Google Ads,30,1563.04,0.0752
3287,Shoes,55+,Female,Illinois,LinkedIn,7,9457.47,0.0387
3288,Smartphones,25-34,Female,Illinois,YouTube,7,3839.75,0.0664
3289,Books,25-34,Male,Illinois,LinkedIn,60,8684.15,0.039
3290,Smartphones,35-44,Other,Texas,Google Ads,30,6849.55,0.0776
3291,Smartphones,55+,Male,Florida,Facebook,45,9622.61,0.042
3292,Shoes,55+,Female,Illinois,YouTube,7,8714.44,0.0516
3293,Smartphones,35-44,Male,Florida,Facebook,30,8935.03,0.0725
3294,Shoes,35-44,Female,California,LinkedIn,30,6501.67,0.0415
3295,Books,18-24,Female,Illinois,Instagram,7,8415.01,0.0607
3296,Furniture,55+,Other,Illinois,Facebook,14,7692.75,0.0634
3297,Shoes,55+,Other,Texas,Facebook,14,2035.42,0.0391
3298,Books,35-44,Other,Florida,Facebook,60,6661.67,0.0578
3299,Furniture,45-54,Other,Texas,YouTube,60,1907.67,0.0448
3300,Laptops,45-54,Male,Texas,LinkedIn,30,8759.83,0.0403
3301,Shoes,18-24,Other,Florida,LinkedIn,7,1126.52,0.0362
3302,Shoes,45-54,Other,California,YouTube,14,9876.94,0.0687
3303,Laptops,45-54,Other,Florida,Facebook,30,4305.95,0.0483
3304,Laptops,45-54,Female,California,Facebook,14,2120.98,0.0461
3305,Shoes,25-34,Female,Texas,Instagram,7,9388.91,0.0723
3306,Laptops,18-24,Other,California,Facebook,14,931.55,0.0453
3307,Smartphones,35-44,Female,California,Google Ads,45,4966.0,0.0654
3308,Furniture,45-54,Female,California,Facebook,60,7817.16,0.0476
3309,Furniture,25-34,Male,Illinois,Instagram,14,3509.13,0.0434
3310,Furniture,45-54,Female,Illinois,Google Ads,7,5523.93,0.0855
3311,Smartphones,25-34,Male,Texas,Instagram,7,7153.92,0.0622
3312,Laptops,18-24,Female,Florida,Instagram,45,9543.78,0.0527
3313,Books,45-54,Other,California,LinkedIn,7,1475.68,0.0318
3314,Laptops,25-34,Female,Illinois,YouTube,45,1993.65,0.0512
3315,Shoes,55+,Female,Florida,Instagram,30,5334.27,0.0354
3316,Furniture,55+,Male,California,Facebook,14,4475.51,0.0551
3317,Laptops,25-34,Other,Florida,LinkedIn,7,4402.56,0.0621
3318,Books,45-54,Male,New York,Google Ads,60,3321.13,0.0621
3319,Shoes,45-54,Other,California,YouTube,14,5826.51,0.0425
3320,Smartphones,18-24,Other,Florida,LinkedIn,45,8891.24,0.0516
3321,Smartphones,18-24,Male,California,Instagram,14,2028.78,0.0581
3322,Books,35-44,Female,California,LinkedIn,14,2545.22,0.0363
3323,Shoes,18-24,Other,New York,Facebook,7,6872.82,0.0723
3324,Furniture,45-54,Female,Florida,Facebook,60,1033.88,0.042
3325,Laptops,35-44,Male,Texas,Facebook,30,6900.76,0.0732
3326,Shoes,18-24,Male,Illinois,YouTube,60,3487.33,0.0506
3327,Smartphones,25-34,Male,California,LinkedIn,45,3899.61,0.037
3328,Books,55+,Male,California,LinkedIn,60,4352.72,0.038
3329,Books,18-24,Other,California,Instagram,60,3821.08,0.0273
3330,Laptops,18-24,Male,California,Google Ads,45,8491.49,0.0654
3331,Books,25-34,Female,Illinois,Facebook,60,9487.65,0.0628
3332,Books,45-54,Female,Texas,Google Ads,30,5706.11,0.0759
3333,Shoes,25-34,Other,New York,Google Ads,14,6027.85,0.074
3334,Furniture,18-24,Male,Texas,Facebook,30,1169.59,0.0195
3335,Laptops,45-54,Other,Illinois,Facebook,14,7275.32,0.0657
3336,Shoes,35-44,Other,Florida,Instagram,14,6048.94,0.0497
3337,Furniture,18-24,Other,New York,YouTube,60,978.75,0.0103
3338,Shoes,25-34,Male,New York,Facebook,14,2385.04,0.0466
3339,Shoes,35-44,Female,Florida,Google Ads,45,2418.46,0.0587
3340,Books,55+,Female,California,Instagram,30,2124.2,0.0509
3341,Furniture,35-44,Other,Illinois,LinkedIn,14,6757.14,0.0651
3342,Laptops,25-34,Other,Florida,Instagram,60,9320.18,0.0551
3343,Laptops,35-44,Female,Texas,Facebook,60,7748.27,0.0553
3344,Furniture,25-34,Female,Texas,Facebook,60,5035.05,0.0599
3345,Books,18-24,Male,Florida,YouTube,7,4338.49,0.0687
3346,Smartphones,45-54,Other,Illinois,Instagram,30,4171.35,0.0381
3347,Shoes,55+,Male,New York,Facebook,60,6211.85,0.017
3348,Books,45-54,Female,New York,Google Ads,45,3912.6,0.0664
3349,Furniture,45-54,Female,California,Google Ads,60,2648.16,0.0552
3350,Shoes,45-54,Female,Illinois,Instagram,7,6227.01,0.0428
3351,Laptops,25-34,Female,Texas,YouTube,30,4211.7,0.0609
3352,Smartphones,25-34,Male,Texas,Instagram,14,634.19,0.0461
3353,Laptops,55+,Female,California,YouTube,30,711.2,0.0305
3354,Furniture,25-34,Other,Texas,Google Ads,14,3104.3,0.069
3355,Shoes,25-34,Female,California,Facebook,14,5368.01,0.0528
3356,Furniture,25-34,Other,California,LinkedIn,60,3865.28,0.0281
3357,Shoes,25-34,Female,Florida,Facebook,45,728.52,0.0365
3358,Books,18-24,Male,New York,Google Ads,45,2619.94,0.0454
3359,Smartphones,55+,Other,Illinois,Google Ads,60,1415.98,0.0421
3360,Books,25-34,Male,Illinois,Facebook,7,9512.0,0.0639
3361,Books,55+,Female,New York,Facebook,14,3471.92,0.0559
3362,Furniture,35-44,Male,Illinois,Google Ads,45,640.28,0.0594
3363,Smartphones,18-24,Female,Texas,Facebook,30,6775.35,0.0742
3364,Shoes,25-34,Male,Texas,LinkedIn,7,2708.26,0.0505
3365,Shoes,18-24,Male,Illinois,LinkedIn,60,5883.99,0.0433
3366,Laptops,18-24,Other,Florida,Instagram,7,1932.08,0.0513
3367,Shoes,35-44,Female,Illinois,LinkedIn,45,9848.13,0.0411
3368,Furniture,55+,Male,California,Google Ads,60,9717.46,0.0788
3369,Books,18-24,Female,California,Google Ads,45,6731.84,0.0723
3370,Books,45-54,Other,New York,Instagram,14,7218.42,0.069
3371,Books,35-44,Male,Texas,YouTube,7,4545.85,0.0637
3372,Smartphones,45-54,Female,Florida,Instagram,14,9640.7,0.0634
3373,Shoes,35-44,Male,Illinois,YouTube,30,4525.53,0.0541
3374,Furniture,45-54,Male,California,YouTube,14,2774.95,0.0653
3375,Smartphones,45-54,Male,Texas,Facebook,7,1596.1,0.0447
3376,Laptops,18-24,Male,Texas,LinkedIn,30,2477.19,0.0418
3377,Furniture,18-24,Other,Florida,YouTube,45,5936.03,0.0384
3378,Furniture,35-44,Other,Florida,Facebook,30,2828.37,0.0641
3379,Furniture,55+,Female,Florida,Instagram,7,6715.37,0.065
3380,Books,18-24,Female,Florida,Instagram,60,4130.75,0.0311
3381,Furniture,18-24,Male,California,YouTube,30,8925.29,0.0458
3382,Shoes,25-34,Male,Florida,Facebook,45,5805.54,0.0514
3383,Furniture,18-24,Male,Texas,Google Ads,30,6414.74,0.0551
3384,Books,55+,Other,Texas,LinkedIn,14,5787.32,0.0635
3385,Furniture,25-34,Male,Illinois,YouTube,60,8912.9,0.0493
3386,Laptops,45-54,Female,Texas,Google Ads,7,1102.49,0.0558
3387,Laptops,45-54,Male,Texas,LinkedIn,60,1139.81,0.0326
3388,Books,25-34,Other,California,Google Ads,14,7166.53,0.0773
3389,Shoes,25-34,Male,Texas,Facebook,60,7795.66,0.0625
3390,Shoes,25-34,Other,New York,YouTube,14,4619.1,0.0715
3391,Smartphones,35-44,Other,Texas,Google Ads,30,3846.9,0.0763
3392,Books,55+,Other,Illinois,Google Ads,7,3140.48,0.0821
3393,Furniture,55+,Other,Illinois,Google Ads,14,2726.75,0.0718
3394,Books,45-54,Female,Florida,YouTube,14,9163.61,0.0813
3395,Smartphones,45-54,Other,California,Facebook,30,3303.83,0.0357
3396,Books,45-54,Female,Illinois,Facebook,14,6656.75,0.0702
3397,Books,18-24,Female,New York,Google Ads,7,7977.4,0.0775
3398,Smartphones,45-54,Male,New York,Facebook,45,708.68,0.0195
3399,Shoes,25-34,Male,Florida,LinkedIn,60,821.8,0.0378
3400,Furniture,45-54,Other,California,Facebook,14,3664.81,0.0553
3401,Smartphones,25-34,Male,California,Google Ads,60,7112.15,0.0765
3402,Laptops,35-44,Other,Texas,LinkedIn,60,2977.59,0.04
3403,Shoes,18-24,Male,New York,YouTube,45,514.09,0.0496
3404,Laptops,18-24,Other,New York,Instagram,14,3237.41,0.0495
3405,Shoes,55+,Male,New York,Facebook,7,1356.24,0.0208
3406,Furniture,35-44,Male,New York,LinkedIn,14,2584.43,0.0474
3407,Furniture,25-34,Female,Illinois,Instagram,60,3665.31,0.0401
3408,Books,35-44,Male,California,YouTube,30,1716.54,0.0554
3409,Laptops,18-24,Male,Texas,Instagram,45,7210.46,0.0587
3410,Shoes,25-34,Other,Illinois,YouTube,7,2931.24,0.0717
3411,Furniture,35-44,Female,California,Google Ads,7,6780.4,0.083
3412,Smartphones,18-24,Other,Florida,Google Ads,60,6190.81,0.0797
3413,Furniture,25-34,Male,New York,YouTube,7,9031.43,0.0706
3414,Smartphones,25-34,Other,Texas,Instagram,60,1335.37,0.0477
3415,Shoes,18-24,Female,California,Facebook,7,2538.78,0.0608
3416,Furniture,25-34,Other,Florida,Instagram,7,8719.2,0.0597
3417,Furniture,18-24,Male,New York,Instagram,60,8310.25,0.0217
3418,Shoes,45-54,Other,Florida,Facebook,45,2325.0,0.0348
3419,Furniture,45-54,Male,Florida,Instagram,7,1523.49,0.0526
3420,Smartphones,25-34,Female,Illinois,Instagram,14,8634.29,0.0677
3421,Furniture,25-34,Female,Florida,LinkedIn,30,2192.31,0.0413
3422,Laptops,18-24,Other,Illinois,YouTube,60,8775.54,0.0595
3423,Books,25-34,Female,Illinois,Google Ads,7,9630.59,0.0884
3424,Smartphones,55+,Other,Florida,YouTube,45,2597.66,0.0411
3425,Laptops,45-54,Male,California,Instagram,14,8483.68,0.0682
3426,Shoes,25-34,Other,Florida,Facebook,60,4526.4,0.0493
3427,Smartphones,25-34,Male,Florida,Facebook,14,7993.4,0.0691
3428,Books,35-44,Female,California,Google Ads,30,4370.26,0.0662
3429,Books,25-34,Male,New York,Google Ads,45,1168.76,0.0565
3430,Shoes,55+,Male,Texas,Google Ads,60,7270.61,0.0511
3431,Shoes,45-54,Male,New York,Facebook,60,1931.54,0.0199
3432,Smartphones,35-44,Male,Florida,Instagram,7,9306.74,0.0633
3433,Furniture,18-24,Male,New York,Google Ads,14,4468.59,0.0677
3434,Shoes,18-24,Other,Texas,Google Ads,60,1279.0,0.0748
3435,Furniture,45-54,Male,New York,Facebook,14,2670.56,0.0456
3436,Laptops,18-24,Male,Texas,Instagram,30,8693.92,0.0699
3437,Books,55+,Male,New York,Google Ads,7,3550.31,0.0722
3438,Furniture,25-34,Male,Illinois,Instagram,30,8635.12,0.0573
3439,Books,45-54,Male,Florida,LinkedIn,7,2136.72,0.0423
3440,Furniture,35-44,Male,Texas,Google Ads,7,4948.07,0.088
3441,Laptops,25-34,Female,Florida,Google Ads,14,8843.47,0.0877
3442,Shoes,18-24,Other,Illinois,Facebook,7,959.85,0.0668
3443,Laptops,18-24,Male,New York,LinkedIn,30,3390.63,0.0364
3444,Shoes,35-44,Other,Florida,LinkedIn,30,9143.59,0.0494
3445,Shoes,55+,Female,New York,LinkedIn,30,6167.0,0.0217
3446,Books,35-44,Female,New York,YouTube,14,7304.21,0.0597
3447,Laptops,45-54,Male,Florida,Facebook,14,8500.22,0.0604
3448,Furniture,35-44,Other,Texas,Facebook,45,5474.17,0.0651
3449,Laptops,18-24,Male,Texas,Google Ads,60,8530.98,0.0749
3450,Books,55+,Female,Florida,Facebook,45,6568.26,0.068
3451,Shoes,55+,Female,Texas,Google Ads,45,7013.68,0.0617
3452,Books,35-44,Other,California,Google Ads,7,1952.12,0.0695
3453,Smartphones,45-54,Male,New York,YouTube,7,9420.68,0.0643
3454,Smartphones,18-24,Other,Florida,Facebook,45,8062.8,0.0733
3455,Furniture,25-34,Other,Illinois,Facebook,60,2914.86,0.0448
3456,Books,55+,Female,Florida,YouTube,45,6009.95,0.0704
3457,Furniture,35-44,Other,Florida,YouTube,14,4076.43,0.0778
3458,Furniture,45-54,Female,New York,Facebook,30,6773.82,0.0656
3459,Smartphones,45-54,Male,Illinois,Facebook,45,9940.6,0.0575
3460,Furniture,18-24,Other,New York,Google Ads,7,934.59,0.0505
3461,Smartphones,55+,Other,Texas,Instagram,60,9548.97,0.0485
3462,Shoes,18-24,Male,Florida,Google Ads,7,1187.72,0.077
3463,Books,25-34,Other,New York,LinkedIn,14,4877.26,0.0504
3464,Furniture,25-34,Male,California,LinkedIn,7,5080.04,0.0373
3465,Smartphones,25-34,Female,Florida,Instagram,7,3052.88,0.0676
3466,Laptops,45-54,Female,Texas,YouTube,60,5883.64,0.0534
3467,Furniture,55+,Other,New York,LinkedIn,60,8422.66,0.0461
3468,Shoes,18-24,Female,New York,YouTube,7,3292.64,0.0808
3469,Shoes,18-24,Female,California,YouTube,7,1168.85,0.066
3470,Laptops,25-34,Male,Texas,Google Ads,45,6506.7,0.0796
3471,Smartphones,55+,Female,California,YouTube,14,7641.58,0.0442
3472,Furniture,55+,Female,Florida,Instagram,45,9567.97,0.061
3473,Smartphones,35-44,Female,Illinois,Google Ads,60,2015.48,0.0538
3474,Shoes,55+,Male,New York,Instagram,45,9062.92,0.0401
3475,Smartphones,55+,Other,California,YouTube,45,5080.17,0.0351
3476,Shoes,18-24,Male,New York,LinkedIn,7,2739.7,0.0472
3477,Smartphones,55+,Other,New York,YouTube,7,9646.11,0.054
3478,Laptops,55+,Other,California,Instagram,14,2765.08,0.0391
3479,Books,18-24,Female,New York,Facebook,30,7467.72,0.0532
3480,Laptops,55+,Female,Texas,Facebook,30,7956.42,0.0474
3481,Laptops,18-24,Male,Texas,LinkedIn,45,4589.93,0.0527
3482,Books,35-44,Male,Illinois,Instagram,14,7054.86,0.0609
3483,Books,45-54,Male,Texas,LinkedIn,14,5938.53,0.0431
3484,Furniture,18-24,Female,California,Google Ads,60,2324.31,0.0455
3485,Furniture,18-24,Other,Texas,YouTube,7,7718.93,0.0576
3486,Laptops,55+,Male,Illinois,Google Ads,60,9316.15,0.0637
3487,Laptops,18-24,Other,Florida,Facebook,30,5142.06,0.0558
3488,Shoes,25-34,Female,Florida,YouTube,14,9945.95,0.078
3489,Shoes,25-34,Female,California,Google Ads,30,4565.67,0.0846
3490,Furniture,35-44,Female,Illinois,Facebook,7,5057.5,0.0713
3491,Furniture,18-24,Female,Texas,Google Ads,7,6902.03,0.0718
3492,Shoes,55+,Other,Illinois,YouTube,7,2264.82,0.0403
3493,Shoes,55+,Other,New York,Google Ads,30,9068.49,0.0733
3494,Smartphones,45-54,Male,Illinois,YouTube,14,8112.09,0.0656
3495,Smartphones,35-44,Other,Texas,Google Ads,60,8787.96,0.0799
3496,Shoes,55+,Other,California,LinkedIn,14,6290.81,0.0341
3497,Smartphones,45-54,Other,New York,Google Ads,14,8895.61,0.0787
3498,Books,55+,Male,Illinois,Google Ads,45,6959.74,0.0832
3499,Furniture,45-54,Other,Florida,LinkedIn,14,5359.83,0.0552
3500,Furniture,25-34,Other,Texas,Facebook,60,9352.01,0.057
3501,Shoes,25-34,Other,California,YouTube,45,4677.34,0.0697
3502,Laptops,55+,Female,Texas,Instagram,14,5255.41,0.0495
3503,Shoes,35-44,Other,Illinois,Facebook,45,2110.67,0.0433
3504,Smartphones,18-24,Male,California,YouTube,14,9502.76,0.0906
3505,Laptops,35-44,Male,Florida,Google Ads,7,2600.0,0.0826
3506,Smartphones,35-44,Male,New York,Facebook,7,2413.45,0.0575
3507,Books,18-24,Male,Illinois,Google Ads,14,1461.35,0.0491
3508,Smartphones,25-34,Female,California,Facebook,45,4806.91,0.0444
3509,Books,25-34,Male,New York,Facebook,60,3099.34,0.0492
3510,Books,18-24,Female,California,Instagram,7,7537.42,0.0515
3511,Smartphones,45-54,Female,Illinois,LinkedIn,45,3421.46,0.0273
3512,Smartphones,35-44,Female,California,Facebook,60,7347.32,0.0573
3513,Books,55+,Male,Florida,Google Ads,45,2361.63,0.072
3514,Laptops,25-34,Male,California,Instagram,14,2684.68,0.062
3515,Books,55+,Female,Illinois,Facebook,7,8158.65,0.07
3516,Furniture,18-24,Female,California,LinkedIn,7,4025.39,0.0326
3517,Books,55+,Male,New York,Google Ads,7,1561.85,0.0718
3518,Laptops,55+,Other,New York,Instagram,14,9633.34,0.0596
3519,Furniture,35-44,Other,Texas,YouTube,60,2185.23,0.0527
3520,Shoes,18-24,Other,Texas,LinkedIn,60,1926.87,0.0353
3521,Shoes,55+,Male,Florida,YouTube,7,3904.63,0.0468
3522,Laptops,25-34,Male,New York,YouTube,60,1408.52,0.0408
3523,Books,18-24,Female,Texas,Instagram,7,1978.36,0.0417
3524,Smartphones,25-34,Male,California,Instagram,60,8541.22,0.0515
3525,Laptops,45-54,Male,Florida,Instagram,7,2129.32,0.053
3526,Furniture,55+,Male,Illinois,YouTube,60,1558.55,0.0497
3527,Furniture,18-24,Female,Texas,Google Ads,45,8859.6,0.0662
3528,Shoes,25-34,Female,Texas,Instagram,7,4716.07,0.0588
3529,Furniture,55+,Other,New York,LinkedIn,7,1993.05,0.0342
3530,Laptops,35-44,Other,Florida,Instagram,30,6024.42,0.0474
3531,Furniture,25-34,Male,New York,Instagram,7,894.31,0.0385
3532,Laptops,25-34,Male,New York,Instagram,60,4560.13,0.042
3533,Smartphones,45-54,Female,Florida,YouTube,45,6107.98,0.0601
3534,Shoes,35-44,Other,California,Google Ads,45,9592.64,0.0616
3535,Furniture,45-54,Other,Texas,Instagram,60,3601.42,0.0449
3536,Laptops,35-44,Other,New York,YouTube,14,7767.99,0.0704
3537,Books,25-34,Male,Texas,LinkedIn,7,1760.65,0.0443
3538,Shoes,45-54,Male,Florida,Google Ads,45,4619.03,0.0708
3539,Smartphones,55+,Male,California,YouTube,60,2619.78,0.0189
3540,Laptops,35-44,Female,Illinois,Facebook,45,5178.44,0.0535
3541,Smartphones,25-34,Other,California,LinkedIn,45,4463.7,0.036
3542,Smartphones,18-24,Female,Florida,LinkedIn,60,9807.96,0.0661
3543,Furniture,35-44,Other,California,Facebook,30,9216.23,0.0632
3544,Furniture,35-44,Male,Illinois,YouTube,45,6030.96,0.0665
3545,Laptops,55+,Female,New York,YouTube,45,2176.84,0.034
3546,Books,35-44,Female,California,LinkedIn,14,5791.09,0.0501
3547,Laptops,35-44,Male,Florida,YouTube,30,8024.78,0.0714
3548,Books,55+,Other,California,Facebook,14,861.26,0.0394
3549,Smartphones,55+,Other,Illinois,YouTube,60,4623.28,0.0368
3550,Shoes,45-54,Other,Florida,LinkedIn,7,905.15,0.0196
3551,Laptops,25-34,Other,California,YouTube,60,2817.6,0.0547
3552,Laptops,25-34,Male,Florida,Google Ads,30,1375.09,0.07
3553,Books,45-54,Male,Illinois,Facebook,60,9625.49,0.0529
3554,Smartphones,25-34,Male,New York,Facebook,30,2103.87,0.0649
3555,Smartphones,35-44,Male,Illinois,Instagram,14,1925.99,0.0536
3556,Books,45-54,Female,New York,YouTube,45,9734.52,0.0807
3557,Smartphones,45-54,Female,Texas,Facebook,60,5401.69,0.038
3558,Furniture,25-34,Female,Illinois,YouTube,60,7700.86,0.0514
3559,Shoes,18-24,Male,New York,Google Ads,45,3609.49,0.0811
3560,Laptops,25-34,Other,Texas,LinkedIn,60,5562.18,0.0531
3561,Shoes,18-24,Female,Texas,LinkedIn,60,565.11,0.0335
3562,Laptops,45-54,Female,Texas,Instagram,7,4383.78,0.0413
3563,Furniture,18-24,Male,Florida,Instagram,7,5773.35,0.0392
3564,Smartphones,35-44,Other,Illinois,Facebook,45,5386.9,0.0523
3565,Books,55+,Other,Illinois,Facebook,14,4355.29,0.0591
3566,Furniture,18-24,Other,Illinois,Facebook,60,7985.12,0.0286
3567,Shoes,55+,Male,Illinois,Google Ads,60,5265.59,0.0502
3568,Books,35-44,Other,Florida,Instagram,14,6543.14,0.0434
3569,Smartphones,55+,Female,Illinois,Instagram,60,2253.9,0.016
3570,Furniture,35-44,Female,New York,LinkedIn,14,8684.25,0.0578
3571,Books,55+,Female,Texas,Instagram,45,3946.94,0.0551
3572,Furniture,55+,Male,Florida,Instagram,45,5079.98,0.0534
3573,Furniture,25-34,Other,Florida,Google Ads,14,3845.85,0.0779
3574,Smartphones,18-24,Male,Illinois,Facebook,14,8973.12,0.0852
3575,Laptops,55+,Other,Texas,Google Ads,30,9057.03,0.0729
3576,Books,45-54,Male,New York,YouTube,7,2630.7,0.0516
3577,Smartphones,25-34,Female,Texas,LinkedIn,7,7650.79,0.0658
3578,Furniture,18-24,Male,California,LinkedIn,60,1477.39,0.002
3579,Smartphones,25-34,Male,Texas,LinkedIn,60,783.58,0.022
3580,Laptops,18-24,Male,New York,Facebook,14,8447.55,0.0655
3581,Books,35-44,Female,New York,Facebook,14,1746.19,0.0382
3582,Laptops,55+,Male,New York,Facebook,7,1970.44,0.0416
3583,Shoes,45-54,Male,Florida,LinkedIn,60,6262.59,0.0221
3584,Books,25-34,Female,Florida,LinkedIn,7,8259.3,0.0567
3585,Laptops,25-34,Other,California,LinkedIn,45,2301.21,0.0322
3586,Furniture,25-34,Male,Texas,YouTube,7,1584.83,0.0614
3587,Books,25-34,Female,Illinois,YouTube,7,1234.56,0.0561
3588,Books,55+,Male,California,LinkedIn,14,736.04,0.0294
3589,Smartphones,18-24,Female,Illinois,Facebook,60,1606.55,0.0485
3590,Furniture,55+,Other,Illinois,Facebook,45,9455.57,0.0667
3591,Shoes,35-44,Other,California,YouTube,7,1405.18,0.0536
3592,Laptops,55+,Male,Texas,YouTube,7,6176.81,0.0527
3593,Smartphones,55+,Female,Illinois,LinkedIn,14,9249.18,0.0481
3594,Laptops,35-44,Other,Florida,LinkedIn,30,6464.29,0.0612
3595,Shoes,55+,Other,Florida,Facebook,60,811.08,0.0175
3596,Shoes,18-24,Female,California,Instagram,60,6165.93,0.0551
3597,Books,45-54,Male,Illinois,Facebook,60,9079.12,0.0551
3598,Shoes,35-44,Other,California,Facebook,7,3564.31,0.0401
3599,Laptops,25-34,Other,Florida,LinkedIn,7,3479.47,0.0564
3600,Furniture,18-24,Other,California,Instagram,7,2864.2,0.0312
3601,Furniture,45-54,Male,Illinois,Instagram,30,5302.67,0.061
3602,Books,18-24,Other,Illinois,LinkedIn,7,2760.46,0.0426
3603,Laptops,18-24,Female,Florida,Google Ads,60,7375.99,0.0889
3604,Laptops,25-34,Male,New York,LinkedIn,60,6626.19,0.0507
3605,Shoes,45-54,Other,New York,YouTube,14,4307.35,0.0512
3606,Laptops,18-24,Female,Texas,Instagram,30,7364.27,0.0455
3607,Smartphones,25-34,Female,Florida,LinkedIn,45,1435.71,0.0406
3608,Shoes,35-44,Male,Texas,Facebook,7,7620.52,0.071
3609,Smartphones,25-34,Female,Florida,Facebook,45,6227.63,0.061
3610,Books,55+,Male,Illinois,Facebook,7,6485.79,0.0826
3611,Furniture,25-34,Male,Florida,LinkedIn,30,1114.31,0.0333
3612,Books,25-34,Male,California,Google Ads,30,6372.28,0.0763
3613,Furniture,25-34,Female,Texas,YouTube,60,5194.16,0.0477
3614,Books,18-24,Male,Florida,Facebook,30,5115.69,0.0619
3615,Laptops,45-54,Male,Texas,LinkedIn,45,3557.61,0.0301
3616,Smartphones,25-34,Female,Florida,Google Ads,45,572.33,0.0588
3617,Furniture,25-34,Male,New York,Instagram,30,4515.06,0.0342
3618,Shoes,55+,Other,Texas,Instagram,45,4308.7,0.0376
3619,Smartphones,55+,Female,Illinois,YouTube,7,4516.65,0.0528
3620,Shoes,35-44,Female,Illinois,LinkedIn,14,6313.94,0.0455
3621,Smartphones,35-44,Female,Florida,LinkedIn,60,3349.11,0.0371
3622,Smartphones,55+,Other,Illinois,Facebook,14,3059.14,0.0411
3623,Books,45-54,Male,Illinois,Google Ads,45,5228.92,0.0732
3624,Furniture,35-44,Female,Texas,YouTube,60,6127.02,0.0609
3625,Furniture,45-54,Female,Florida,Google Ads,14,5889.62,0.0783
3626,Smartphones,55+,Female,Texas,YouTube,14,8875.6,0.0566
3627,Laptops,35-44,Other,Florida,LinkedIn,45,7806.87,0.0444
3628,Laptops,25-34,Other,Illinois,LinkedIn,60,995.8,0.0287
3629,Shoes,55+,Other,Florida,YouTube,60,5853.02,0.0401
3630,Shoes,35-44,Male,Florida,Google Ads,14,4469.23,0.0709
3631,Books,45-54,Male,California,Instagram,60,3929.99,0.0487
3632,Smartphones,45-54,Other,Florida,Instagram,60,9600.01,0.0382
3633,Shoes,35-44,Male,California,Facebook,7,4839.56,0.0399
3634,Shoes,45-54,Other,Texas,Facebook,45,7334.63,0.0442
3635,Smartphones,35-44,Male,California,Google Ads,45,9687.33,0.0696
3636,Books,35-44,Male,Texas,LinkedIn,7,1934.5,0.0451
3637,Shoes,45-54,Other,Florida,Google Ads,14,1018.85,0.0479
3638,Books,18-24,Female,Texas,YouTube,30,3479.39,0.0571
3639,Furniture,25-34,Female,Illinois,Instagram,14,922.22,0.0319
3640,Books,55+,Male,Florida,Facebook,7,1609.26,0.0508
3641,Laptops,25-34,Male,California,Google Ads,60,9921.24,0.0822
3642,Laptops,55+,Male,New York,Google Ads,7,9621.7,0.0751
3643,Books,55+,Male,Florida,YouTube,45,7067.28,0.0619
3644,Laptops,25-34,Male,Illinois,LinkedIn,60,7653.38,0.0426
3645,Furniture,35-44,Male,Texas,LinkedIn,14,1834.67,0.0459
3646,Smartphones,45-54,Other,California,Instagram,60,6154.74,0.0268
3647,Laptops,18-24,Female,California,Facebook,45,1966.92,0.0363
3648,Laptops,18-24,Female,Illinois,LinkedIn,7,4094.67,0.0466
3649,Books,18-24,Other,Illinois,LinkedIn,14,3780.78,0.036
3650,Furniture,25-34,Other,Florida,LinkedIn,30,6332.62,0.0514
3651,Smartphones,25-34,Female,New York,Google Ads,30,1257.08,0.0598
3652,Books,35-44,Female,New York,LinkedIn,7,1482.89,0.0445
3653,Books,18-24,Male,Texas,YouTube,14,6294.35,0.0641
3654,Furniture,35-44,Female,California,Instagram,14,6543.12,0.0599
3655,Smartphones,18-24,Male,Florida,LinkedIn,60,3728.88,0.0531
3656,Furniture,25-34,Male,California,Facebook,7,1895.28,0.0454
3657,Smartphones,45-54,Female,Florida,Google Ads,60,8917.76,0.0708
3658,Furniture,45-54,Male,Illinois,YouTube,7,1003.01,0.045
3659,Books,45-54,Male,Texas,Instagram,45,7315.07,0.0616
3660,Books,45-54,Other,Illinois,Google Ads,7,1830.42,0.0708
3661,Shoes,55+,Female,California,YouTube,60,6555.05,0.0376
3662,Laptops,18-24,Other,Texas,Google Ads,14,6804.73,0.0838
3663,Furniture,45-54,Male,Florida,Instagram,7,8140.47,0.0794
3664,Shoes,55+,Male,Florida,Instagram,14,4252.74,0.0286
3665,Laptops,55+,Other,Texas,LinkedIn,45,707.07,0.025
3666,Furniture,55+,Other,Illinois,Facebook,30,8204.97,0.0649
3667,Smartphones,35-44,Other,Texas,LinkedIn,30,4718.65,0.0449
3668,Laptops,35-44,Male,Illinois,Google Ads,60,8547.35,0.0691
3669,Books,55+,Female,Texas,LinkedIn,7,7871.86,0.0539
3670,Shoes,45-54,Male,Illinois,Instagram,45,5233.91,0.0331
3671,Laptops,18-24,Other,New York,Instagram,45,9994.29,0.0572
3672,Laptops,25-34,Female,Texas,Instagram,14,4889.71,0.0634
3673,Books,35-44,Other,Illinois,LinkedIn,60,7116.79,0.0469
3674,Furniture,45-54,Male,California,YouTube,45,6863.14,0.0549
3675,Smartphones,45-54,Female,California,LinkedIn,7,5421.63,0.0386
3676,Books,25-34,Female,Texas,LinkedIn,45,6060.83,0.0518
3677,Smartphones,25-34,Male,Texas,LinkedIn,30,8086.78,0.0692
3678,Furniture,45-54,Other,Florida,LinkedIn,60,5930.33,0.0397
3679,Laptops,25-34,Other,Illinois,Instagram,14,4776.41,0.059
3680,Smartphones,45-54,Other,Texas,Facebook,7,6789.78,0.054
3681,Shoes,25-34,Male,California,LinkedIn,30,837.34,0.0253
3682,Shoes,25-34,Other,California,LinkedIn,45,1537.34,0.0353
3683,Books,45-54,Female,California,Facebook,60,1691.55,0.0542
3684,Furniture,55+,Other,Illinois,LinkedIn,60,4544.79,0.0294
3685,Books,45-54,Other,New York,Facebook,7,8781.86,0.0708
3686,Books,18-24,Female,Texas,Instagram,14,6611.3,0.0588
3687,Books,25-34,Female,New York,YouTube,30,9739.88,0.0677
3688,Shoes,35-44,Other,Illinois,LinkedIn,14,879.44,0.0344
3689,Shoes,25-34,Female,Texas,YouTube,7,7359.07,0.0793
3690,Books,18-24,Male,Florida,LinkedIn,7,3484.91,0.0315
3691,Shoes,35-44,Female,Texas,Google Ads,30,721.21,0.0446
3692,Furniture,35-44,Male,Texas,Google Ads,60,8346.3,0.077
3693,Books,45-54,Female,Texas,Instagram,60,2045.59,0.0362
3694,Shoes,55+,Male,Texas,YouTube,30,2533.71,0.0384
3695,Smartphones,45-54,Male,Texas,YouTube,14,3734.43,0.0521
3696,Books,35-44,Other,Illinois,Facebook,30,7989.39,0.0514
3697,Books,35-44,Female,Texas,Facebook,60,6433.61,0.0445
3698,Furniture,55+,Female,Illinois,LinkedIn,14,3016.18,0.0303
3699,Laptops,25-34,Female,Texas,Facebook,45,2100.65,0.0403
3700,Laptops,55+,Male,Texas,Facebook,14,1540.71,0.0446
3701,Furniture,45-54,Other,Illinois,YouTube,60,1923.26,0.0475
3702,Furniture,25-34,Female,Texas,Google Ads,7,8747.38,0.0815
3703,Furniture,45-54,Other,California,YouTube,14,9265.49,0.0637
3704,Laptops,55+,Other,Texas,Facebook,14,9695.6,0.0527
3705,Furniture,25-34,Male,Florida,LinkedIn,7,8429.95,0.0604
3706,Shoes,55+,Female,Illinois,Google Ads,60,8930.21,0.0611
3707,Books,18-24,Other,Texas,Facebook,45,8252.98,0.0535
3708,Books,35-44,Female,Texas,Facebook,45,9601.53,0.0613
3709,Smartphones,25-34,Female,Illinois,LinkedIn,30,8533.68,0.0485
3710,Smartphones,35-44,Female,New York,LinkedIn,45,4889.03,0.031
3711,Books,18-24,Other,California,Facebook,45,3570.92,0.0434
3712,Shoes,25-34,Male,California,Facebook,14,6050.01,0.0579
3713,Laptops,35-44,Male,Texas,YouTube,30,6277.74,0.0791
3714,Laptops,35-44,Other,Illinois,Instagram,45,5961.69,0.0612
3715,Shoes,25-34,Female,Florida,LinkedIn,14,7213.9,0.0563
3716,Laptops,35-44,Female,Texas,LinkedIn,30,7140.28,0.0533
3717,Furniture,35-44,Male,California,YouTube,14,1328.35,0.0697
3718,Books,25-34,Other,Texas,Google Ads,7,3212.46,0.0825
3719,Books,35-44,Other,Illinois,Google Ads,60,8953.67,0.0767
3720,Shoes,35-44,Male,Florida,Google Ads,60,6105.33,0.0666
3721,Laptops,45-54,Other,New York,LinkedIn,60,3620.98,0.0274
3722,Smartphones,45-54,Other,Florida,Instagram,45,8579.36,0.0464
3723,Smartphones,18-24,Male,Texas,Instagram,60,2865.9,0.0476
3724,Laptops,45-54,Male,California,YouTube,60,4387.4,0.0422
3725,Smartphones,45-54,Other,Illinois,Google Ads,30,3124.42,0.0508
3726,Shoes,18-24,Other,Texas,Google Ads,30,8777.82,0.0998
3727,Shoes,35-44,Male,New York,Facebook,30,7418.74,0.0496
3728,Laptops,35-44,Male,Illinois,YouTube,45,4872.14,0.0653
3729,Smartphones,45-54,Female,Illinois,YouTube,60,9356.86,0.0432
3730,Shoes,18-24,Other,Illinois,LinkedIn,45,9310.73,0.069
3731,Shoes,35-44,Other,Texas,LinkedIn,45,7259.49,0.0492
3732,Furniture,55+,Male,New York,YouTube,45,8973.94,0.0516
3733,Furniture,25-34,Male,Texas,Instagram,45,7334.23,0.0495
3734,Shoes,25-34,Female,Illinois,YouTube,45,6468.01,0.0616
3735,Laptops,25-34,Female,Illinois,Instagram,45,4497.44,0.0441
3736,Books,45-54,Male,California,LinkedIn,60,3097.96,0.0313
3737,Books,25-34,Other,Florida,YouTube,30,1072.44,0.0511
3738,Shoes,25-34,Female,Texas,Instagram,14,8108.26,0.0647
3739,Shoes,55+,Male,New York,Facebook,14,1660.55,0.018
3740,Shoes,35-44,Male,Illinois,Facebook,14,4398.32,0.0558
3741,Laptops,55+,Male,Texas,YouTube,7,2729.03,0.047
3742,Furniture,45-54,Other,Florida,Google Ads,30,4818.95,0.0781
3743,Shoes,25-34,Male,Texas,YouTube,60,3492.35,0.0652
3744,Shoes,35-44,Male,Florida,LinkedIn,45,8382.09,0.0455
3745,Smartphones,25-34,Other,Texas,LinkedIn,14,9792.7,0.062
3746,Laptops,25-34,Male,California,Facebook,30,9444.77,0.0583
3747,Shoes,45-54,Male,Texas,Instagram,60,6412.51,0.0429
3748,Smartphones,25-34,Female,California,Facebook,14,9803.13,0.0773
3749,Books,18-24,Male,Florida,Instagram,30,4306.87,0.0449
3750,Shoes,35-44,Other,Illinois,YouTube,60,5463.63,0.0406
3751,Shoes,35-44,Female,Illinois,Google Ads,30,2940.07,0.0651
3752,Smartphones,18-24,Male,Texas,LinkedIn,45,9030.83,0.0677
3753,Laptops,45-54,Other,New York,YouTube,30,2207.24,0.0427
3754,Shoes,25-34,Male,Texas,Facebook,30,6299.63,0.0568
3755,Books,25-34,Female,California,YouTube,7,8094.81,0.0694
3756,Shoes,35-44,Other,California,Google Ads,45,6156.29,0.0671
3757,Books,45-54,Female,Florida,Instagram,30,1248.36,0.041
3758,Furniture,45-54,Other,Texas,Google Ads,45,6308.75,0.0832
3759,Furniture,45-54,Other,Florida,Facebook,30,7787.25,0.0702
3760,Books,25-34,Male,New York,Google Ads,45,2284.37,0.0663
3761,Laptops,45-54,Other,Illinois,LinkedIn,60,7501.05,0.0355
3762,Shoes,18-24,Other,Illinois,Google Ads,14,8846.49,0.0908
3763,Shoes,55+,Male,Texas,YouTube,7,9871.36,0.0603
3764,Furniture,45-54,Other,Florida,Instagram,14,4395.56,0.0723
3765,Books,55+,Other,Florida,LinkedIn,30,739.04,0.0247
3766,Shoes,25-34,Other,New York,LinkedIn,30,4481.25,0.0305
3767,Shoes,45-54,Other,Florida,LinkedIn,60,6772.16,0.0301
3768,Laptops,35-44,Male,California,Facebook,30,8967.97,0.0605
3769,Smartphones,25-34,Male,California,Facebook,45,9412.01,0.0624
3770,Furniture,18-24,Female,California,YouTube,14,9140.97,0.0515
3771,Furniture,18-24,Other,Texas,Instagram,30,6750.62,0.0473
3772,Smartphones,55+,Male,California,Google Ads,60,6983.97,0.0519
3773,Shoes,55+,Other,California,YouTube,7,522.65,0.0331
3774,Laptops,35-44,Male,Illinois,Facebook,14,3955.45,0.0451
3775,Laptops,35-44,Female,Texas,YouTube,60,9115.13,0.0633
3776,Furniture,18-24,Other,California,Instagram,60,7051.37,0.0244
3777,Laptops,45-54,Female,New York,YouTube,14,4945.25,0.0438
3778,Smartphones,18-24,Female,California,LinkedIn,60,1490.4,0.0365
3779,Shoes,18-24,Female,Texas,Google Ads,7,2840.01,0.0876
3780,Smartphones,35-44,Male,Florida,Facebook,7,5771.76,0.0593
3781,Books,55+,Other,Illinois,Facebook,30,9026.26,0.0671
3782,Furniture,35-44,Male,Illinois,Instagram,45,1410.22,0.0438
3783,Laptops,35-44,Male,Texas,Instagram,30,1960.68,0.0538
3784,Books,35-44,Other,California,Instagram,45,6722.55,0.0543
3785,Laptops,18-24,Other,New York,Facebook,14,3294.42,0.0529
3786,Shoes,45-54,Other,California,LinkedIn,60,2112.19,0.0268
3787,Shoes,18-24,Other,California,Google Ads,30,2195.14,0.0706
3788,Shoes,25-34,Male,New York,Instagram,60,5179.83,0.0374
3789,Laptops,35-44,Other,Illinois,Facebook,30,6045.57,0.068
3790,Books,35-44,Other,California,LinkedIn,30,9091.32,0.0621
3791,Shoes,25-34,Other,Florida,Instagram,7,5533.26,0.0608
3792,Books,35-44,Female,Florida,Instagram,45,7067.1,0.0643
3793,Laptops,35-44,Other,Texas,Google Ads,14,2216.52,0.0727
3794,Books,35-44,Other,Texas,Google Ads,60,7277.87,0.0792
3795,Laptops,25-34,Male,New York,YouTube,30,6662.59,0.0709
3796,Laptops,18-24,Female,New York,Instagram,60,2553.73,0.03
3797,Furniture,35-44,Male,Texas,YouTube,7,6859.09,0.0913
3798,Laptops,45-54,Female,California,Facebook,14,2509.17,0.0559
3799,Laptops,25-34,Male,Illinois,Google Ads,45,6138.99,0.0732
3800,Smartphones,55+,Male,Florida,LinkedIn,45,6854.07,0.0319
3801,Shoes,25-34,Other,New York,Instagram,30,7086.83,0.0623
3802,Furniture,18-24,Other,Texas,Instagram,14,9138.03,0.0377
3803,Furniture,25-34,Female,Florida,YouTube,45,9504.45,0.0649
3804,Furniture,55+,Female,New York,Google Ads,14,8196.88,0.0717
3805,Smartphones,45-54,Female,New York,YouTube,60,8848.11,0.0511
3806,Laptops,55+,Other,California,Instagram,7,683.62,0.0271
3807,Shoes,25-34,Male,New York,Google Ads,14,3945.35,0.0747
3808,Books,55+,Female,Illinois,Instagram,14,877.36,0.036
3809,Laptops,25-34,Other,New York,Google Ads,45,2636.03,0.0633
3810,Smartphones,45-54,Other,Illinois,Instagram,30,4126.38,0.0426
3811,Laptops,45-54,Male,California,LinkedIn,30,8741.97,0.0442
3812,Laptops,18-24,Male,Illinois,YouTube,60,5361.66,0.0611
3813,Smartphones,45-54,Other,Florida,Google Ads,45,6664.18,0.0731
3814,Furniture,35-44,Male,New York,YouTube,45,3946.75,0.0657
3815,Furniture,55+,Male,Texas,Google Ads,7,6227.7,0.0818
3816,Shoes,55+,Other,Texas,Google Ads,30,8247.6,0.0685
3817,Shoes,25-34,Female,Illinois,Google Ads,45,3361.79,0.0647
3818,Furniture,45-54,Female,California,Instagram,60,9356.44,0.0472
3819,Books,18-24,Other,Illinois,Facebook,7,2526.48,0.0561
3820,Laptops,18-24,Female,Illinois,Instagram,30,9233.36,0.052
3821,Books,18-24,Other,Illinois,Facebook,30,768.83,0.0258
3822,Laptops,35-44,Other,Florida,Instagram,30,5656.15,0.0597
3823,Furniture,45-54,Male,Florida,Facebook,7,9859.14,0.0751
3824,Shoes,18-24,Female,Illinois,Google Ads,60,6292.9,0.0808
3825,Shoes,35-44,Other,California,Google Ads,60,5771.19,0.0737
3826,Books,55+,Female,New York,Facebook,45,6983.47,0.0519
3827,Shoes,25-34,Female,Texas,Facebook,45,3248.37,0.055
3828,Furniture,45-54,Female,Florida,YouTube,30,1012.2,0.0539
3829,Books,45-54,Other,New York,Google Ads,14,2885.11,0.0796
3830,Laptops,55+,Male,Florida,Instagram,45,2174.35,0.0263
3831,Shoes,45-54,Female,Florida,YouTube,60,9273.91,0.0493
3832,Smartphones,45-54,Other,Florida,Facebook,30,8596.49,0.0539
3833,Shoes,45-54,Female,Illinois,Instagram,60,3518.28,0.0196
3834,Laptops,45-54,Male,Illinois,LinkedIn,30,8442.66,0.0362
3835,Books,35-44,Female,Florida,LinkedIn,7,2511.65,0.0468
3836,Laptops,35-44,Other,Florida,LinkedIn,45,2396.0,0.047
3837,Smartphones,25-34,Female,Texas,Instagram,7,7791.59,0.0706
3838,Furniture,45-54,Female,New York,Facebook,45,3605.84,0.0489
3839,Shoes,55+,Female,New York,Instagram,60,1115.53,0.0175
3840,Books,18-24,Male,California,YouTube,60,7339.87,0.0499
3841,Furniture,25-34,Female,California,YouTube,14,9901.21,0.0727
3842,Laptops,18-24,Other,California,LinkedIn,60,5876.79,0.0521
3843,Books,18-24,Female,Illinois,Facebook,30,3004.84,0.0415
3844,Furniture,45-54,Female,Illinois,YouTube,14,4042.6,0.0672
3845,Books,55+,Female,Texas,Google Ads,30,6662.17,0.0885
3846,Smartphones,18-24,Male,Illinois,Google Ads,14,7163.11,0.1059
3847,Smartphones,18-24,Other,California,LinkedIn,30,8920.16,0.062
3848,Shoes,25-34,Female,Florida,LinkedIn,14,9133.94,0.0664
3849,Shoes,55+,Other,California,LinkedIn,45,8682.15,0.0307
3850,Smartphones,55+,Other,Texas,YouTube,45,6660.66,0.0459
3851,Books,18-24,Male,Florida,Facebook,14,4773.6,0.0536
3852,Smartphones,55+,Other,Illinois,LinkedIn,7,6953.4,0.0347
3853,Shoes,25-34,Female,Florida,Instagram,14,6832.37,0.0838
3854,Smartphones,25-34,Male,Texas,LinkedIn,7,2570.84,0.0439
3855,Smartphones,25-34,Male,Illinois,YouTube,30,5321.76,0.0607
3856,Books,45-54,Other,New York,Facebook,14,2478.04,0.0535
3857,Furniture,18-24,Male,California,LinkedIn,7,9041.68,0.0398
3858,Shoes,55+,Other,California,Google Ads,14,3570.86,0.0584
3859,Books,25-34,Other,Texas,LinkedIn,45,8151.55,0.0436
3860,Smartphones,18-24,Male,Texas,LinkedIn,45,4083.66,0.0484
3861,Smartphones,18-24,Female,California,Facebook,14,7755.49,0.0732
3862,Furniture,45-54,Other,Florida,Instagram,14,2598.67,0.0619
3863,Shoes,55+,Male,New York,LinkedIn,60,7755.56,0.0173
3864,Shoes,55+,Male,New York,LinkedIn,45,2205.55,0.014
3865,Laptops,25-34,Other,Texas,YouTube,30,5162.77,0.066
3866,Shoes,25-34,Other,Texas,Facebook,14,1579.45,0.0437
3867,Furniture,18-24,Other,Florida,YouTube,60,5515.03,0.0326
3868,Laptops,55+,Other,Texas,LinkedIn,14,8296.79,0.0523
3869,Laptops,55+,Female,New York,LinkedIn,45,7677.7,0.0295
3870,Smartphones,25-34,Female,California,Google Ads,7,981.79,0.0774
3871,Smartphones,35-44,Female,New York,YouTube,7,5175.69,0.0616
3872,Shoes,18-24,Female,Florida,Facebook,45,8596.14,0.0633
3873,Laptops,55+,Male,California,LinkedIn,30,6675.98,0.038
3874,Smartphones,45-54,Other,California,Google Ads,60,1062.41,0.0344
3875,Furniture,45-54,Male,New York,Google Ads,14,3593.5,0.0757
3876,Smartphones,35-44,Male,California,Instagram,14,5787.58,0.0592
3877,Smartphones,25-34,Female,California,Facebook,14,2140.19,0.0469
3878,Laptops,25-34,Male,Texas,Google Ads,60,6978.18,0.0764
3879,Laptops,25-34,Female,California,Facebook,60,6531.04,0.0468
3880,Books,45-54,Other,Florida,LinkedIn,45,2423.22,0.0319
3881,Furniture,25-34,Female,California,Instagram,60,5728.78,0.0379
3882,Laptops,45-54,Other,Texas,Facebook,14,8211.33,0.0575
3883,Shoes,35-44,Female,Illinois,Instagram,14,4060.85,0.0456
3884,Furniture,18-24,Male,Illinois,Facebook,60,2846.37,0.0288
3885,Furniture,55+,Male,Florida,Facebook,60,7161.6,0.049
3886,Laptops,35-44,Female,Florida,YouTube,45,1172.64,0.0399
3887,Furniture,45-54,Other,California,Instagram,7,8410.4,0.0706
3888,Laptops,35-44,Other,California,Facebook,60,9462.86,0.0514
3889,Smartphones,55+,Female,Illinois,YouTube,7,9665.48,0.0694
3890,Books,18-24,Male,Illinois,YouTube,30,4609.12,0.0533
3891,Smartphones,55+,Other,New York,Instagram,7,6420.43,0.0406
3892,Laptops,45-54,Female,Illinois,LinkedIn,60,8644.96,0.026
3893,Laptops,55+,Other,Illinois,Instagram,14,2622.53,0.0316
3894,Smartphones,35-44,Male,Florida,Facebook,14,763.18,0.0278
3895,Shoes,25-34,Other,New York,LinkedIn,60,4153.38,0.0378
3896,Shoes,35-44,Female,New York,Instagram,45,8901.53,0.0454
3897,Shoes,45-54,Other,California,Instagram,60,5298.18,0.0336
3898,Laptops,18-24,Other,California,Instagram,60,5537.08,0.0472
3899,Furniture,55+,Male,New York,Instagram,45,7069.0,0.0548
3900,Laptops,18-24,Male,New York,LinkedIn,45,5957.91,0.0386
3901,Furniture,45-54,Male,California,Facebook,30,1017.53,0.0429
3902,Smartphones,55+,Male,Florida,YouTube,30,5828.17,0.0519
3903,Books,35-44,Female,Florida,Instagram,30,6655.61,0.0543
3904,Furniture,35-44,Other,Florida,YouTube,45,6595.16,0.0646
3905,Shoes,45-54,Other,Florida,YouTube,7,7419.27,0.0704
3906,Laptops,55+,Other,California,YouTube,60,5439.24,0.0303
3907,Smartphones,35-44,Other,Texas,Instagram,30,9050.56,0.0619
3908,Shoes,45-54,Female,Illinois,Instagram,7,4910.48,0.0472
3909,Smartphones,45-54,Male,Illinois,Instagram,60,5422.77,0.0284
3910,Books,18-24,Other,Illinois,Instagram,7,7912.9,0.0549
3911,Laptops,35-44,Other,Illinois,Google Ads,14,8415.73,0.0868
3912,Laptops,55+,Male,California,Facebook,14,6659.43,0.0504
3913,Books,35-44,Male,Texas,Google Ads,60,1700.55,0.0621
3914,Laptops,35-44,Other,California,LinkedIn,7,3653.54,0.0477
3915,Furniture,35-44,Male,Texas,Google Ads,7,691.48,0.0738
3916,Smartphones,45-54,Other,California,Google Ads,45,3306.77,0.0572
3917,Shoes,25-34,Other,New York,Google Ads,30,5917.32,0.0813
3918,Books,25-34,Other,Texas,Facebook,60,8149.69,0.0643
3919,Furniture,18-24,Other,Illinois,YouTube,7,6063.67,0.059
3920,Shoes,35-44,Other,Texas,LinkedIn,30,879.0,0.0245
3921,Shoes,25-34,Other,Florida,LinkedIn,60,2961.51,0.0412
3922,Books,18-24,Male,Texas,Facebook,7,5991.59,0.0631
3923,Furniture,45-54,Female,Florida,Google Ads,14,7235.95,0.0921
3924,Shoes,35-44,Female,Florida,YouTube,7,8731.31,0.064
3925,Shoes,55+,Other,New York,Instagram,14,9692.63,0.0457
3926,Furniture,45-54,Male,Texas,Facebook,14,8971.97,0.0614
3927,Laptops,18-24,Other,New York,YouTube,45,4939.62,0.0602
3928,Shoes,45-54,Male,Illinois,Facebook,45,7595.83,0.046
3929,Smartphones,55+,Other,Texas,Facebook,30,2785.01,0.0333
3930,Furniture,45-54,Other,California,Instagram,60,1106.39,0.03
3931,Shoes,18-24,Female,California,YouTube,30,1023.16,0.0584
3932,Books,55+,Male,California,Google Ads,45,2792.4,0.0785
3933,Smartphones,55+,Male,Florida,YouTube,30,856.64,0.0325
3934,Shoes,45-54,Female,California,YouTube,60,8577.59,0.0561
3935,Smartphones,55+,Female,Illinois,Google Ads,60,5154.25,0.0562
3936,Smartphones,45-54,Female,Texas,Instagram,7,8203.55,0.0506
3937,Laptops,35-44,Female,Texas,YouTube,30,9429.03,0.0773
3938,Smartphones,55+,Male,Florida,Google Ads,45,9942.12,0.0677
3939,Laptops,45-54,Male,Florida,Facebook,7,9403.06,0.0613
3940,Furniture,35-44,Female,Florida,Facebook,30,7307.29,0.0668
3941,Laptops,55+,Other,Illinois,Google Ads,60,4698.81,0.0539
3942,Books,35-44,Other,Texas,Facebook,45,6180.86,0.058
3943,Shoes,55+,Other,New York,YouTube,30,8256.72,0.046
3944,Furniture,18-24,Other,Florida,Google Ads,60,9026.77,0.062
3945,Furniture,18-24,Male,California,YouTube,60,9586.45,0.0447
3946,Books,45-54,Male,New York,LinkedIn,30,7440.75,0.058
3947,Laptops,25-34,Male,New York,Instagram,30,5629.56,0.0593
3948,Shoes,18-24,Other,Florida,Instagram,45,9699.53,0.0658
3949,Laptops,25-34,Female,California,Instagram,7,9606.94,0.0811
3950,Smartphones,35-44,Other,Florida,Google Ads,60,5036.75,0.0631
3951,Laptops,35-44,Male,Florida,LinkedIn,7,6662.25,0.0575
3952,Furniture,25-34,Other,California,Instagram,7,8188.04,0.062
3953,Shoes,45-54,Female,New York,YouTube,60,4614.25,0.0546
3954,Laptops,55+,Female,New York,Instagram,30,8379.09,0.0473
3955,Shoes,25-34,Other,California,LinkedIn,60,1558.83,0.0224
3956,Shoes,25-34,Male,New York,YouTube,7,5070.94,0.0577
3957,Smartphones,25-34,Male,Illinois,YouTube,45,5084.82,0.0549
3958,Smartphones,25-34,Male,Florida,Google Ads,60,7004.24,0.0813
3959,Furniture,25-34,Other,Illinois,Google Ads,45,1605.92,0.0605
3960,Books,45-54,Male,Illinois,Facebook,30,1480.5,0.0378
3961,Shoes,18-24,Other,Illinois,LinkedIn,30,9055.65,0.0652
3962,Books,55+,Male,Texas,YouTube,45,3385.54,0.0526
3963,Furniture,18-24,Female,Texas,LinkedIn,45,3605.76,0.0177
3964,Shoes,25-34,Female,Illinois,Instagram,60,7880.18,0.0574
3965,Shoes,18-24,Male,Florida,Instagram,30,4441.64,0.0598
3966,Books,45-54,Other,Illinois,Facebook,45,8412.78,0.0691
3967,Laptops,35-44,Male,Illinois,YouTube,14,4313.95,0.0635
3968,Smartphones,18-24,Other,Texas,YouTube,60,7725.7,0.0811
3969,Laptops,55+,Female,Illinois,Facebook,60,5490.44,0.0518
3970,Books,45-54,Other,Florida,Instagram,14,9390.37,0.0649
3971,Smartphones,35-44,Male,Florida,YouTube,30,3610.2,0.0718
3972,Laptops,45-54,Female,Illinois,LinkedIn,45,3945.56,0.0343
3973,Smartphones,25-34,Other,Florida,YouTube,45,9714.87,0.0712
3974,Shoes,35-44,Other,Illinois,Instagram,30,7506.49,0.0488
3975,Laptops,55+,Female,Texas,YouTube,14,7839.39,0.0597
3976,Smartphones,35-44,Male,Illinois,YouTube,14,3311.78,0.0664
3977,Smartphones,55+,Female,New York,Google Ads,14,5554.42,0.0688
3978,Smartphones,25-34,Male,Texas,YouTube,60,3478.64,0.0669
3979,Laptops,55+,Male,Florida,Facebook,45,2968.75,0.0293
3980,Furniture,45-54,Other,Florida,Facebook,7,5584.79,0.0708
3981,Laptops,18-24,Male,Texas,LinkedIn,60,9883.73,0.0382
3982,Books,45-54,Male,New York,YouTube,60,2538.92,0.0528
3983,Laptops,45-54,Female,Texas,LinkedIn,45,2803.94,0.0296
3984,Smartphones,35-44,Female,California,Instagram,30,2809.73,0.0433
3985,Shoes,25-34,Male,New York,Instagram,45,8021.17,0.0516
3986,Laptops,18-24,Other,Texas,Google Ads,30,5349.58,0.0669
3987,Laptops,55+,Female,California,Google Ads,45,4155.29,0.0611
3988,Smartphones,35-44,Other,Illinois,YouTube,60,8516.0,0.0634
3989,Shoes,25-34,Female,New York,YouTube,14,3326.16,0.0619
3990,Shoes,18-24,Female,Illinois,LinkedIn,60,4226.07,0.0346
3991,Books,45-54,Male,California,LinkedIn,60,1199.4,0.0286
3992,Laptops,25-34,Female,Florida,YouTube,7,1629.65,0.0584
3993,Shoes,25-34,Female,Florida,YouTube,60,1798.95,0.0516
3994,Shoes,25-34,Other,Florida,Google Ads,60,3796.26,0.0671
3995,Furniture,45-54,Female,Illinois,Google Ads,60,5478.81,0.0719
3996,Furniture,55+,Female,New York,Google Ads,7,507.07,0.0611
3997,Shoes,35-44,Other,Illinois,YouTube,30,2304.36,0.0414
3998,Books,55+,Male,Illinois,LinkedIn,7,2168.68,0.0465
3999,Shoes,18-24,Male,Florida,Facebook,14,2906.8,0.0697
4000,Smartphones,35-44,Female,Illinois,Facebook,30,2077.77,0.0563
4001,Laptops,18-24,Female,California,LinkedIn,7,2353.72,0.0388
4002,Books,45-54,Other,Texas,LinkedIn,14,9846.86,0.068
4003,Smartphones,55+,Male,Texas,LinkedIn,14,6149.94,0.0301
4004,Books,25-34,Male,Texas,Google Ads,45,7745.59,0.0884
4005,Smartphones,35-44,Male,Florida,Instagram,45,8283.76,0.0492
4006,Laptops,25-34,Other,Florida,YouTube,60,6842.97,0.0641
4007,Laptops,18-24,Other,Texas,Google Ads,30,7188.76,0.0841
4008,Furniture,25-34,Other,New York,Facebook,7,6506.69,0.0539
4009,Smartphones,25-34,Female,Texas,YouTube,60,6669.05,0.0731
4010,Furniture,45-54,Male,Illinois,LinkedIn,30,9320.27,0.0543
4011,Smartphones,45-54,Female,Texas,Facebook,45,2264.52,0.0394
4012,Furniture,55+,Female,Texas,LinkedIn,7,3109.94,0.0535
4013,Laptops,18-24,Other,New York,LinkedIn,14,1385.96,0.0362
4014,Books,45-54,Male,Florida,LinkedIn,14,8454.58,0.0653
4015,Furniture,45-54,Female,Florida,YouTube,60,4763.18,0.0758
4016,Smartphones,55+,Male,Illinois,Facebook,60,9117.49,0.041
4017,Smartphones,35-44,Female,Texas,Facebook,7,4410.92,0.0596
4018,Laptops,55+,Other,California,LinkedIn,14,4704.83,0.037
4019,Smartphones,25-34,Female,Illinois,Google Ads,60,4759.39,0.0822
4020,Shoes,25-34,Other,Florida,Instagram,14,6318.68,0.0784
4021,Books,45-54,Male,New York,Google Ads,45,7778.18,0.0762
4022,Furniture,45-54,Female,Florida,YouTube,60,3837.28,0.0527
4023,Books,55+,Female,Florida,Instagram,30,6486.57,0.0697
4024,Laptops,55+,Other,New York,Google Ads,60,2437.69,0.0382
4025,Furniture,18-24,Other,Texas,Facebook,45,5763.45,0.0401
4026,Furniture,25-34,Male,Texas,Google Ads,7,5692.56,0.0838
4027,Shoes,55+,Other,Florida,LinkedIn,14,8942.8,0.0411
4028,Laptops,35-44,Male,Illinois,YouTube,7,9010.53,0.0773
4029,Smartphones,18-24,Female,California,Google Ads,60,5128.51,0.0685
4030,Shoes,55+,Male,Illinois,Google Ads,30,733.69,0.0361
4031,Shoes,45-54,Male,Illinois,Instagram,7,8523.91,0.0575
4032,Books,55+,Male,Florida,LinkedIn,30,505.91,0.0211
4033,Books,45-54,Female,Florida,Instagram,60,5043.41,0.0497
4034,Books,45-54,Female,California,YouTube,30,688.01,0.042
4035,Shoes,25-34,Other,California,YouTube,30,3849.62,0.0467
4036,Smartphones,25-34,Male,California,LinkedIn,45,6549.26,0.0593
4037,Furniture,55+,Female,Florida,Instagram,7,4026.41,0.0507
4038,Books,55+,Male,Florida,LinkedIn,60,9305.47,0.056
4039,Smartphones,35-44,Male,Illinois,Instagram,45,6587.25,0.0464
4040,Laptops,18-24,Male,Florida,Facebook,30,6641.22,0.055
4041,Books,18-24,Female,Texas,LinkedIn,45,4057.15,0.0351
4042,Furniture,55+,Male,Texas,YouTube,45,866.16,0.0404
4043,Laptops,25-34,Male,California,Instagram,30,7512.71,0.0584
4044,Laptops,35-44,Other,Florida,Facebook,60,7304.32,0.053
4045,Furniture,18-24,Male,Texas,YouTube,14,5536.19,0.0458
4046,Books,55+,Other,Illinois,Instagram,45,4454.55,0.0586
4047,Shoes,25-34,Male,New York,Facebook,7,5614.01,0.0628
4048,Furniture,25-34,Other,Illinois,YouTube,30,7594.75,0.0633
4049,Furniture,25-34,Female,New York,YouTube,14,7271.46,0.0588
4050,Furniture,45-54,Female,Illinois,Facebook,45,6752.04,0.0699
4051,Laptops,25-34,Male,Texas,YouTube,30,9085.88,0.0754
4052,Smartphones,55+,Other,Florida,Instagram,30,6293.94,0.029
4053,Shoes,35-44,Female,New York,Instagram,45,637.84,0.0224
4054,Books,55+,Male,Florida,YouTube,7,6371.61,0.0727
4055,Books,25-34,Male,Florida,Google Ads,30,6319.31,0.0849
4056,Smartphones,35-44,Other,Texas,Facebook,30,1161.54,0.0466
4057,Furniture,18-24,Other,California,Google Ads,45,4563.43,0.0564
4058,Shoes,18-24,Male,California,Instagram,14,6685.41,0.0654
4059,Books,55+,Other,New York,YouTube,30,7192.76,0.0673
4060,Books,35-44,Other,Texas,LinkedIn,30,8983.97,0.0573
4061,Furniture,55+,Female,Florida,LinkedIn,45,8493.12,0.0547
4062,Smartphones,35-44,Other,Illinois,Google Ads,30,1607.24,0.0548
4063,Shoes,35-44,Male,Illinois,Google Ads,45,6283.45,0.0682
4064,Smartphones,55+,Other,New York,Google Ads,7,6166.57,0.0751
4065,Smartphones,35-44,Male,New York,Instagram,45,3385.61,0.0353
4066,Shoes,25-34,Male,New York,Instagram,14,2249.0,0.0479
4067,Shoes,35-44,Other,Texas,YouTube,30,2395.33,0.0644
4068,Books,35-44,Other,Illinois,Instagram,7,2186.7,0.0491
4069,Books,55+,Other,Texas,YouTube,30,8159.5,0.0653
4070,Shoes,18-24,Female,Texas,YouTube,30,1909.73,0.0642
4071,Laptops,45-54,Female,Florida,Google Ads,45,3011.72,0.0733
4072,Books,35-44,Other,Texas,LinkedIn,30,2568.99,0.0477
4073,Laptops,45-54,Male,Texas,Google Ads,7,7272.14,0.077
4074,Shoes,35-44,Other,Florida,Instagram,60,2004.76,0.033
4075,Books,55+,Female,California,Facebook,30,728.62,0.0392
4076,Smartphones,55+,Female,Florida,Instagram,45,4055.14,0.0364
4077,Shoes,35-44,Other,New York,LinkedIn,14,3398.4,0.0316
4078,Furniture,55+,Male,California,Instagram,30,4278.19,0.0498
4079,Laptops,55+,Male,Illinois,LinkedIn,45,7661.25,0.0475
4080,Shoes,35-44,Female,Texas,Facebook,30,617.49,0.0166
4081,Shoes,18-24,Female,California,Facebook,60,858.22,0.0433
4082,Books,35-44,Female,Illinois,YouTube,60,2928.62,0.0571
4083,Books,18-24,Male,Florida,Instagram,7,8947.48,0.0531
4084,Books,55+,Female,Florida,YouTube,60,2106.21,0.0476
4085,Furniture,18-24,Female,New York,Google Ads,45,9971.86,0.058
4086,Books,55+,Male,New York,Google Ads,60,8154.08,0.0717
4087,Shoes,18-24,Female,California,Google Ads,45,4833.3,0.0747
4088,Books,18-24,Female,Texas,Google Ads,30,7604.69,0.0755
4089,Smartphones,35-44,Other,Florida,Google Ads,7,5428.74,0.0865
4090,Books,18-24,Female,California,Instagram,7,5876.93,0.0612
4091,Furniture,55+,Other,California,YouTube,60,6017.33,0.0602
4092,Smartphones,35-44,Female,California,YouTube,14,6662.84,0.069
4093,Shoes,18-24,Female,New York,LinkedIn,60,1077.26,0.0423
4094,Shoes,35-44,Other,Florida,Google Ads,14,6356.73,0.0897
4095,Laptops,45-54,Female,New York,Facebook,60,7311.01,0.0457
4096,Smartphones,35-44,Other,New York,LinkedIn,45,3451.87,0.0403
4097,Laptops,45-54,Female,California,LinkedIn,45,9796.5,0.0447
4098,Smartphones,45-54,Other,Illinois,Instagram,14,1872.23,0.034
4099,Smartphones,35-44,Other,Illinois,LinkedIn,7,9149.2,0.0555
4100,Furniture,55+,Female,Illinois,Facebook,14,6926.27,0.0686
4101,Laptops,55+,Female,California,YouTube,30,6810.99,0.0601
4102,Furniture,55+,Other,Texas,LinkedIn,7,8822.22,0.0628
4103,Smartphones,25-34,Male,Florida,Instagram,14,8401.43,0.0696
4104,Shoes,45-54,Female,California,Google Ads,30,3781.63,0.0535
4105,Smartphones,35-44,Female,California,Facebook,30,7201.01,0.0429
4106,Furniture,55+,Male,New York,Google Ads,60,980.72,0.0508
4107,Laptops,55+,Male,Illinois,LinkedIn,14,4908.18,0.0402
4108,Laptops,35-44,Other,California,YouTube,45,9408.88,0.0594
4109,Furniture,45-54,Female,Texas,Instagram,60,3103.85,0.0497
4110,Laptops,35-44,Other,Florida,Facebook,7,974.72,0.0536
4111,Books,25-34,Female,Texas,YouTube,45,6037.98,0.0522
4112,Shoes,25-34,Male,California,Facebook,30,3873.45,0.0508
4113,Shoes,35-44,Other,California,Instagram,7,4106.99,0.0546
4114,Shoes,45-54,Female,New York,Instagram,60,6033.34,0.0276
4115,Laptops,55+,Female,Texas,LinkedIn,30,6405.1,0.0397
4116,Laptops,25-34,Male,New York,Facebook,30,4654.56,0.0578
4117,Smartphones,25-34,Male,Texas,LinkedIn,30,5321.72,0.0552
4118,Smartphones,45-54,Female,Illinois,Facebook,45,9935.93,0.0534
4119,Shoes,25-34,Male,Illinois,Facebook,60,9592.91,0.0647
4120,Books,25-34,Male,Texas,Google Ads,60,7219.51,0.0812
4121,Smartphones,45-54,Other,New York,LinkedIn,45,2034.06,0.0165
4122,Smartphones,35-44,Female,Illinois,Facebook,60,3919.62,0.0455
4123,Laptops,55+,Other,California,Facebook,30,8889.34,0.0537
4124,Books,55+,Male,Florida,Instagram,30,4523.88,0.0578
4125,Shoes,25-34,Female,New York,Google Ads,30,9575.99,0.0793
4126,Smartphones,55+,Male,Texas,Instagram,60,5138.87,0.0313
4127,Books,35-44,Male,Florida,LinkedIn,14,8686.81,0.0557
4128,Books,25-34,Female,Florida,LinkedIn,7,836.1,0.0316
4129,Shoes,55+,Male,California,Facebook,14,4624.56,0.0401
4130,Books,18-24,Other,New York,YouTube,45,7152.49,0.0531
4131,Books,18-24,Female,Florida,Instagram,14,8703.86,0.0614
4132,Books,18-24,Male,New York,LinkedIn,14,6291.51,0.0351
4133,Smartphones,18-24,Male,California,Facebook,45,2145.99,0.0518
4134,Shoes,18-24,Male,Texas,Facebook,14,8915.04,0.0661
4135,Books,25-34,Female,Florida,Instagram,7,5960.73,0.0552
4136,Books,45-54,Other,Florida,Facebook,60,1526.17,0.0405
4137,Smartphones,45-54,Male,Florida,Google Ads,45,4906.54,0.07
4138,Shoes,25-34,Male,New York,YouTube,14,7139.96,0.0731
4139,Laptops,25-34,Male,Florida,Instagram,30,4784.65,0.0597
4140,Smartphones,35-44,Female,New York,Instagram,30,8772.51,0.0512
4141,Shoes,45-54,Male,Illinois,Instagram,45,4525.1,0.0333
4142,Books,18-24,Male,Illinois,Facebook,30,6042.8,0.0607
4143,Shoes,25-34,Male,New York,Facebook,7,2506.12,0.0472
4144,Shoes,18-24,Female,Illinois,Instagram,14,5370.52,0.0641
4145,Shoes,45-54,Other,California,Instagram,7,2617.14,0.0417
4146,Laptops,55+,Female,California,Google Ads,7,2639.28,0.0583
4147,Shoes,55+,Other,Illinois,LinkedIn,60,3159.07,0.0277
4148,Laptops,25-34,Other,Texas,Google Ads,14,919.89,0.0748
4149,Books,35-44,Female,New York,Instagram,45,2051.44,0.0444
4150,Laptops,18-24,Male,Illinois,Facebook,30,4531.43,0.0438
4151,Books,25-34,Other,New York,Facebook,60,1745.07,0.0396
4152,Books,35-44,Male,Illinois,Instagram,7,1767.16,0.0435
4153,Laptops,18-24,Other,California,LinkedIn,30,9695.35,0.054
4154,Smartphones,45-54,Male,Texas,YouTube,14,4557.42,0.0534
4155,Furniture,55+,Male,New York,YouTube,7,4335.46,0.0631
4156,Shoes,35-44,Female,Texas,Google Ads,7,3043.49,0.0642
4157,Furniture,18-24,Male,California,LinkedIn,14,5368.25,0.0202
4158,Shoes,25-34,Other,Florida,YouTube,45,6162.62,0.0663
4159,Shoes,18-24,Male,Florida,LinkedIn,60,4472.76,0.0481
4160,Books,25-34,Male,New York,Facebook,14,4241.18,0.0484
4161,Shoes,55+,Male,California,Facebook,30,7154.05,0.0299
4162,Shoes,55+,Other,New York,LinkedIn,30,9522.88,0.0175
4163,Laptops,18-24,Other,New York,Instagram,7,8839.31,0.0645
4164,Furniture,18-24,Other,New York,YouTube,60,1626.89,0.0211
4165,Laptops,25-34,Male,Texas,YouTube,45,6696.93,0.0648
4166,Shoes,25-34,Female,Illinois,Facebook,45,566.95,0.0374
4167,Books,35-44,Other,California,Google Ads,30,6514.37,0.0829
4168,Laptops,35-44,Male,Texas,YouTube,45,4911.36,0.0643
4169,Laptops,35-44,Other,Illinois,Facebook,30,5165.57,0.0564
4170,Smartphones,18-24,Female,New York,Facebook,60,6086.24,0.0733
4171,Shoes,35-44,Male,Florida,LinkedIn,7,7555.23,0.0476
4172,Books,18-24,Other,Texas,LinkedIn,30,7429.85,0.039
4173,Laptops,55+,Other,California,LinkedIn,60,922.55,0.0088
4174,Laptops,45-54,Female,California,Google Ads,30,7496.7,0.071
4175,Books,55+,Other,Illinois,YouTube,14,8383.25,0.0826
4176,Shoes,18-24,Male,Texas,Google Ads,30,1147.64,0.0711
4177,Smartphones,18-24,Male,New York,Google Ads,60,3567.99,0.0733
4178,Laptops,45-54,Female,Illinois,LinkedIn,45,8024.61,0.0374
4179,Smartphones,25-34,Female,California,Facebook,30,5184.51,0.0649
4180,Furniture,25-34,Female,Texas,Instagram,7,7101.47,0.0625
4181,Shoes,25-34,Male,Florida,Facebook,60,5272.0,0.0521
4182,Furniture,35-44,Female,New York,Facebook,45,9793.11,0.0632
4183,Furniture,25-34,Other,California,Facebook,60,9393.83,0.0497
4184,Furniture,35-44,Other,Texas,Facebook,30,3170.88,0.0509
4185,Shoes,35-44,Male,Florida,Google Ads,14,4165.91,0.0795
4186,Shoes,25-34,Other,California,LinkedIn,14,4597.79,0.0553
4187,Books,25-34,Female,Florida,LinkedIn,7,1489.94,0.0403
4188,Smartphones,45-54,Other,California,Facebook,7,4338.71,0.0454
4189,Smartphones,45-54,Female,Illinois,Instagram,45,7861.05,0.0374
4190,Books,35-44,Other,Illinois,YouTube,14,8545.51,0.0835
4191,Books,45-54,Male,Illinois,Facebook,30,8918.26,0.0746
4192,Furniture,35-44,Female,Texas,Facebook,60,638.31,0.0414
4193,Books,18-24,Other,Illinois,Instagram,60,7993.66,0.0507
4194,Laptops,35-44,Male,Texas,Google Ads,14,5274.96,0.0927
4195,Smartphones,35-44,Other,New York,Facebook,14,2458.51,0.0521
4196,Books,45-54,Male,Illinois,Instagram,60,5238.08,0.0436
4197,Laptops,18-24,Other,Texas,Google Ads,45,8520.47,0.0775
4198,Laptops,55+,Female,California,Google Ads,60,4625.37,0.0561
4199,Laptops,55+,Female,Texas,Facebook,7,9909.38,0.062
4200,Laptops,55+,Female,Texas,Google Ads,30,6358.49,0.074
4201,Furniture,18-24,Female,California,Facebook,14,5152.75,0.0439
4202,Laptops,25-34,Female,Texas,Facebook,14,3301.45,0.0635
4203,Furniture,18-24,Other,California,LinkedIn,45,604.99,0.002
4204,Furniture,45-54,Other,Florida,YouTube,7,6300.21,0.0842
4205,Laptops,35-44,Other,Illinois,YouTube,60,5986.21,0.0643
4206,Smartphones,35-44,Other,New York,LinkedIn,7,5409.74,0.0587
4207,Laptops,45-54,Female,Texas,Facebook,7,5608.19,0.0569
4208,Laptops,45-54,Male,California,Instagram,45,8513.46,0.0363
4209,Laptops,35-44,Female,Illinois,Google Ads,45,3510.26,0.0698
4210,Smartphones,25-34,Other,Texas,LinkedIn,60,5727.41,0.0515
4211,Shoes,25-34,Female,Illinois,LinkedIn,60,6959.5,0.0425
4212,Shoes,25-34,Female,Florida,LinkedIn,30,2493.28,0.0513
4213,Furniture,45-54,Female,Texas,LinkedIn,7,9285.78,0.062
4214,Furniture,35-44,Male,California,YouTube,60,7502.66,0.0624
4215,Smartphones,35-44,Female,Florida,Facebook,45,1006.31,0.0341
4216,Books,35-44,Female,Texas,LinkedIn,30,8718.51,0.0721
4217,Shoes,18-24,Male,Illinois,LinkedIn,30,9333.77,0.0588
4218,Furniture,18-24,Female,Florida,LinkedIn,45,8039.87,0.0361
4219,Shoes,55+,Female,California,Instagram,60,4549.13,0.0169
4220,Smartphones,18-24,Female,Texas,Instagram,45,9946.58,0.0744
4221,Smartphones,25-34,Female,Illinois,Google Ads,60,1682.14,0.0582
4222,Books,25-34,Female,Illinois,Facebook,45,5597.76,0.0588
4223,Books,25-34,Other,Florida,LinkedIn,45,2118.71,0.0392
4224,Smartphones,25-34,Female,Texas,Google Ads,14,4673.81,0.0895
4225,Furniture,55+,Male,Illinois,Google Ads,60,9310.53,0.0664
4226,Shoes,25-34,Female,Florida,Facebook,7,8045.48,0.0718
4227,Laptops,45-54,Other,New York,Instagram,14,7929.78,0.0524
4228,Books,45-54,Male,Illinois,Facebook,14,3861.61,0.0647
4229,Laptops,45-54,Male,Florida,Google Ads,14,9375.57,0.0789
4230,Furniture,18-24,Female,New York,Facebook,14,3998.48,0.044
4231,Books,35-44,Other,Florida,Instagram,7,879.75,0.051
4232,Laptops,55+,Female,Illinois,Google Ads,14,6559.11,0.0636
4233,Furniture,45-54,Other,New York,Facebook,7,3945.15,0.0594
4234,Shoes,45-54,Other,Florida,LinkedIn,7,1960.39,0.0302
4235,Furniture,25-34,Female,Texas,LinkedIn,14,9379.25,0.0624
4236,Books,45-54,Other,New York,Facebook,30,6553.78,0.0548
4237,Smartphones,25-34,Female,Florida,Facebook,7,9435.03,0.0794
4238,Shoes,25-34,Other,Texas,Instagram,14,6038.3,0.0705
4239,Laptops,35-44,Male,New York,Google Ads,45,1106.7,0.0588
4240,Books,18-24,Female,Florida,Facebook,45,784.43,0.0208
4241,Smartphones,25-34,Other,Illinois,Google Ads,60,9055.33,0.0794
4242,Furniture,25-34,Male,New York,LinkedIn,7,867.92,0.0345
4243,Smartphones,35-44,Male,New York,Google Ads,7,6344.17,0.0829
4244,Books,25-34,Male,Texas,YouTube,45,3330.77,0.0408
4245,Books,55+,Male,Florida,Instagram,7,7032.75,0.0707
4246,Smartphones,18-24,Female,Illinois,Instagram,7,3204.86,0.0721
4247,Furniture,55+,Other,Texas,Google Ads,45,853.61,0.0597
4248,Smartphones,45-54,Male,New York,Instagram,14,7442.97,0.0514
4249,Books,18-24,Other,Texas,Google Ads,45,3453.57,0.0771
4250,Books,45-54,Other,Texas,Google Ads,30,5732.59,0.082
4251,Laptops,25-34,Other,Texas,LinkedIn,45,7851.73,0.0562
4252,Laptops,35-44,Female,New York,Google Ads,45,7176.82,0.0706
4253,Shoes,55+,Female,California,Instagram,14,3811.43,0.0298
4254,Books,45-54,Male,Texas,YouTube,45,7604.35,0.066
4255,Laptops,25-34,Other,California,Facebook,45,9293.97,0.0666
4256,Smartphones,55+,Female,Illinois,Instagram,14,6294.76,0.0379
4257,Furniture,55+,Female,Illinois,YouTube,45,7183.31,0.0687
4258,Smartphones,45-54,Female,Illinois,Instagram,14,8726.13,0.0459
4259,Furniture,25-34,Male,Florida,YouTube,30,8514.59,0.071
4260,Laptops,35-44,Female,New York,Instagram,14,3840.21,0.057
4261,Shoes,45-54,Other,California,Facebook,7,9921.16,0.0553
4262,Smartphones,55+,Female,Florida,LinkedIn,7,771.38,0.0252
4263,Smartphones,55+,Female,California,LinkedIn,14,9873.72,0.0335
4264,Smartphones,18-24,Male,New York,Facebook,45,2836.97,0.0529
4265,Furniture,25-34,Other,Texas,Instagram,60,4684.15,0.0376
4266,Laptops,18-24,Female,Florida,YouTube,60,8895.04,0.0622
4267,Smartphones,35-44,Other,New York,Google Ads,30,2821.12,0.0626
4268,Smartphones,45-54,Other,Florida,Instagram,30,2635.43,0.0418
4269,Shoes,55+,Female,Illinois,Facebook,60,6609.53,0.0368
4270,Shoes,25-34,Male,Florida,LinkedIn,60,7201.78,0.0517
4271,Laptops,55+,Other,Texas,LinkedIn,14,570.97,0.0207
4272,Laptops,18-24,Female,Texas,Instagram,60,4779.22,0.0481
4273,Books,18-24,Other,California,YouTube,7,5146.54,0.0706
4274,Shoes,45-54,Other,Florida,Facebook,30,3082.43,0.0312
4275,Books,25-34,Other,Illinois,Facebook,30,5688.04,0.0451
4276,Furniture,25-34,Female,Texas,YouTube,7,1968.49,0.0604
4277,Books,45-54,Other,California,YouTube,30,3574.26,0.0528
4278,Smartphones,18-24,Other,Illinois,Instagram,60,7275.77,0.0544
4279,Books,18-24,Male,Illinois,Instagram,30,8800.97,0.0577
4280,Laptops,18-24,Female,Illinois,LinkedIn,7,6099.1,0.0467
4281,Furniture,55+,Female,New York,LinkedIn,30,1211.02,0.0369
4282,Smartphones,35-44,Other,Texas,YouTube,60,6948.09,0.058
4283,Books,18-24,Male,New York,Google Ads,14,9027.18,0.0776
4284,Furniture,35-44,Other,New York,Google Ads,60,5290.98,0.0679
4285,Furniture,35-44,Other,Texas,Google Ads,30,5190.07,0.0864
4286,Smartphones,25-34,Female,Florida,Facebook,45,9918.43,0.0597
4287,Books,45-54,Male,California,Instagram,30,6544.83,0.0411
4288,Furniture,55+,Other,Texas,YouTube,30,8157.27,0.0593
4289,Furniture,35-44,Female,California,LinkedIn,7,6641.69,0.0656
4290,Shoes,55+,Other,Florida,Google Ads,45,2598.7,0.0442
4291,Furniture,25-34,Other,Texas,LinkedIn,7,3198.74,0.0368
4292,Shoes,18-24,Male,Illinois,Instagram,7,6824.2,0.0726
4293,Books,35-44,Male,Texas,YouTube,60,4832.68,0.0701
4294,Books,45-54,Male,Florida,Google Ads,14,4341.3,0.0896
4295,Books,25-34,Other,New York,Google Ads,30,713.29,0.0493
4296,Laptops,55+,Male,Texas,YouTube,45,8901.51,0.051
4297,Books,18-24,Female,Illinois,LinkedIn,30,8902.73,0.0429
4298,Furniture,55+,Other,Texas,Instagram,7,4879.23,0.0537
4299,Smartphones,45-54,Male,New York,Instagram,14,7157.02,0.0502
4300,Shoes,35-44,Other,Texas,Instagram,7,2189.28,0.0425
4301,Laptops,45-54,Other,Illinois,LinkedIn,30,5286.2,0.0346
4302,Books,55+,Female,Florida,LinkedIn,60,4669.22,0.0363
4303,Books,55+,Female,Illinois,Google Ads,30,6737.83,0.098
4304,Smartphones,45-54,Female,Florida,LinkedIn,7,4961.64,0.0468
4305,Smartphones,45-54,Other,Illinois,Facebook,45,5235.13,0.0363
4306,Laptops,45-54,Other,California,YouTube,45,3309.27,0.0525
4307,Shoes,18-24,Female,Texas,LinkedIn,45,960.02,0.0323
4308,Books,55+,Other,Texas,Instagram,45,9211.74,0.0625
4309,Laptops,25-34,Female,New York,LinkedIn,45,616.2,0.0241
4310,Furniture,18-24,Female,California,Google Ads,14,3172.58,0.0557
4311,Furniture,18-24,Male,New York,YouTube,14,4752.3,0.0394
4312,Laptops,18-24,Female,Texas,YouTube,60,3531.38,0.052
4313,Books,25-34,Male,New York,Instagram,45,5743.22,0.0361
4314,Laptops,45-54,Female,Florida,YouTube,7,4885.32,0.0619
4315,Books,55+,Other,California,Facebook,7,2927.02,0.0655
4316,Smartphones,35-44,Male,Illinois,YouTube,30,1336.19,0.0516
4317,Laptops,35-44,Other,Florida,Instagram,45,1806.59,0.0391
4318,Books,55+,Other,Illinois,YouTube,7,5120.04,0.0635
4319,Laptops,25-34,Female,New York,LinkedIn,60,8536.48,0.0335
4320,Laptops,35-44,Female,Texas,Google Ads,7,1456.07,0.0776
4321,Books,18-24,Other,Florida,LinkedIn,60,6933.46,0.0407
4322,Books,35-44,Female,California,Facebook,45,8024.87,0.0579
4323,Shoes,55+,Female,Illinois,Facebook,30,3129.34,0.0436
4324,Laptops,18-24,Female,Florida,Google Ads,30,6848.28,0.0813
4325,Furniture,35-44,Other,Texas,Google Ads,14,7023.25,0.0941
4326,Laptops,55+,Male,California,Google Ads,45,7224.03,0.0539
4327,Laptops,25-34,Male,California,Google Ads,7,8962.69,0.1003
4328,Books,55+,Other,Illinois,YouTube,30,4286.0,0.0639
4329,Laptops,25-34,Female,Florida,LinkedIn,60,2815.05,0.0339
4330,Laptops,18-24,Female,Florida,Facebook,60,5666.53,0.0519
4331,Furniture,55+,Male,California,YouTube,7,1094.21,0.0607
4332,Books,45-54,Other,New York,Google Ads,7,3672.25,0.0907
4333,Laptops,45-54,Other,California,Instagram,45,8890.64,0.0421
4334,Smartphones,45-54,Female,Texas,Instagram,7,5554.55,0.0577
4335,Shoes,45-54,Female,Florida,LinkedIn,7,4648.42,0.0416
4336,Furniture,45-54,Female,Illinois,Facebook,7,3024.0,0.0667
4337,Laptops,25-34,Other,Florida,Facebook,30,2878.57,0.0582
4338,Smartphones,55+,Male,California,LinkedIn,45,2747.81,0.019
4339,Laptops,18-24,Other,Texas,Google Ads,7,8377.72,0.0966
4340,Laptops,45-54,Other,New York,Google Ads,7,9857.69,0.0712
4341,Books,45-54,Other,Florida,Facebook,60,5580.59,0.0566
4342,Books,18-24,Male,California,Facebook,30,1258.42,0.027
4343,Books,18-24,Female,California,Facebook,7,7634.87,0.0557
4344,Smartphones,45-54,Female,California,Google Ads,30,8832.02,0.0686
4345,Laptops,25-34,Other,Texas,Instagram,45,9346.67,0.0575
4346,Shoes,18-24,Other,California,LinkedIn,45,6473.37,0.0495
4347,Furniture,55+,Male,California,LinkedIn,14,5315.37,0.038
4348,Books,55+,Male,California,YouTube,60,6395.01,0.0555
4349,Books,25-34,Female,Florida,YouTube,14,623.03,0.0514
4350,Laptops,35-44,Other,California,Instagram,30,6726.49,0.0614
4351,Laptops,25-34,Male,Texas,Facebook,60,7241.64,0.055
4352,Smartphones,45-54,Male,Florida,Instagram,7,7359.29,0.062
4353,Smartphones,35-44,Other,California,YouTube,60,5849.18,0.0535
4354,Books,45-54,Other,New York,YouTube,60,7150.42,0.067
4355,Laptops,55+,Other,Texas,LinkedIn,45,6568.91,0.0255
4356,Shoes,18-24,Other,New York,Instagram,14,1597.52,0.0548
4357,Furniture,45-54,Other,Texas,Google Ads,45,9034.48,0.0898
4358,Laptops,55+,Other,New York,YouTube,45,6415.91,0.0366
4359,Laptops,25-34,Male,California,LinkedIn,14,7414.05,0.0709
4360,Smartphones,45-54,Other,New York,Facebook,45,3757.43,0.0308
4361,Furniture,55+,Female,New York,Instagram,60,9232.78,0.0519
4362,Books,18-24,Other,Texas,YouTube,30,5274.85,0.0648
4363,Laptops,45-54,Female,California,Google Ads,7,6950.56,0.078
4364,Books,55+,Female,Texas,YouTube,7,9545.73,0.0906
4365,Laptops,45-54,Female,California,Google Ads,45,9202.79,0.0833
4366,Books,18-24,Other,Illinois,Instagram,14,6625.59,0.0484
4367,Furniture,45-54,Other,Florida,Google Ads,60,2074.54,0.0665
4368,Smartphones,45-54,Female,Florida,Google Ads,45,9530.4,0.0763
4369,Furniture,55+,Other,Texas,LinkedIn,60,9849.29,0.0377
4370,Shoes,35-44,Male,California,Instagram,60,1482.27,0.0292
4371,Smartphones,45-54,Male,New York,YouTube,7,4777.83,0.0631
4372,Furniture,35-44,Male,Florida,Facebook,30,5708.43,0.0739
4373,Shoes,25-34,Male,Texas,Instagram,30,1374.77,0.0473
4374,Laptops,45-54,Other,Texas,Instagram,14,2301.96,0.0545
4375,Laptops,35-44,Female,Texas,Facebook,30,5608.2,0.0642
4376,Books,25-34,Other,California,YouTube,45,9649.35,0.054
4377,Smartphones,55+,Male,Texas,LinkedIn,7,764.19,0.0161
4378,Laptops,45-54,Other,Illinois,YouTube,7,9168.21,0.0683
4379,Smartphones,55+,Other,New York,Facebook,60,9036.78,0.035
4380,Laptops,25-34,Male,Texas,YouTube,45,8643.2,0.071
4381,Books,55+,Female,California,Instagram,45,4086.73,0.0466
4382,Furniture,55+,Other,New York,LinkedIn,60,5162.82,0.0358
4383,Books,18-24,Other,New York,Google Ads,60,4334.15,0.0675
4384,Shoes,25-34,Male,Florida,YouTube,7,9502.07,0.0815
4385,Laptops,55+,Female,Texas,Google Ads,45,5452.83,0.0677
4386,Shoes,35-44,Male,Texas,LinkedIn,30,1265.82,0.0139
4387,Shoes,25-34,Male,California,Google Ads,30,3103.57,0.0711
4388,Smartphones,18-24,Other,Illinois,YouTube,7,4889.32,0.0867
4389,Laptops,45-54,Female,Illinois,Facebook,30,9558.78,0.0661
4390,Shoes,55+,Male,Florida,Instagram,30,5905.04,0.0465
4391,Furniture,35-44,Other,Illinois,Instagram,45,7112.69,0.062
4392,Shoes,18-24,Male,California,Google Ads,45,1340.94,0.0692
4393,Furniture,25-34,Other,Florida,Instagram,14,8834.58,0.0585
4394,Smartphones,55+,Female,Texas,Instagram,45,5620.67,0.0404
4395,Shoes,18-24,Male,Illinois,Facebook,14,9251.67,0.0742
4396,Books,18-24,Female,California,Google Ads,45,4732.03,0.0674
4397,Smartphones,35-44,Female,California,Facebook,60,6989.3,0.0464
4398,Furniture,45-54,Other,Texas,Facebook,45,4972.97,0.0589
4399,Smartphones,45-54,Male,California,LinkedIn,14,1854.3,0.0313
4400,Shoes,45-54,Male,Florida,Google Ads,30,3084.47,0.0626
4401,Laptops,25-34,Other,Florida,Facebook,45,1138.94,0.0462
4402,Laptops,18-24,Other,New York,YouTube,30,4682.53,0.0539
4403,Furniture,25-34,Female,Texas,Instagram,30,6668.74,0.0647
4404,Furniture,18-24,Male,California,Google Ads,45,2815.26,0.0476
4405,Laptops,35-44,Male,Illinois,LinkedIn,45,5158.69,0.0498
4406,Furniture,35-44,Other,Florida,Facebook,60,4860.25,0.0573
4407,Smartphones,25-34,Other,Texas,YouTube,14,5567.49,0.0718
4408,Books,25-34,Other,Texas,Instagram,45,2253.55,0.0435
4409,Books,35-44,Male,Florida,Instagram,30,5572.85,0.0534
4410,Smartphones,55+,Male,New York,YouTube,30,3959.95,0.0416
4411,Books,45-54,Female,Texas,Google Ads,45,3217.4,0.0524
4412,Shoes,45-54,Other,California,Instagram,14,6066.83,0.0405
4413,Smartphones,35-44,Female,Illinois,Instagram,30,1906.35,0.0394
4414,Furniture,45-54,Male,Illinois,Instagram,60,9056.26,0.0517
4415,Smartphones,55+,Female,Florida,Facebook,30,9381.1,0.0505
4416,Laptops,55+,Female,Texas,Facebook,14,6775.79,0.0518
4417,Furniture,18-24,Female,Illinois,Instagram,7,3379.97,0.037
4418,Laptops,25-34,Other,Texas,LinkedIn,60,6447.06,0.0449
4419,Furniture,45-54,Male,Florida,Instagram,60,6214.47,0.0606
4420,Books,55+,Other,New York,Google Ads,7,4216.88,0.0847
4421,Smartphones,25-34,Female,Illinois,LinkedIn,60,3228.85,0.042
4422,Shoes,25-34,Other,California,Google Ads,60,2100.3,0.0593
4423,Furniture,18-24,Male,Florida,YouTube,60,2565.15,0.0471
4424,Furniture,25-34,Male,New York,YouTube,30,6703.78,0.0582
4425,Laptops,25-34,Female,California,Facebook,30,8916.0,0.0605
4426,Books,35-44,Female,California,Facebook,45,4157.08,0.0408
4427,Laptops,18-24,Other,Illinois,Facebook,45,1658.05,0.0449
4428,Laptops,18-24,Male,Texas,YouTube,30,621.66,0.0541
4429,Books,45-54,Male,Florida,Google Ads,60,4356.1,0.0665
4430,Shoes,25-34,Other,California,LinkedIn,14,2709.39,0.0412
4431,Laptops,45-54,Male,Illinois,Facebook,7,3564.28,0.0504
4432,Laptops,55+,Female,New York,YouTube,45,2795.86,0.0368
4433,Furniture,25-34,Female,California,Facebook,60,6809.4,0.0352
4434,Books,55+,Other,New York,Instagram,45,6565.89,0.059
4435,Smartphones,35-44,Other,Florida,LinkedIn,14,9166.89,0.0632
4436,Shoes,25-34,Other,Illinois,Google Ads,60,7147.58,0.064
4437,Shoes,45-54,Female,New York,Facebook,30,2066.94,0.0408
4438,Books,45-54,Other,Texas,Instagram,14,7640.15,0.0765
4439,Furniture,25-34,Male,New York,Instagram,45,2222.04,0.0158
4440,Furniture,45-54,Other,New York,LinkedIn,60,5806.71,0.0289
4441,Books,25-34,Male,Illinois,YouTube,60,1232.24,0.0385
4442,Furniture,18-24,Female,Illinois,YouTube,7,949.59,0.0426
4443,Shoes,45-54,Male,California,Facebook,7,4910.18,0.0469
4444,Shoes,25-34,Male,New York,Facebook,7,1497.34,0.0493
4445,Smartphones,25-34,Male,New York,YouTube,30,3413.33,0.0648
4446,Books,45-54,Female,Illinois,Google Ads,60,3718.92,0.0629
4447,Laptops,18-24,Male,Texas,Google Ads,60,7809.56,0.0822
4448,Laptops,45-54,Male,Illinois,Instagram,45,3660.46,0.0397
4449,Smartphones,25-34,Other,Texas,LinkedIn,30,5195.85,0.0453
4450,Smartphones,18-24,Other,Illinois,Google Ads,7,7839.57,0.0951
4451,Furniture,55+,Other,Florida,Facebook,60,2446.53,0.0436
4452,Smartphones,35-44,Male,New York,Google Ads,7,8146.53,0.0796
4453,Smartphones,45-54,Male,Texas,LinkedIn,14,8402.05,0.0446
4454,Laptops,25-34,Female,Florida,Facebook,30,9894.04,0.0722
4455,Furniture,18-24,Male,Texas,LinkedIn,7,4718.45,0.0379
4456,Smartphones,18-24,Male,California,YouTube,30,4021.17,0.0618
4457,Smartphones,55+,Female,California,LinkedIn,60,7169.05,0.0298
4458,Furniture,45-54,Male,New York,LinkedIn,14,1052.44,0.0359
4459,Books,18-24,Female,Florida,LinkedIn,45,877.64,0.0252
4460,Furniture,55+,Female,Florida,Facebook,14,3682.41,0.0578
4461,Laptops,25-34,Other,California,LinkedIn,30,7430.39,0.05
4462,Books,55+,Male,New York,LinkedIn,14,1606.32,0.0455
4463,Shoes,45-54,Other,California,Instagram,60,6537.7,0.0328
4464,Furniture,55+,Male,Florida,Facebook,30,3060.3,0.0516
4465,Laptops,18-24,Other,Texas,LinkedIn,30,6690.91,0.0352
4466,Books,18-24,Female,Florida,Google Ads,60,4841.27,0.0697
4467,Furniture,35-44,Female,New York,LinkedIn,7,1593.94,0.0426
4468,Smartphones,55+,Female,Florida,Google Ads,45,2849.19,0.0552
4469,Furniture,25-34,Female,Illinois,YouTube,14,2587.28,0.0653
4470,Shoes,45-54,Male,Florida,YouTube,45,2063.55,0.0424
4471,Furniture,35-44,Male,Illinois,Facebook,45,4949.28,0.0591
4472,Books,55+,Other,California,Facebook,60,9569.32,0.0564
4473,Books,25-34,Male,Illinois,YouTube,7,6751.84,0.0851
4474,Furniture,35-44,Male,Florida,Facebook,45,8442.02,0.0702
4475,Books,18-24,Other,Florida,Google Ads,30,9820.26,0.0822
4476,Smartphones,45-54,Female,Florida,Google Ads,7,5635.92,0.0727
4477,Furniture,55+,Other,New York,Instagram,60,2761.67,0.0292
4478,Smartphones,25-34,Other,California,Facebook,45,9314.2,0.0518
4479,Smartphones,18-24,Female,Illinois,Facebook,60,7140.35,0.0746
4480,Laptops,35-44,Other,Texas,Instagram,14,9609.94,0.065
4481,Furniture,45-54,Other,Illinois,LinkedIn,60,6684.8,0.0455
4482,Books,35-44,Other,Florida,Google Ads,30,7863.88,0.0835
4483,Smartphones,35-44,Male,Texas,LinkedIn,60,8961.04,0.0529
4484,Laptops,25-34,Female,Texas,Instagram,7,7712.87,0.066
4485,Furniture,18-24,Female,Illinois,Facebook,14,5845.13,0.046
4486,Furniture,55+,Other,Illinois,LinkedIn,30,4983.25,0.0477
4487,Shoes,25-34,Male,Illinois,Facebook,14,8322.08,0.0605
4488,Shoes,45-54,Female,Illinois,Instagram,30,7833.87,0.0362
4489,Smartphones,35-44,Female,California,YouTube,14,3981.09,0.0528
4490,Shoes,45-54,Other,New York,Facebook,45,5234.15,0.0379
4491,Smartphones,25-34,Other,New York,LinkedIn,60,6532.41,0.046
4492,Books,25-34,Other,Illinois,LinkedIn,7,769.52,0.0326
4493,Smartphones,55+,Female,New York,Instagram,7,2851.9,0.0361
4494,Shoes,35-44,Other,Illinois,LinkedIn,45,2877.04,0.0237
4495,Books,25-34,Other,Illinois,Google Ads,14,8890.7,0.0846
4496,Shoes,45-54,Other,Illinois,Facebook,60,3649.13,0.0309
4497,Smartphones,55+,Male,California,Google Ads,45,5678.86,0.0484
4498,Laptops,45-54,Other,Florida,Instagram,14,8400.07,0.0738
4499,Furniture,35-44,Female,New York,Google Ads,60,2967.09,0.0534
4500,Shoes,55+,Other,New York,Google Ads,14,1675.69,0.0558
4501,Smartphones,55+,Female,California,Facebook,7,9509.42,0.0541
4502,Books,55+,Male,California,Facebook,60,7194.49,0.0594
4503,Shoes,18-24,Male,Illinois,YouTube,7,2182.01,0.0701
4504,Shoes,55+,Other,Illinois,Google Ads,7,8287.26,0.0785
4505,Furniture,45-54,Female,Florida,Facebook,60,7977.7,0.0581
4506,Smartphones,45-54,Other,New York,Google Ads,45,8456.64,0.0666
4507,Laptops,35-44,Other,California,Google Ads,14,3124.02,0.0748
4508,Books,25-34,Female,Florida,Instagram,60,4761.51,0.0442
4509,Smartphones,25-34,Female,New York,Instagram,7,7089.9,0.0673
4510,Books,18-24,Female,Florida,Google Ads,14,4211.34,0.069
4511,Shoes,55+,Female,Florida,Instagram,60,1164.74,0.0119
4512,Furniture,18-24,Female,Illinois,Facebook,45,1796.27,0.0337
4513,Furniture,35-44,Male,Florida,Google Ads,60,6172.58,0.0969
4514,Laptops,35-44,Male,Illinois,Instagram,60,4064.1,0.0489
4515,Furniture,25-34,Male,New York,Facebook,30,551.11,0.0357
4516,Shoes,35-44,Female,New York,Google Ads,14,7785.12,0.0765
4517,Laptops,55+,Female,Illinois,Google Ads,60,4458.69,0.0586
4518,Smartphones,45-54,Female,Texas,Instagram,7,3480.81,0.0486
4519,Furniture,35-44,Other,Florida,Facebook,7,7278.43,0.0811
4520,Laptops,18-24,Male,New York,Google Ads,30,4823.53,0.0805
4521,Shoes,55+,Male,Florida,Google Ads,7,7100.9,0.0653
4522,Books,35-44,Other,Texas,YouTube,60,625.38,0.0558
4523,Books,35-44,Other,Florida,Google Ads,14,589.49,0.0649
4524,Shoes,55+,Male,Texas,YouTube,30,5819.07,0.0493
4525,Shoes,35-44,Female,California,YouTube,30,9831.01,0.0574
4526,Books,45-54,Male,Texas,Facebook,45,3087.39,0.0491
4527,Laptops,25-34,Female,New York,LinkedIn,45,6987.49,0.0516
4528,Books,55+,Male,Illinois,YouTube,14,2136.45,0.0654
4529,Shoes,18-24,Male,Illinois,Facebook,14,3459.71,0.0699
4530,Furniture,35-44,Other,Florida,Instagram,30,1241.71,0.0451
4531,Smartphones,25-34,Other,California,YouTube,60,8867.54,0.0489
4532,Furniture,18-24,Female,Florida,LinkedIn,60,3449.16,0.0082
4533,Furniture,18-24,Female,Texas,Instagram,45,2689.43,0.0272
4534,Shoes,45-54,Male,Illinois,YouTube,14,7440.74,0.0595
4535,Books,25-34,Other,Texas,YouTube,14,2394.68,0.0562
4536,Laptops,55+,Female,Illinois,LinkedIn,60,2782.62,0.0165
4537,Furniture,25-34,Female,Illinois,Google Ads,45,1484.35,0.0583
4538,Books,25-34,Female,Illinois,LinkedIn,60,9647.28,0.0445
4539,Laptops,18-24,Male,New York,Facebook,60,2852.56,0.0351
4540,Furniture,45-54,Female,Texas,Facebook,30,9958.8,0.0614
4541,Laptops,45-54,Female,Florida,LinkedIn,14,2173.42,0.0327
4542,Books,25-34,Other,California,LinkedIn,30,696.19,0.0296
4543,Smartphones,25-34,Other,Florida,LinkedIn,30,9009.09,0.056
4544,Books,35-44,Other,Texas,LinkedIn,60,6010.16,0.0473
4545,Shoes,18-24,Male,California,LinkedIn,45,3838.39,0.0552
4546,Laptops,55+,Other,Florida,YouTube,60,5376.73,0.0413
4547,Smartphones,55+,Other,California,Instagram,45,2976.91,0.0205
4548,Laptops,45-54,Other,Texas,Facebook,14,6530.21,0.0658
4549,Laptops,18-24,Other,Illinois,Facebook,7,6356.45,0.0707
4550,Furniture,45-54,Female,Texas,Instagram,14,1261.83,0.0461
4551,Shoes,55+,Male,New York,LinkedIn,60,9151.54,0.0158
4552,Laptops,25-34,Female,California,Instagram,45,4874.99,0.0581
4553,Books,18-24,Female,Texas,LinkedIn,7,2353.96,0.0438
4554,Books,18-24,Male,Illinois,Facebook,45,3420.15,0.045
4555,Furniture,35-44,Female,Illinois,Google Ads,45,8729.11,0.0912
4556,Shoes,25-34,Other,Texas,Facebook,7,4140.26,0.0571
4557,Shoes,25-34,Male,Florida,Facebook,7,5838.63,0.0706
4558,Books,45-54,Female,Texas,Google Ads,14,9503.05,0.0908
4559,Smartphones,18-24,Female,Illinois,Instagram,30,6691.31,0.0728
4560,Furniture,45-54,Other,Texas,YouTube,7,6919.31,0.0831
4561,Furniture,25-34,Female,New York,LinkedIn,30,2861.4,0.0393
4562,Books,35-44,Female,Florida,LinkedIn,30,6848.8,0.056
4563,Books,18-24,Female,Texas,Facebook,30,4241.13,0.0523
4564,Smartphones,25-34,Male,Illinois,Google Ads,30,9154.9,0.0917
4565,Smartphones,35-44,Male,Texas,Facebook,7,1730.62,0.0516
4566,Shoes,55+,Female,Texas,Facebook,45,3213.58,0.0282
4567,Furniture,25-34,Female,California,Instagram,7,1127.01,0.0357
4568,Furniture,55+,Other,Texas,LinkedIn,7,4118.59,0.0526
4569,Books,45-54,Male,New York,YouTube,60,1909.54,0.0479
4570,Shoes,55+,Male,Illinois,Google Ads,60,8528.87,0.0537
4571,Furniture,25-34,Male,California,YouTube,14,9287.91,0.0607
4572,Shoes,55+,Female,Texas,Google Ads,30,6859.54,0.0544
4573,Shoes,18-24,Other,Florida,LinkedIn,30,1481.68,0.0387
4574,Books,25-34,Other,New York,Instagram,60,3745.49,0.0346
4575,Shoes,35-44,Female,New York,YouTube,45,9662.67,0.0533
4576,Smartphones,55+,Female,New York,Google Ads,14,1794.86,0.0473
4577,Smartphones,18-24,Other,California,Facebook,45,5786.65,0.0564
4578,Laptops,45-54,Other,Texas,LinkedIn,60,3852.83,0.0213
4579,Books,45-54,Male,New York,Instagram,45,9992.04,0.0581
4580,Laptops,55+,Female,Texas,Facebook,30,3211.2,0.0425
4581,Smartphones,45-54,Male,Florida,Instagram,60,953.84,0.0242
4582,Laptops,35-44,Other,Texas,Google Ads,45,7170.74,0.0861
4583,Books,25-34,Male,Texas,Facebook,14,3604.02,0.0593
4584,Books,18-24,Other,Texas,Instagram,14,6747.02,0.0579
4585,Shoes,55+,Other,Illinois,LinkedIn,7,1494.19,0.0274
4586,Furniture,45-54,Male,California,YouTube,60,5469.1,0.0658
4587,Shoes,25-34,Female,Texas,YouTube,60,4064.7,0.0527
4588,Books,35-44,Male,New York,Facebook,60,5599.29,0.0521
4589,Smartphones,45-54,Male,Illinois,LinkedIn,30,8607.99,0.0375
4590,Smartphones,45-54,Female,Texas,LinkedIn,30,9741.1,0.0461
4591,Shoes,18-24,Female,Illinois,Instagram,60,7654.76,0.0677
4592,Books,35-44,Male,California,Facebook,45,7785.15,0.0536
4593,Smartphones,35-44,Other,Illinois,LinkedIn,30,5524.89,0.0381
4594,Books,55+,Male,New York,Instagram,60,1425.3,0.0317
4595,Smartphones,18-24,Other,Texas,LinkedIn,30,6837.07,0.0587
4596,Books,55+,Female,New York,Facebook,7,1903.91,0.0468
4597,Laptops,18-24,Female,Florida,LinkedIn,14,2833.78,0.0516
4598,Books,35-44,Other,Illinois,LinkedIn,7,7222.03,0.06
4599,Books,18-24,Male,Illinois,LinkedIn,60,6741.43,0.0324
4600,Shoes,18-24,Female,Illinois,YouTube,14,3486.1,0.0667
4601,Laptops,18-24,Other,California,Google Ads,45,7834.42,0.0678
4602,Furniture,25-34,Other,New York,Facebook,60,9423.5,0.0456
4603,Shoes,25-34,Male,Florida,YouTube,45,5679.97,0.0713
4604,Furniture,35-44,Other,California,Google Ads,45,6938.02,0.0792
4605,Smartphones,18-24,Other,California,LinkedIn,30,3081.91,0.0631
4606,Furniture,35-44,Male,Texas,LinkedIn,30,9722.67,0.0625
4607,Books,25-34,Female,Florida,YouTube,14,3100.2,0.0579
4608,Furniture,18-24,Female,Illinois,Instagram,14,8930.39,0.0523
4609,Shoes,55+,Female,Illinois,Facebook,30,9314.76,0.0362
4610,Shoes,25-34,Other,Texas,Google Ads,14,7336.47,0.0904
4611,Furniture,25-34,Other,Illinois,LinkedIn,7,8210.08,0.0471
4612,Shoes,25-34,Male,New York,Facebook,60,4849.64,0.0347
4613,Shoes,18-24,Other,Illinois,LinkedIn,7,9235.69,0.0692
4614,Furniture,45-54,Other,New York,LinkedIn,60,7555.14,0.0501
4615,Laptops,55+,Female,Texas,LinkedIn,30,3604.07,0.0342
4616,Laptops,55+,Other,Texas,Facebook,7,831.98,0.0364
4617,Smartphones,35-44,Other,New York,YouTube,45,5637.44,0.0377
4618,Shoes,18-24,Other,Illinois,Facebook,7,8486.18,0.0779
4619,Furniture,25-34,Male,Texas,Facebook,14,8676.35,0.0645
4620,Shoes,45-54,Other,Texas,Instagram,7,8433.63,0.0575
4621,Books,18-24,Male,New York,Instagram,30,2540.09,0.0309
4622,Shoes,18-24,Female,Texas,YouTube,30,4548.41,0.0785
4623,Shoes,45-54,Other,Illinois,Instagram,14,6331.35,0.0434
4624,Laptops,25-34,Male,Texas,YouTube,60,6841.79,0.0631
4625,Furniture,18-24,Female,New York,LinkedIn,14,3678.54,0.0293
4626,Shoes,55+,Other,Illinois,LinkedIn,60,7080.1,0.0182
4627,Laptops,55+,Male,Florida,Facebook,30,6113.52,0.054
4628,Smartphones,45-54,Male,New York,LinkedIn,30,5884.37,0.0255
4629,Laptops,25-34,Female,Florida,Instagram,60,6798.74,0.0598
4630,Laptops,45-54,Other,Texas,Google Ads,7,6232.0,0.0796
4631,Laptops,18-24,Other,Illinois,Facebook,7,2085.31,0.0502
4632,Shoes,55+,Other,Texas,YouTube,14,8806.96,0.0391
4633,Shoes,35-44,Male,Illinois,LinkedIn,30,2785.41,0.0287
4634,Smartphones,45-54,Other,California,Facebook,7,7572.64,0.0511
4635,Books,35-44,Male,Texas,Facebook,30,2176.34,0.059
4636,Books,35-44,Male,Texas,Facebook,14,6779.18,0.0661
4637,Books,55+,Female,Texas,LinkedIn,45,9009.0,0.0522
4638,Smartphones,45-54,Male,New York,YouTube,30,592.25,0.0341
4639,Books,35-44,Female,Illinois,Facebook,45,9806.94,0.0581
4640,Books,18-24,Female,Illinois,Facebook,30,781.92,0.0399
4641,Laptops,25-34,Other,Illinois,Facebook,60,607.99,0.0363
4642,Shoes,25-34,Female,New York,LinkedIn,45,8646.82,0.0432
4643,Shoes,55+,Other,Illinois,Instagram,60,7232.69,0.0382
4644,Laptops,45-54,Female,Texas,YouTube,60,1505.2,0.0425
4645,Laptops,45-54,Male,Florida,Facebook,14,9405.44,0.0697
4646,Laptops,25-34,Other,California,Facebook,14,6883.36,0.0644
4647,Shoes,18-24,Male,Illinois,Facebook,7,1554.91,0.0641
4648,Books,25-34,Other,New York,LinkedIn,45,8675.26,0.0561
4649,Laptops,25-34,Male,New York,Instagram,7,5068.6,0.0616
4650,Smartphones,45-54,Female,Illinois,Facebook,45,3142.27,0.0333
4651,Laptops,35-44,Other,Florida,Facebook,14,8337.89,0.0801
4652,Furniture,18-24,Other,Illinois,LinkedIn,14,7515.24,0.0416
4653,Laptops,45-54,Other,New York,YouTube,14,6418.92,0.0579
4654,Shoes,25-34,Female,California,YouTube,45,9035.87,0.0755
4655,Laptops,35-44,Male,Florida,Instagram,14,8682.16,0.0611
4656,Furniture,18-24,Female,Illinois,YouTube,7,2654.52,0.0466
4657,Smartphones,55+,Female,California,Facebook,60,8847.52,0.042
4658,Books,18-24,Female,Illinois,LinkedIn,45,4053.38,0.0409
4659,Laptops,18-24,Male,Florida,Facebook,60,4601.86,0.0428
4660,Furniture,25-34,Female,New York,Facebook,7,9737.16,0.0561
4661,Furniture,25-34,Other,Florida,Instagram,30,7718.81,0.0583
4662,Smartphones,55+,Female,Texas,YouTube,14,3554.12,0.051
4663,Shoes,55+,Male,Illinois,YouTube,7,6655.3,0.0474
4664,Laptops,55+,Other,California,YouTube,30,5623.58,0.0509
4665,Furniture,45-54,Male,California,Facebook,45,1607.73,0.0335
4666,Smartphones,45-54,Female,Florida,LinkedIn,7,8933.65,0.0558
4667,Books,25-34,Male,Florida,LinkedIn,45,8307.87,0.0456
4668,Furniture,25-34,Other,Florida,Facebook,60,7888.25,0.0517
4669,Smartphones,55+,Male,California,Google Ads,60,5811.96,0.0551
4670,Shoes,45-54,Other,New York,Facebook,45,2597.96,0.0334
4671,Shoes,35-44,Other,California,YouTube,60,8897.01,0.054
4672,Furniture,45-54,Female,New York,Facebook,60,3853.17,0.0534
4673,Furniture,25-34,Female,Florida,Google Ads,14,691.12,0.0634
4674,Laptops,45-54,Other,Texas,Facebook,45,9826.85,0.0659
4675,Smartphones,25-34,Male,California,YouTube,45,8680.99,0.0583
4676,Furniture,55+,Other,Florida,Instagram,30,6415.46,0.0563
4677,Laptops,55+,Female,California,LinkedIn,14,617.87,0.0167
4678,Laptops,55+,Male,Florida,Google Ads,7,2663.3,0.0642
4679,Furniture,35-44,Other,California,Instagram,14,4794.47,0.0632
4680,Shoes,35-44,Female,Illinois,LinkedIn,7,6466.81,0.0488
4681,Smartphones,25-34,Other,California,Instagram,45,7227.47,0.0623
4682,Smartphones,18-24,Other,Illinois,Facebook,14,7988.59,0.0712
4683,Shoes,35-44,Other,New York,Facebook,30,5778.78,0.0611
4684,Furniture,25-34,Male,California,LinkedIn,60,6733.74,0.0334
4685,Smartphones,45-54,Female,New York,LinkedIn,7,8206.81,0.0451
4686,Furniture,55+,Female,Texas,Facebook,60,7338.49,0.0525
4687,Furniture,55+,Other,Illinois,Facebook,45,9570.72,0.0593
4688,Laptops,55+,Other,California,LinkedIn,45,8809.14,0.0316
4689,Shoes,25-34,Other,New York,LinkedIn,45,2108.93,0.0339
4690,Furniture,55+,Male,Florida,LinkedIn,60,9500.48,0.0505
4691,Books,35-44,Female,New York,YouTube,45,2439.67,0.0337
4692,Shoes,45-54,Other,California,YouTube,45,9917.01,0.0483
4693,Smartphones,55+,Female,Texas,Facebook,60,7162.63,0.0353
4694,Laptops,25-34,Other,Illinois,YouTube,45,6461.55,0.0799
4695,Smartphones,45-54,Female,Florida,Google Ads,7,3581.07,0.0738
4696,Smartphones,55+,Other,New York,Facebook,14,1764.52,0.0378
4697,Shoes,18-24,Male,California,Google Ads,7,1698.64,0.0816
4698,Smartphones,55+,Other,California,Instagram,45,8732.46,0.0362
4699,Furniture,35-44,Other,Illinois,Google Ads,45,4608.2,0.0801
4700,Smartphones,45-54,Other,Florida,Instagram,45,5818.59,0.0484
4701,Laptops,35-44,Other,New York,Google Ads,45,9352.44,0.09
4702,Laptops,18-24,Other,New York,Instagram,60,2925.87,0.037
4703,Books,18-24,Female,New York,Instagram,14,7757.41,0.0502
4704,Laptops,35-44,Female,Illinois,Facebook,60,4969.42,0.0566
4705,Smartphones,45-54,Male,Illinois,LinkedIn,60,2521.17,0.0146
4706,Laptops,18-24,Other,Florida,LinkedIn,45,8603.23,0.0518
4707,Shoes,18-24,Female,New York,Facebook,7,6959.52,0.0775
4708,Laptops,55+,Female,New York,Instagram,7,1401.76,0.0309
4709,Furniture,25-34,Other,Florida,LinkedIn,30,5646.69,0.0407
4710,Shoes,18-24,Other,Florida,LinkedIn,14,8591.76,0.0665
4711,Books,45-54,Male,Florida,Google Ads,30,1135.88,0.0643
4712,Furniture,45-54,Male,California,YouTube,60,4454.61,0.0485
4713,Smartphones,55+,Female,Florida,Facebook,30,8149.54,0.0442
4714,Smartphones,45-54,Male,Texas,YouTube,30,8654.39,0.0506
4715,Smartphones,55+,Female,Illinois,Instagram,30,7865.95,0.0447
4716,Furniture,18-24,Male,Florida,Google Ads,14,3404.24,0.0623
4717,Furniture,18-24,Other,California,LinkedIn,7,5315.83,0.0337
4718,Furniture,18-24,Male,Texas,Google Ads,7,7542.14,0.069
4719,Shoes,18-24,Female,California,Facebook,30,1949.58,0.0522
4720,Shoes,25-34,Male,California,Instagram,14,6152.48,0.0541
4721,Smartphones,25-34,Female,California,Google Ads,7,7343.55,0.0931
4722,Laptops,18-24,Female,California,Google Ads,45,8574.92,0.0663
4723,Smartphones,45-54,Male,New York,Google Ads,7,1560.88,0.056
4724,Books,55+,Male,Illinois,LinkedIn,7,3631.91,0.049
4725,Shoes,35-44,Female,New York,Instagram,14,5645.71,0.0586
4726,Furniture,55+,Other,Texas,LinkedIn,14,7160.04,0.0581
4727,Shoes,35-44,Male,New York,Google Ads,7,7435.34,0.0762
4728,Furniture,35-44,Female,Texas,LinkedIn,45,2905.96,0.0383
4729,Books,18-24,Other,Florida,LinkedIn,45,631.83,0.0125
4730,Books,35-44,Female,Texas,Facebook,30,7091.26,0.0658
4731,Shoes,18-24,Male,New York,YouTube,30,9136.7,0.0878
4732,Furniture,25-34,Female,New York,YouTube,7,8076.41,0.0697
4733,Books,45-54,Female,Texas,Facebook,7,6413.43,0.0704
4734,Smartphones,35-44,Female,New York,Facebook,7,9786.92,0.0648
4735,Smartphones,45-54,Male,Texas,LinkedIn,45,4614.61,0.0326
4736,Furniture,18-24,Other,California,LinkedIn,60,5487.97,0.0205
4737,Shoes,35-44,Other,Illinois,Instagram,30,616.72,0.0232
4738,Books,55+,Other,Texas,YouTube,30,9486.54,0.0706
4739,Shoes,25-34,Other,California,LinkedIn,60,6041.79,0.0411
4740,Smartphones,25-34,Male,California,Instagram,7,4212.6,0.0694
4741,Books,35-44,Female,California,YouTube,30,923.36,0.0484
4742,Shoes,25-34,Other,California,Instagram,45,3942.98,0.0388
4743,Laptops,55+,Other,Texas,Instagram,60,534.18,0.0155
4744,Furniture,45-54,Male,New York,Facebook,45,3581.18,0.0545
4745,Furniture,55+,Female,California,Google Ads,7,9538.82,0.0944
4746,Laptops,25-34,Female,Florida,Google Ads,30,1965.54,0.0835
4747,Smartphones,45-54,Other,California,Google Ads,45,5681.41,0.0581
4748,Books,55+,Other,New York,Instagram,60,2272.86,0.0436
4749,Furniture,18-24,Female,New York,LinkedIn,7,7942.1,0.0385
4750,Laptops,18-24,Male,Illinois,Google Ads,30,5842.78,0.0758
4751,Laptops,45-54,Female,Illinois,LinkedIn,30,2421.24,0.0332
4752,Smartphones,45-54,Female,California,YouTube,7,8729.29,0.0606
4753,Smartphones,45-54,Other,California,Google Ads,7,7948.23,0.0801
4754,Shoes,18-24,Male,Illinois,Instagram,7,9537.36,0.0689
4755,Furniture,55+,Male,California,Facebook,45,505.97,0.0314
4756,Shoes,45-54,Male,Florida,Instagram,14,4842.61,0.0545
4757,Laptops,18-24,Other,Texas,LinkedIn,30,9998.49,0.0637
4758,Books,45-54,Male,Illinois,YouTube,45,8206.29,0.0703
4759,Books,45-54,Male,Illinois,Instagram,60,8397.22,0.0499
4760,Smartphones,45-54,Other,New York,Facebook,30,6400.76,0.0493
4761,Books,18-24,Female,California,Facebook,14,7272.55,0.0641
4762,Books,55+,Male,Illinois,YouTube,60,8150.6,0.062
4763,Books,18-24,Female,Illinois,Google Ads,30,1376.67,0.0598
4764,Laptops,18-24,Male,Florida,Instagram,14,7079.52,0.0606
4765,Books,45-54,Female,California,Instagram,7,8246.38,0.0608
4766,Books,35-44,Female,Texas,Facebook,14,888.22,0.0446
4767,Books,35-44,Other,Florida,LinkedIn,30,3322.01,0.0448
4768,Shoes,35-44,Other,Texas,Instagram,14,3578.11,0.0424
4769,Laptops,18-24,Male,New York,Facebook,30,8618.53,0.0518
4770,Smartphones,45-54,Male,Illinois,LinkedIn,30,7913.34,0.0349
4771,Shoes,35-44,Other,Florida,Google Ads,14,6736.0,0.0802
4772,Furniture,25-34,Male,Texas,Google Ads,14,8144.87,0.0758
4773,Laptops,25-34,Male,California,Facebook,60,4807.58,0.0364
4774,Laptops,25-34,Other,New York,Facebook,60,8811.37,0.0653
4775,Furniture,55+,Female,New York,Google Ads,45,2725.05,0.0552
4776,Furniture,45-54,Male,Illinois,Facebook,30,7193.48,0.0639
4777,Furniture,18-24,Other,Illinois,YouTube,60,2796.64,0.0363
4778,Smartphones,18-24,Male,Texas,Instagram,45,878.69,0.039
4779,Books,45-54,Male,Texas,YouTube,30,3199.44,0.053
4780,Laptops,55+,Other,New York,LinkedIn,45,5182.61,0.0245
4781,Books,45-54,Other,Texas,Facebook,60,8512.64,0.0654
4782,Books,55+,Male,Illinois,Facebook,45,5334.14,0.0575
4783,Furniture,35-44,Male,New York,LinkedIn,14,2201.93,0.0448
4784,Smartphones,35-44,Female,New York,Instagram,45,9931.28,0.0495
4785,Shoes,55+,Female,California,Google Ads,7,3065.69,0.0593
4786,Smartphones,45-54,Other,California,YouTube,7,9860.3,0.0703
4787,Books,35-44,Male,Texas,Instagram,45,9395.18,0.0775
4788,Smartphones,45-54,Other,Texas,Google Ads,7,5653.19,0.073
4789,Furniture,35-44,Other,Illinois,Google Ads,45,1373.65,0.0751
4790,Shoes,45-54,Male,Illinois,Facebook,45,7106.44,0.0491
4791,Furniture,45-54,Female,California,LinkedIn,45,8534.32,0.052
4792,Shoes,25-34,Other,New York,Facebook,7,4730.36,0.0475
4793,Books,55+,Other,Florida,LinkedIn,30,2770.88,0.0439
4794,Shoes,18-24,Male,Florida,Facebook,45,8126.83,0.0688
4795,Shoes,55+,Female,Texas,YouTube,45,5678.24,0.0466
4796,Shoes,45-54,Female,Florida,Facebook,14,2377.49,0.0394
4797,Smartphones,45-54,Male,Florida,YouTube,14,9520.62,0.0611
4798,Smartphones,55+,Other,California,Instagram,60,9506.93,0.0452
4799,Books,45-54,Male,New York,Instagram,7,3986.97,0.0637
4800,Shoes,35-44,Male,Illinois,Facebook,30,1108.03,0.0219
4801,Laptops,45-54,Female,California,Instagram,45,6492.49,0.0423
4802,Books,55+,Other,Illinois,Google Ads,45,3513.65,0.0767
4803,Shoes,55+,Other,California,YouTube,7,1130.37,0.0409
4804,Shoes,55+,Female,California,LinkedIn,60,8972.16,0.0228
4805,Smartphones,25-34,Other,Florida,YouTube,60,9982.1,0.0703
4806,Books,25-34,Other,Illinois,Facebook,14,3828.85,0.0562
4807,Shoes,25-34,Male,California,Instagram,7,7575.09,0.0674
4808,Shoes,25-34,Male,Florida,Instagram,60,1124.82,0.0264
4809,Books,25-34,Male,Texas,Google Ads,60,4012.2,0.0545
4810,Laptops,25-34,Other,Illinois,Instagram,30,1533.14,0.0531
4811,Books,25-34,Other,California,Facebook,14,1025.82,0.0345
4812,Books,55+,Other,Texas,Facebook,14,6093.51,0.0817
4813,Laptops,18-24,Other,Florida,LinkedIn,14,8119.29,0.0513
4814,Books,25-34,Female,California,YouTube,60,4803.22,0.0486
4815,Shoes,55+,Female,Florida,YouTube,45,5479.7,0.0462
4816,Books,18-24,Other,Florida,YouTube,60,3071.94,0.0329
4817,Laptops,25-34,Male,Florida,LinkedIn,60,7495.68,0.0672
4818,Furniture,18-24,Male,Illinois,LinkedIn,7,3930.2,0.0293
4819,Books,18-24,Female,Texas,LinkedIn,14,1141.24,0.0272
4820,Smartphones,35-44,Female,Texas,Google Ads,14,2072.32,0.0623
4821,Shoes,45-54,Other,New York,LinkedIn,30,1720.45,0.0208
4822,Shoes,35-44,Other,California,Instagram,14,4640.84,0.0475
4823,Smartphones,18-24,Other,Florida,Google Ads,60,1119.52,0.0618
4824,Smartphones,55+,Other,California,Instagram,7,8161.6,0.0361
4825,Books,25-34,Other,Texas,YouTube,30,9126.05,0.0763
4826,Smartphones,45-54,Male,Texas,Facebook,60,2859.74,0.029
4827,Furniture,25-34,Male,Florida,YouTube,60,5112.34,0.0431
4828,Laptops,55+,Other,Illinois,LinkedIn,30,5431.1,0.0347
4829,Smartphones,45-54,Male,Florida,Facebook,60,9857.51,0.0451
4830,Smartphones,35-44,Other,Florida,YouTube,60,1123.39,0.0503
4831,Furniture,18-24,Other,New York,Google Ads,7,6844.88,0.062
4832,Shoes,55+,Female,Illinois,LinkedIn,7,3784.77,0.0294
4833,Shoes,18-24,Male,California,YouTube,7,5267.16,0.0773
4834,Books,18-24,Male,Illinois,Facebook,14,2561.83,0.0439
4835,Furniture,25-34,Female,Florida,Instagram,30,2022.3,0.0447
4836,Laptops,55+,Male,Florida,YouTube,7,2813.87,0.046
4837,Laptops,18-24,Female,Florida,Google Ads,60,1176.99,0.0535
4838,Furniture,35-44,Male,Florida,Facebook,14,3141.86,0.0659
4839,Laptops,45-54,Other,Florida,YouTube,30,7058.33,0.0696
4840,Shoes,55+,Female,Illinois,Instagram,7,6689.08,0.0414
4841,Laptops,25-34,Other,Florida,LinkedIn,7,5767.71,0.0565
4842,Laptops,55+,Other,Texas,LinkedIn,30,503.68,0.0265
4843,Furniture,25-34,Male,Texas,LinkedIn,7,1694.93,0.0359
4844,Furniture,45-54,Female,New York,Facebook,30,8507.26,0.0638
4845,Laptops,35-44,Other,California,Instagram,30,3081.51,0.0575
4846,Smartphones,18-24,Other,Texas,Instagram,60,9165.89,0.0679
4847,Furniture,55+,Female,New York,YouTube,30,8808.19,0.0631
4848,Books,25-34,Male,Illinois,LinkedIn,45,1971.81,0.03
4849,Books,45-54,Other,California,Facebook,7,9032.44,0.0642
4850,Shoes,18-24,Male,Florida,LinkedIn,60,6464.43,0.0569
4851,Laptops,45-54,Female,Florida,LinkedIn,14,6487.72,0.0442
4852,Smartphones,35-44,Male,Illinois,YouTube,45,8600.46,0.0662
4853,Shoes,18-24,Female,California,YouTube,30,4348.03,0.0681
4854,Laptops,18-24,Male,Texas,YouTube,14,7485.0,0.0729
4855,Furniture,18-24,Male,California,Google Ads,14,6843.76,0.0738
4856,Books,25-34,Other,New York,Google Ads,14,7829.39,0.0724
4857,Smartphones,18-24,Male,Illinois,Facebook,14,6771.8,0.0764
4858,Books,45-54,Other,Texas,Facebook,60,1260.52,0.0433
4859,Furniture,25-34,Female,California,YouTube,60,3280.75,0.0397
4860,Laptops,18-24,Female,California,Instagram,14,9429.25,0.0661
4861,Furniture,45-54,Other,Texas,Facebook,45,2622.54,0.0486
4862,Furniture,45-54,Male,New York,Google Ads,7,4986.47,0.0851
4863,Books,55+,Female,New York,Google Ads,7,3890.82,0.0798
4864,Smartphones,45-54,Female,California,LinkedIn,60,1319.84,0.0118
4865,Furniture,35-44,Female,Florida,YouTube,45,2221.29,0.0586
4866,Books,18-24,Other,Texas,Instagram,45,3223.34,0.0408
4867,Smartphones,18-24,Female,New York,YouTube,30,4901.53,0.0686
4868,Laptops,18-24,Female,New York,Google Ads,60,8807.98,0.0671
4869,Laptops,45-54,Female,New York,Instagram,45,5398.35,0.0437
4870,Shoes,45-54,Female,Illinois,Facebook,45,6693.1,0.0427
4871,Books,18-24,Other,Florida,LinkedIn,7,4546.57,0.0432
4872,Smartphones,25-34,Other,New York,Google Ads,45,8765.59,0.0848
4873,Furniture,25-34,Male,Florida,LinkedIn,45,6794.9,0.0418
4874,Laptops,35-44,Female,California,YouTube,14,1360.99,0.0619
4875,Smartphones,55+,Other,California,Instagram,7,5036.26,0.0534
4876,Books,35-44,Male,Illinois,YouTube,7,8358.72,0.083
4877,Shoes,18-24,Male,Florida,LinkedIn,14,7469.73,0.0755
4878,Laptops,18-24,Female,Texas,Google Ads,7,9100.46,0.0946
4879,Smartphones,18-24,Male,Illinois,LinkedIn,30,2662.84,0.0505
4880,Smartphones,55+,Other,New York,Google Ads,30,9783.14,0.0525
4881,Smartphones,45-54,Male,California,LinkedIn,60,3208.24,0.013
4882,Books,55+,Male,California,YouTube,7,976.71,0.0498
4883,Books,35-44,Other,Texas,LinkedIn,7,5208.89,0.0621
4884,Books,45-54,Male,Illinois,Facebook,30,1548.22,0.0482
4885,Furniture,45-54,Male,Florida,YouTube,60,6972.45,0.0612
4886,Smartphones,35-44,Male,California,LinkedIn,60,9055.28,0.0283
4887,Laptops,45-54,Male,New York,LinkedIn,30,9252.76,0.0591
4888,Books,25-34,Female,Texas,Instagram,30,6266.85,0.0595
4889,Books,35-44,Female,Texas,YouTube,14,5585.02,0.0754
4890,Smartphones,35-44,Other,Texas,Instagram,60,9942.92,0.0494
4891,Books,25-34,Male,New York,YouTube,60,6004.54,0.0515
4892,Furniture,55+,Other,Texas,Google Ads,14,9310.85,0.0862
4893,Furniture,55+,Female,Florida,YouTube,30,9207.65,0.0705
4894,Books,55+,Male,Florida,YouTube,14,3250.38,0.0789
4895,Smartphones,45-54,Male,Illinois,LinkedIn,14,630.64,0.0132
4896,Smartphones,25-34,Female,Illinois,Facebook,45,4672.1,0.0579
4897,Smartphones,35-44,Male,Florida,YouTube,60,8683.02,0.062
4898,Shoes,35-44,Male,New York,Instagram,30,8443.28,0.0483
4899,Books,35-44,Female,Illinois,Facebook,45,6234.86,0.0615
4900,Smartphones,45-54,Other,Texas,YouTube,45,1988.25,0.0287
4901,Furniture,45-54,Other,Florida,Facebook,45,1522.08,0.0581
4902,Laptops,55+,Male,California,Google Ads,30,9569.48,0.0614
4903,Laptops,45-54,Female,New York,Facebook,14,4503.28,0.0437
4904,Smartphones,55+,Other,New York,Google Ads,30,6657.53,0.0564
4905,Laptops,55+,Other,Florida,Facebook,60,9105.71,0.0426
4906,Laptops,35-44,Male,California,Facebook,60,8763.99,0.0575
4907,Shoes,45-54,Other,New York,Instagram,14,5885.58,0.0444
4908,Furniture,55+,Female,Illinois,Instagram,30,5135.1,0.0527
4909,Furniture,25-34,Other,California,LinkedIn,14,7484.96,0.04
4910,Shoes,25-34,Female,Texas,Facebook,14,3821.63,0.0608
4911,Shoes,45-54,Female,Illinois,Google Ads,30,6441.21,0.0658
4912,Laptops,35-44,Male,California,Facebook,60,719.95,0.0381
4913,Books,35-44,Other,Florida,YouTube,30,8330.97,0.072
4914,Laptops,55+,Male,New York,Google Ads,60,9981.31,0.0649
4915,Shoes,45-54,Other,Illinois,YouTube,7,9569.71,0.0741
4916,Furniture,25-34,Male,Florida,LinkedIn,7,3919.0,0.0407
4917,Laptops,55+,Male,California,YouTube,7,5545.46,0.0523
4918,Books,55+,Male,Texas,LinkedIn,45,2744.06,0.0355
4919,Laptops,18-24,Other,New York,LinkedIn,60,3378.38,0.0394
4920,Smartphones,45-54,Male,New York,LinkedIn,60,4844.79,0.0338
4921,Laptops,55+,Female,Illinois,YouTube,30,7597.27,0.0649
4922,Shoes,25-34,Other,Florida,LinkedIn,60,669.88,0.0285
4923,Furniture,18-24,Female,California,LinkedIn,30,4240.85,0.026
4924,Furniture,25-34,Male,California,Instagram,45,5786.72,0.0419
4925,Shoes,35-44,Male,Florida,Facebook,30,2544.24,0.0479
4926,Smartphones,18-24,Female,New York,LinkedIn,7,1245.55,0.04
4927,Shoes,18-24,Male,Florida,Google Ads,30,5625.95,0.0823
4928,Laptops,55+,Other,California,Google Ads,30,6559.19,0.0624
4929,Shoes,35-44,Female,Florida,Instagram,30,6589.52,0.0623
4930,Shoes,55+,Other,New York,YouTube,60,3887.55,0.0282
4931,Smartphones,45-54,Other,Illinois,YouTube,14,2754.94,0.0458
4932,Laptops,25-34,Other,New York,YouTube,14,2593.67,0.0622
4933,Books,25-34,Male,Texas,LinkedIn,14,884.98,0.0398
4934,Books,55+,Male,Texas,YouTube,60,2254.49,0.0601
4935,Furniture,25-34,Female,Florida,YouTube,7,8276.76,0.0658
4936,Shoes,25-34,Female,New York,Facebook,14,528.99,0.0399
4937,Furniture,45-54,Other,New York,LinkedIn,14,916.94,0.037
4938,Smartphones,35-44,Male,California,LinkedIn,45,1706.68,0.0267
4939,Books,18-24,Male,Illinois,Google Ads,45,4492.29,0.0709
4940,Shoes,55+,Male,New York,Google Ads,7,3670.51,0.0628
4941,Smartphones,55+,Female,Florida,Facebook,30,2189.44,0.032
4942,Smartphones,45-54,Male,California,Instagram,30,1554.02,0.0336
4943,Shoes,45-54,Other,California,LinkedIn,45,9419.19,0.0394
4944,Smartphones,18-24,Other,Florida,Google Ads,45,9156.88,0.0996
4945,Shoes,35-44,Other,Florida,YouTube,7,7833.04,0.0646
4946,Shoes,55+,Male,New York,LinkedIn,7,2894.21,0.0296
4947,Laptops,45-54,Other,New York,LinkedIn,60,3575.13,0.0336
4948,Furniture,55+,Other,California,LinkedIn,30,6825.53,0.0423
4949,Smartphones,25-34,Female,California,Google Ads,60,3271.14,0.0682
4950,Smartphones,55+,Female,Illinois,Facebook,14,5540.92,0.0533
4951,Laptops,35-44,Male,California,Google Ads,7,6687.2,0.0873
4952,Laptops,35-44,Male,Florida,YouTube,30,5432.36,0.0671
4953,Laptops,55+,Male,Florida,YouTube,30,4426.21,0.06
4954,Books,25-34,Male,Illinois,Instagram,60,3804.99,0.0382
4955,Books,35-44,Male,Texas,Google Ads,45,7888.62,0.0702
4956,Books,45-54,Female,Texas,Google Ads,45,7520.49,0.0771
4957,Shoes,55+,Female,Florida,Instagram,7,7114.17,0.0545
4958,Smartphones,25-34,Female,Texas,Instagram,45,4059.43,0.0586
4959,Furniture,45-54,Other,Texas,LinkedIn,14,7869.5,0.0625
4960,Shoes,55+,Other,Illinois,LinkedIn,30,9598.18,0.043
4961,Smartphones,25-34,Female,California,YouTube,45,7045.31,0.067
4962,Smartphones,45-54,Female,California,Facebook,7,4375.04,0.0445
4963,Laptops,35-44,Male,Texas,YouTube,14,8066.57,0.0814
4964,Laptops,55+,Female,New York,Google Ads,60,6288.37,0.0546
4965,Shoes,55+,Male,Illinois,Facebook,60,8837.93,0.041
4966,Laptops,35-44,Female,Texas,LinkedIn,14,7275.23,0.0544
4967,Smartphones,18-24,Male,New York,Instagram,7,7814.24,0.0675
4968,Laptops,45-54,Female,New York,Instagram,60,6840.65,0.0357
4969,Books,35-44,Male,Illinois,YouTube,30,1374.19,0.0495
4970,Laptops,55+,Other,California,Google Ads,30,5108.61,0.058
4971,Smartphones,45-54,Other,Florida,Google Ads,7,1036.65,0.0536
4972,Shoes,45-54,Male,New York,Instagram,7,4751.72,0.0409
4973,Furniture,18-24,Male,Florida,YouTube,30,7306.06,0.0508
4974,Laptops,55+,Other,Florida,YouTube,7,4501.93,0.0479
4975,Smartphones,25-34,Female,Illinois,LinkedIn,14,515.49,0.0223
4976,Furniture,18-24,Male,California,LinkedIn,7,4008.21,0.0313
4977,Furniture,18-24,Female,Illinois,LinkedIn,30,1143.71,0.0151
4978,Books,25-34,Other,New York,Facebook,45,7915.67,0.0452
4979,Furniture,25-34,Other,California,YouTube,7,7945.64,0.0696
4980,Smartphones,18-24,Male,Texas,YouTube,60,8160.6,0.0777
4981,Smartphones,45-54,Female,California,LinkedIn,14,788.11,0.0169
4982,Laptops,35-44,Other,Illinois,Instagram,14,806.56,0.0546
4983,Laptops,35-44,Female,Illinois,LinkedIn,14,9082.77,0.0675
4984,Laptops,18-24,Other,Florida,Facebook,60,1675.0,0.0355
4985,Furniture,45-54,Male,Texas,Instagram,60,6865.86,0.0537
4986,Furniture,25-34,Female,California,YouTube,14,8056.82,0.0567
4987,Books,18-24,Female,Texas,Facebook,14,4754.71,0.0634
4988,Laptops,55+,Male,Florida,Facebook,14,5691.48,0.0537
4989,Shoes,45-54,Male,Texas,Instagram,7,2660.12,0.0454
4990,Books,55+,Male,Texas,LinkedIn,60,9274.2,0.0399
4991,Shoes,55+,Male,California,LinkedIn,30,3367.11,0.0259
4992,Furniture,18-24,Other,Texas,Google Ads,7,2569.21,0.0561
4993,Books,45-54,Female,Florida,Instagram,30,5491.33,0.0623
4994,Books,55+,Other,New York,LinkedIn,7,2309.88,0.0482
4995,Smartphones,45-54,Male,New York,Facebook,7,7023.57,0.0514
4996,Furniture,35-44,Other,Illinois,LinkedIn,30,5393.6,0.0494
4997,Furniture,55+,Other,New York,LinkedIn,14,1904.14,0.0379
4998,Books,55+,Female,California,Facebook,30,1138.84,0.0382
4999,Furniture,45-54,Female,Illinois,Instagram,45,1801.06,0.0495
5000,Books,35-44,Female,New York,Google Ads,60,1797.93,0.0511
5001,Smartphones,55+,Male,New York,LinkedIn,45,3472.08,0.0179
5002,Books,18-24,Male,Illinois,LinkedIn,7,8416.07,0.0482
5003,Furniture,45-54,Female,California,LinkedIn,30,1044.29,0.0335
5004,Furniture,45-54,Other,Illinois,Instagram,14,1716.84,0.0444
5005,Books,55+,Female,California,Facebook,14,3377.54,0.0524
5006,Books,35-44,Male,California,Facebook,45,5756.67,0.0653
5007,Books,55+,Other,Florida,Facebook,45,7747.39,0.0693
5008,Laptops,25-34,Male,New York,Facebook,7,9251.32,0.0731
5009,Furniture,55+,Female,New York,Facebook,60,4414.84,0.0458
5010,Furniture,25-34,Female,Texas,Facebook,7,1505.43,0.05
5011,Laptops,18-24,Other,Illinois,LinkedIn,14,2528.4,0.0407
5012,Books,45-54,Female,Florida,LinkedIn,30,3228.85,0.0503
5013,Smartphones,45-54,Male,New York,Facebook,45,7967.93,0.0386
5014,Books,35-44,Male,Texas,Facebook,14,7023.11,0.0763
5015,Books,55+,Male,Florida,Instagram,7,2485.55,0.0585
5016,Laptops,18-24,Other,California,Instagram,60,8468.08,0.0524
5017,Furniture,25-34,Male,New York,YouTube,30,8661.98,0.0718
5018,Books,35-44,Female,Illinois,LinkedIn,60,8883.17,0.0491
5019,Furniture,18-24,Other,Florida,Facebook,7,3112.54,0.0363
5020,Shoes,18-24,Male,Texas,LinkedIn,7,1770.44,0.0609
5021,Furniture,25-34,Male,Illinois,YouTube,14,1487.6,0.0605
5022,Smartphones,25-34,Female,California,Instagram,30,4300.83,0.0432
5023,Smartphones,45-54,Female,Illinois,YouTube,7,4578.59,0.0548
5024,Books,55+,Other,Texas,Google Ads,14,8747.99,0.0952
5025,Furniture,35-44,Male,California,Instagram,7,3043.68,0.0553
5026,Books,55+,Male,Texas,LinkedIn,14,6455.48,0.0522
5027,Laptops,35-44,Female,New York,Instagram,60,7988.02,0.0455
5028,Smartphones,18-24,Other,Texas,YouTube,14,3056.95,0.0641
5029,Books,25-34,Female,Illinois,Facebook,60,3037.83,0.0473
5030,Laptops,25-34,Female,New York,YouTube,45,6856.97,0.0719
5031,Books,18-24,Other,New York,YouTube,7,7398.29,0.0723
5032,Furniture,18-24,Male,Florida,Facebook,45,9617.75,0.0447
5033,Furniture,35-44,Male,Illinois,LinkedIn,30,8574.44,0.0608
5034,Furniture,18-24,Male,Illinois,LinkedIn,45,8309.49,0.0375
5035,Furniture,35-44,Other,California,Instagram,14,7076.99,0.0634
5036,Shoes,55+,Other,Texas,YouTube,14,1625.62,0.0334
5037,Laptops,25-34,Other,Texas,Instagram,30,8187.79,0.0622
5038,Laptops,25-34,Other,Illinois,Facebook,30,9385.56,0.0694
5039,Furniture,25-34,Other,Texas,Google Ads,7,4211.82,0.0742
5040,Shoes,55+,Female,Illinois,LinkedIn,14,3479.79,0.0314
5041,Furniture,55+,Male,New York,Facebook,30,5463.58,0.0446
5042,Shoes,45-54,Other,Texas,LinkedIn,45,9586.33,0.0374
5043,Furniture,35-44,Male,Texas,Instagram,14,982.91,0.0526
5044,Smartphones,35-44,Other,Illinois,Google Ads,30,7234.37,0.0779
5045,Smartphones,45-54,Male,Illinois,YouTube,7,8239.35,0.058
5046,Books,25-34,Female,California,LinkedIn,60,7993.12,0.0442
5047,Furniture,35-44,Male,Texas,YouTube,14,5884.36,0.0782
5048,Laptops,35-44,Male,Florida,Instagram,14,9245.35,0.0566
5049,Books,25-34,Other,Illinois,LinkedIn,14,1777.98,0.0406
5050,Smartphones,18-24,Male,Florida,Instagram,14,2828.93,0.0628
5051,Furniture,18-24,Female,New York,YouTube,60,3416.08,0.0267
5052,Books,45-54,Female,New York,Instagram,60,582.44,0.0215
5053,Furniture,55+,Female,Florida,Instagram,7,4021.36,0.0509
5054,Smartphones,35-44,Other,New York,Instagram,14,2026.27,0.0423
5055,Books,35-44,Other,Florida,Facebook,30,7383.95,0.0666
5056,Smartphones,45-54,Other,California,Facebook,45,4442.05,0.0375
5057,Shoes,45-54,Other,California,LinkedIn,14,7192.36,0.0437
5058,Smartphones,35-44,Other,New York,Instagram,60,3289.71,0.0379
5059,Furniture,25-34,Female,Florida,Instagram,7,1753.22,0.0345
5060,Laptops,25-34,Male,Florida,Instagram,14,1753.9,0.0473
5061,Smartphones,55+,Female,Florida,Facebook,7,2431.01,0.0457
5062,Laptops,35-44,Other,New York,YouTube,30,1594.55,0.0423
5063,Shoes,35-44,Female,Florida,Instagram,30,2595.2,0.0241
5064,Books,35-44,Male,Illinois,Google Ads,30,6000.83,0.0898
5065,Books,35-44,Other,Florida,LinkedIn,30,2935.19,0.0445
5066,Laptops,45-54,Female,Illinois,Facebook,45,3757.99,0.0396
5067,Books,18-24,Female,California,YouTube,7,1000.97,0.0389
5068,Smartphones,35-44,Male,Illinois,Google Ads,14,8975.99,0.0876
5069,Laptops,18-24,Other,California,Instagram,45,1812.53,0.0372
5070,Furniture,25-34,Other,New York,Facebook,14,3812.33,0.0525
5071,Smartphones,55+,Male,California,Instagram,60,4105.05,0.0218
5072,Smartphones,25-34,Male,California,LinkedIn,45,7835.2,0.0436
5073,Smartphones,35-44,Male,Florida,Facebook,45,5093.66,0.0509
5074,Furniture,25-34,Male,Texas,Google Ads,60,4138.08,0.0714
5075,Shoes,45-54,Other,California,YouTube,45,7110.81,0.0429
5076,Books,18-24,Other,Illinois,YouTube,7,6171.64,0.0685
5077,Laptops,35-44,Female,New York,LinkedIn,30,1242.28,0.0295
5078,Shoes,45-54,Female,Illinois,YouTube,14,3470.65,0.0533
5079,Laptops,18-24,Female,New York,YouTube,60,9796.78,0.0525
5080,Books,45-54,Other,Illinois,LinkedIn,30,5091.68,0.049
5081,Furniture,25-34,Other,California,Google Ads,45,4529.83,0.0675
5082,Smartphones,35-44,Other,Texas,Facebook,7,1924.24,0.0463
5083,Smartphones,25-34,Female,California,Facebook,45,8471.17,0.0645
5084,Furniture,55+,Male,Florida,LinkedIn,60,1766.42,0.0281
5085,Shoes,35-44,Male,Illinois,Instagram,45,1498.3,0.0294
5086,Shoes,25-34,Male,Texas,LinkedIn,7,4670.5,0.0516
5087,Laptops,35-44,Male,Illinois,LinkedIn,45,4648.15,0.05
5088,Furniture,18-24,Male,Florida,LinkedIn,45,9823.96,0.0295
5089,Shoes,35-44,Other,Florida,LinkedIn,45,1711.57,0.0275
5090,Furniture,35-44,Female,Florida,YouTube,45,5096.36,0.062
5091,Books,18-24,Male,California,YouTube,7,2411.83,0.0511
5092,Smartphones,25-34,Male,California,Google Ads,14,7166.76,0.0918
5093,Smartphones,35-44,Male,Texas,LinkedIn,30,4221.03,0.041
5094,Smartphones,45-54,Other,Florida,Facebook,60,6660.44,0.0241
5095,Furniture,35-44,Male,California,Instagram,14,3714.91,0.0492
5096,Furniture,25-34,Female,New York,YouTube,7,5863.19,0.0503
5097,Laptops,18-24,Other,New York,Facebook,60,4956.8,0.0445
5098,Smartphones,25-34,Other,California,YouTube,60,4056.47,0.0557
5099,Laptops,55+,Other,Texas,Google Ads,45,5606.49,0.0622
5100,Smartphones,35-44,Male,Illinois,Instagram,30,4146.09,0.0438
5101,Laptops,35-44,Male,Florida,YouTube,30,8157.18,0.0739
5102,Laptops,18-24,Male,California,Instagram,7,5204.76,0.0462
5103,Books,35-44,Male,Texas,Instagram,14,9079.71,0.0727
5104,Laptops,45-54,Female,Illinois,Facebook,45,2616.64,0.0403
5105,Furniture,45-54,Other,Texas,YouTube,30,1565.18,0.0511
5106,Laptops,25-34,Male,Illinois,Instagram,45,4119.19,0.0492
5107,Smartphones,18-24,Female,New York,LinkedIn,14,2244.77,0.0503
5108,Laptops,55+,Other,Illinois,Instagram,60,4234.63,0.024
5109,Shoes,25-34,Other,New York,Instagram,14,2470.4,0.053
5110,Smartphones,18-24,Other,Florida,YouTube,60,8748.05,0.0817
5111,Shoes,18-24,Male,California,LinkedIn,14,5895.09,0.0603
5112,Smartphones,25-34,Other,New York,Instagram,45,5227.1,0.0591
5113,Furniture,25-34,Male,Texas,YouTube,14,7983.58,0.0862
5114,Furniture,35-44,Female,Illinois,YouTube,30,1738.49,0.0464
5115,Furniture,55+,Other,Texas,Instagram,30,8641.64,0.0606
5116,Shoes,45-54,Female,New York,Google Ads,7,5091.39,0.0576
5117,Books,35-44,Male,Texas,Google Ads,30,1796.12,0.0773
5118,Smartphones,18-24,Male,Illinois,Facebook,30,8284.41,0.0762
5119,Furniture,55+,Male,California,Google Ads,60,4877.36,0.0597
5120,Smartphones,55+,Other,Texas,Google Ads,45,6243.71,0.058
5121,Shoes,25-34,Other,Florida,YouTube,45,8989.28,0.0781
5122,Books,55+,Female,Illinois,YouTube,60,8961.57,0.069
5123,Shoes,55+,Male,Illinois,Instagram,30,8981.78,0.0463
5124,Smartphones,18-24,Female,Florida,Instagram,14,4460.72,0.0793
5125,Books,35-44,Male,New York,YouTube,60,7621.26,0.063
5126,Books,55+,Male,Florida,Instagram,45,2716.07,0.0559
5127,Shoes,25-34,Female,New York,YouTube,7,8396.18,0.0729
5128,Furniture,35-44,Male,California,Google Ads,45,3746.36,0.0591
5129,Smartphones,25-34,Female,New York,Instagram,14,4907.17,0.0611
5130,Laptops,55+,Other,California,Google Ads,45,8968.22,0.061
5131,Laptops,35-44,Female,California,Facebook,60,8154.53,0.0588
5132,Shoes,55+,Female,Florida,Instagram,7,9548.86,0.0407
5133,Smartphones,18-24,Male,California,YouTube,45,3952.99,0.0702
5134,Smartphones,35-44,Female,New York,YouTube,60,1935.31,0.0393
5135,Shoes,25-34,Other,Texas,Facebook,60,9148.9,0.0626
5136,Smartphones,18-24,Other,Illinois,YouTube,60,5184.97,0.0713
5137,Furniture,45-54,Other,Illinois,Google Ads,7,8949.31,0.0933
5138,Shoes,25-34,Other,New York,YouTube,60,7454.7,0.057
5139,Furniture,55+,Female,Texas,Facebook,7,8810.63,0.0761
5140,Smartphones,25-34,Other,California,LinkedIn,14,6719.87,0.0607
5141,Shoes,45-54,Female,New York,LinkedIn,14,8217.53,0.0438
5142,Smartphones,25-34,Female,California,Google Ads,14,1643.19,0.0717
5143,Shoes,18-24,Male,Florida,LinkedIn,60,9698.8,0.0599
5144,Smartphones,25-34,Female,Texas,YouTube,7,2219.3,0.0676
5145,Furniture,35-44,Female,Illinois,Facebook,14,732.78,0.0388
5146,Furniture,45-54,Male,New York,Google Ads,30,5542.67,0.0706
5147,Smartphones,25-34,Other,Illinois,LinkedIn,14,7263.17,0.0604
5148,Shoes,45-54,Other,California,YouTube,60,7305.98,0.0314
5149,Laptops,18-24,Female,California,YouTube,30,3722.71,0.0536
5150,Furniture,35-44,Male,Florida,Instagram,45,7661.4,0.0577
5151,Furniture,55+,Female,California,Instagram,30,8504.32,0.0546
5152,Laptops,25-34,Female,California,Facebook,45,6295.11,0.0577
5153,Smartphones,18-24,Other,Illinois,Google Ads,30,4166.92,0.0754
5154,Shoes,45-54,Male,Illinois,LinkedIn,7,6328.96,0.0432
5155,Smartphones,45-54,Female,New York,LinkedIn,30,8691.19,0.0357
5156,Books,18-24,Other,New York,YouTube,14,9054.48,0.0509
5157,Furniture,25-34,Female,California,LinkedIn,45,799.41,0.0163
5158,Books,55+,Other,Texas,Facebook,45,1662.79,0.0498
5159,Furniture,25-34,Male,New York,Instagram,14,542.88,0.0292
5160,Furniture,35-44,Female,California,YouTube,7,5178.2,0.069
5161,Books,25-34,Male,Illinois,Google Ads,30,4645.71,0.0747
5162,Books,35-44,Other,Florida,YouTube,7,5685.12,0.069
5163,Smartphones,45-54,Male,Illinois,LinkedIn,14,6994.64,0.0411
5164,Books,35-44,Male,Illinois,Facebook,30,3974.95,0.0461
5165,Smartphones,55+,Male,Florida,Google Ads,14,2481.48,0.0539
5166,Smartphones,18-24,Female,Illinois,YouTube,45,4250.79,0.0803
5167,Smartphones,35-44,Other,New York,LinkedIn,45,585.6,0.0183
5168,Furniture,25-34,Male,Illinois,YouTube,45,8379.74,0.0628
5169,Furniture,35-44,Female,Florida,Google Ads,60,4145.4,0.0712
5170,Books,45-54,Other,California,LinkedIn,60,6416.49,0.0388
5171,Furniture,35-44,Other,California,Instagram,45,3584.89,0.0478
5172,Books,55+,Other,California,Google Ads,60,6340.72,0.0782
5173,Furniture,35-44,Male,Florida,Instagram,60,5634.14,0.0628
5174,Shoes,55+,Male,Florida,Instagram,14,2481.31,0.0313
5175,Shoes,25-34,Male,New York,LinkedIn,30,6440.58,0.0485
5176,Books,45-54,Other,Florida,YouTube,45,1541.41,0.0495
5177,Furniture,18-24,Other,California,YouTube,60,5070.32,0.0389
5178,Furniture,25-34,Male,Florida,Facebook,14,7338.84,0.0661
5179,Smartphones,25-34,Male,Texas,Google Ads,14,5716.1,0.0897
5180,Laptops,18-24,Other,Illinois,Google Ads,30,7589.58,0.0857
5181,Books,35-44,Other,New York,LinkedIn,14,3095.04,0.0454
5182,Laptops,35-44,Female,California,LinkedIn,7,963.78,0.0311
5183,Laptops,35-44,Female,California,Facebook,7,1031.72,0.0463
5184,Books,45-54,Male,Texas,Facebook,45,3052.89,0.0504
5185,Furniture,25-34,Other,New York,Instagram,30,4372.84,0.0392
5186,Books,55+,Other,Illinois,Facebook,7,5606.3,0.0664
5187,Laptops,18-24,Female,New York,YouTube,30,7697.78,0.0697
5188,Furniture,25-34,Other,New York,Instagram,45,8476.29,0.0559
5189,Shoes,35-44,Male,California,Facebook,14,7089.97,0.0593
5190,Books,18-24,Female,Florida,YouTube,14,4900.49,0.0671
5191,Books,55+,Other,Illinois,YouTube,14,3012.63,0.0663
5192,Furniture,25-34,Other,New York,Instagram,7,4564.12,0.0477
5193,Shoes,25-34,Male,Texas,Instagram,30,3097.26,0.0557
5194,Shoes,45-54,Other,California,YouTube,7,6432.39,0.0445
5195,Furniture,25-34,Female,Florida,LinkedIn,60,8272.97,0.0392
5196,Smartphones,25-34,Female,Florida,Instagram,30,5422.79,0.0692
5197,Books,55+,Other,California,Google Ads,45,935.48,0.0551
5198,Books,55+,Other,New York,LinkedIn,7,9427.61,0.065
5199,Laptops,18-24,Other,California,Google Ads,14,3295.7,0.0688
5200,Furniture,35-44,Other,Florida,Facebook,14,9187.85,0.0794
5201,Laptops,55+,Female,Florida,Instagram,14,8224.15,0.0444
5202,Laptops,18-24,Male,Texas,Instagram,7,4424.69,0.0656
5203,Shoes,25-34,Female,Texas,YouTube,7,1038.69,0.0506
5204,Books,18-24,Other,Florida,Instagram,14,9503.19,0.0533
5205,Laptops,18-24,Other,Texas,Google Ads,14,6761.01,0.0916
5206,Shoes,18-24,Female,Texas,LinkedIn,14,2871.71,0.0565
5207,Furniture,18-24,Female,Texas,Facebook,60,5568.59,0.0326
5208,Laptops,55+,Other,Florida,LinkedIn,7,6536.02,0.055
5209,Books,35-44,Female,New York,Google Ads,14,2653.26,0.0751
5210,Laptops,18-24,Other,New York,Facebook,45,1388.63,0.0323
5211,Furniture,45-54,Female,Illinois,YouTube,14,3040.92,0.0643
5212,Laptops,25-34,Other,Texas,Instagram,7,952.23,0.0561
5213,Books,25-34,Female,New York,Instagram,45,1164.87,0.0249
5214,Shoes,25-34,Other,Illinois,YouTube,7,1987.56,0.0693
5215,Books,25-34,Male,California,Google Ads,7,2004.86,0.0651
5216,Shoes,25-34,Male,Texas,YouTube,7,2855.54,0.061
5217,Smartphones,18-24,Female,New York,Google Ads,30,9405.58,0.0999
5218,Books,35-44,Male,New York,Facebook,45,5970.29,0.0564
5219,Books,45-54,Other,New York,LinkedIn,60,4513.8,0.0263
5220,Furniture,55+,Female,Illinois,LinkedIn,60,5856.1,0.0384
5221,Laptops,45-54,Female,California,YouTube,30,554.26,0.0281
5222,Shoes,55+,Other,Texas,Instagram,7,9000.1,0.0553
5223,Shoes,55+,Other,New York,YouTube,60,5556.97,0.0457
5224,Furniture,45-54,Other,Florida,Instagram,45,4790.68,0.0586
5225,Furniture,18-24,Female,Texas,YouTube,14,9445.22,0.0539
5226,Laptops,25-34,Other,Florida,YouTube,45,7438.88,0.075
5227,Laptops,18-24,Male,Illinois,LinkedIn,7,3705.5,0.0467
5228,Books,25-34,Female,New York,Instagram,45,9393.5,0.0522
5229,Smartphones,35-44,Other,Texas,LinkedIn,7,8593.98,0.0541
5230,Laptops,55+,Female,Texas,Instagram,45,9568.07,0.0485
5231,Furniture,45-54,Male,New York,Facebook,30,1414.13,0.0445
5232,Laptops,35-44,Male,California,Facebook,45,9575.21,0.0454
5233,Shoes,25-34,Other,Illinois,Facebook,60,5657.39,0.0528
5234,Smartphones,18-24,Female,New York,Google Ads,14,6886.04,0.0927
5235,Books,45-54,Other,Texas,LinkedIn,30,2516.27,0.0453
5236,Shoes,55+,Female,California,LinkedIn,45,1833.81,0.002
5237,Shoes,35-44,Other,Texas,Facebook,7,1254.18,0.0458
5238,Smartphones,55+,Other,Florida,YouTube,30,4511.97,0.0456
5239,Books,25-34,Female,Texas,LinkedIn,60,2602.82,0.035
5240,Furniture,55+,Female,Illinois,Instagram,14,1275.42,0.0323
5241,Books,18-24,Male,New York,LinkedIn,14,9573.13,0.0422
5242,Laptops,35-44,Male,Texas,LinkedIn,45,7467.22,0.0405
5243,Shoes,35-44,Female,Florida,Instagram,60,5419.62,0.042
5244,Laptops,18-24,Male,Florida,Facebook,60,7561.8,0.0521
5245,Furniture,55+,Male,New York,Facebook,14,6308.85,0.0576
5246,Laptops,18-24,Female,Florida,Instagram,14,2191.31,0.0405
5247,Books,45-54,Female,New York,LinkedIn,60,6517.65,0.0341
5248,Laptops,18-24,Female,Illinois,LinkedIn,14,6969.62,0.0377
5249,Furniture,55+,Other,New York,Facebook,7,2755.97,0.0428
5250,Furniture,18-24,Female,California,Google Ads,14,3541.37,0.0519
5251,Furniture,25-34,Female,Florida,Facebook,7,4141.36,0.0547
5252,Books,18-24,Female,Florida,Instagram,14,6224.19,0.0559
5253,Furniture,18-24,Male,Texas,Google Ads,30,1704.68,0.0541
5254,Shoes,55+,Female,California,Google Ads,30,7563.04,0.0565
5255,Furniture,45-54,Male,Texas,Instagram,30,3787.23,0.0594
5256,Laptops,45-54,Other,New York,YouTube,7,7071.84,0.0682
5257,Laptops,55+,Female,Illinois,Facebook,7,9362.43,0.065
5258,Laptops,55+,Female,Florida,LinkedIn,45,8763.81,0.0427
5259,Books,55+,Male,Illinois,Facebook,45,7507.02,0.0622
5260,Laptops,25-34,Other,New York,Instagram,14,2336.61,0.044
5261,Books,35-44,Female,New York,LinkedIn,7,7454.71,0.0558
5262,Books,18-24,Other,California,YouTube,30,6540.0,0.0546
5263,Furniture,55+,Other,Texas,Instagram,30,7839.19,0.0673
5264,Shoes,55+,Female,Florida,Facebook,30,8753.73,0.048
5265,Furniture,55+,Other,Florida,Google Ads,14,3459.01,0.0755
5266,Furniture,45-54,Other,Illinois,Instagram,7,6620.89,0.0753
5267,Books,55+,Female,California,Instagram,14,3113.81,0.0505
5268,Books,18-24,Male,New York,Facebook,60,3789.71,0.037
5269,Laptops,55+,Female,California,YouTube,60,5446.12,0.0532
5270,Laptops,18-24,Other,Florida,Facebook,45,4624.55,0.0536
5271,Furniture,25-34,Female,Texas,Facebook,7,6205.99,0.0697
5272,Smartphones,35-44,Male,Illinois,YouTube,30,7708.23,0.0729
5273,Smartphones,45-54,Other,New York,YouTube,7,6247.69,0.0527
5274,Laptops,18-24,Other,New York,Instagram,45,9713.1,0.0585
5275,Smartphones,25-34,Male,New York,Google Ads,30,7512.14,0.0826
5276,Laptops,35-44,Male,Texas,Facebook,14,9857.61,0.0852
5277,Books,35-44,Other,Florida,Google Ads,30,7562.69,0.0923
5278,Furniture,35-44,Male,Florida,YouTube,60,5325.23,0.0684
5279,Shoes,18-24,Female,California,YouTube,14,4404.55,0.0785
5280,Furniture,25-34,Male,California,Facebook,30,7488.77,0.0503
5281,Laptops,55+,Female,Florida,Instagram,14,7027.68,0.062
5282,Laptops,25-34,Other,New York,Facebook,60,6853.26,0.0485
5283,Furniture,25-34,Other,Texas,Instagram,60,7356.95,0.0512
5284,Laptops,25-34,Other,Florida,LinkedIn,7,8785.64,0.061
5285,Smartphones,18-24,Other,Texas,Instagram,60,2663.72,0.0584
5286,Smartphones,18-24,Other,Illinois,Facebook,60,5866.5,0.0735
5287,Laptops,18-24,Male,New York,Facebook,60,6231.36,0.0495
5288,Laptops,25-34,Male,Illinois,Instagram,45,3282.14,0.0511
5289,Smartphones,18-24,Other,Florida,Google Ads,60,9885.52,0.0908
5290,Laptops,35-44,Male,California,Instagram,7,7962.61,0.0646
5291,Laptops,18-24,Male,Florida,LinkedIn,14,3552.03,0.0448
5292,Furniture,45-54,Other,Illinois,LinkedIn,45,3905.13,0.0539
5293,Shoes,18-24,Male,Texas,Google Ads,14,7323.45,0.102
5294,Smartphones,18-24,Other,Florida,LinkedIn,14,609.19,0.0441
5295,Furniture,18-24,Other,California,Facebook,7,4908.38,0.0416
5296,Shoes,18-24,Other,Illinois,Google Ads,45,3759.55,0.0972
5297,Laptops,45-54,Other,Florida,Google Ads,30,8613.03,0.0809
5298,Laptops,55+,Male,Illinois,Google Ads,60,8017.3,0.0716
5299,Furniture,18-24,Male,Illinois,Instagram,14,3654.92,0.0326
5300,Laptops,35-44,Female,New York,Instagram,14,8715.57,0.0662
5301,Books,45-54,Female,Texas,Google Ads,7,9179.2,0.0901
5302,Furniture,55+,Other,New York,LinkedIn,7,5748.36,0.0458
5303,Shoes,18-24,Female,Illinois,Facebook,7,2012.75,0.0675
5304,Furniture,55+,Male,California,Facebook,45,7818.12,0.0479
5305,Smartphones,35-44,Male,California,Instagram,60,3533.77,0.0281
5306,Furniture,45-54,Female,New York,YouTube,45,5509.17,0.0652
5307,Laptops,45-54,Female,California,Google Ads,7,933.09,0.0546
5308,Laptops,55+,Male,Illinois,YouTube,7,5250.86,0.0553
5309,Books,18-24,Female,Florida,Facebook,14,4112.51,0.0436
5310,Books,25-34,Male,Illinois,Instagram,45,7017.62,0.0444
5311,Books,45-54,Male,Florida,Instagram,45,887.44,0.039
5312,Shoes,25-34,Female,California,Instagram,60,6436.98,0.0468
5313,Books,45-54,Female,Texas,Instagram,45,7833.58,0.0648
5314,Shoes,18-24,Other,Texas,Instagram,60,621.39,0.0344
5315,Books,18-24,Other,Illinois,Google Ads,30,7624.65,0.0747
5316,Shoes,45-54,Other,Illinois,YouTube,60,1736.94,0.0304
5317,Furniture,55+,Other,California,Facebook,7,7131.53,0.0604
5318,Furniture,18-24,Other,Texas,Facebook,30,4825.13,0.0438
5319,Laptops,18-24,Male,Texas,Instagram,14,5743.92,0.0528
5320,Shoes,35-44,Female,Illinois,Instagram,14,3704.8,0.0493
5321,Smartphones,18-24,Male,Texas,Instagram,14,2831.93,0.0722
5322,Laptops,35-44,Other,Illinois,LinkedIn,7,1174.95,0.0353
5323,Furniture,18-24,Other,New York,Facebook,14,8714.55,0.0488
5324,Shoes,18-24,Female,Texas,Instagram,60,6299.08,0.063
5325,Books,55+,Male,Florida,YouTube,7,9836.59,0.0862
5326,Smartphones,55+,Other,California,LinkedIn,45,8579.29,0.0285
5327,Furniture,18-24,Other,Illinois,Google Ads,7,8761.52,0.0797
5328,Laptops,45-54,Other,Texas,LinkedIn,7,6179.57,0.0636
5329,Shoes,45-54,Other,Texas,LinkedIn,45,1268.96,0.021
5330,Smartphones,18-24,Male,Illinois,LinkedIn,60,9177.26,0.0604
5331,Shoes,45-54,Male,Florida,YouTube,30,1619.92,0.0391
5332,Books,18-24,Other,Texas,Facebook,45,5412.89,0.042
5333,Laptops,55+,Male,New York,Instagram,7,8640.13,0.0425
5334,Shoes,25-34,Other,California,YouTube,14,4987.88,0.0587
5335,Furniture,35-44,Female,Illinois,YouTube,45,2073.87,0.0571
5336,Laptops,45-54,Female,Texas,Instagram,45,4045.37,0.0423
5337,Furniture,45-54,Female,California,LinkedIn,30,9889.68,0.0652
5338,Shoes,55+,Male,Illinois,Google Ads,7,9997.71,0.0579
5339,Laptops,45-54,Other,Illinois,LinkedIn,14,7252.93,0.0494
5340,Furniture,18-24,Female,Illinois,LinkedIn,14,8935.93,0.0423
5341,Books,18-24,Female,Florida,Facebook,30,919.96,0.0421
5342,Books,25-34,Male,New York,LinkedIn,14,3121.73,0.0413
5343,Shoes,25-34,Male,Illinois,Google Ads,60,4005.12,0.0708
5344,Laptops,25-34,Female,Florida,YouTube,45,613.98,0.0476
5345,Smartphones,18-24,Other,Illinois,LinkedIn,45,4081.13,0.0552
5346,Laptops,25-34,Other,Illinois,YouTube,14,1383.8,0.0576
5347,Books,25-34,Other,Florida,Facebook,14,5415.39,0.0743
5348,Furniture,18-24,Female,New York,Google Ads,14,541.98,0.0441
5349,Smartphones,55+,Male,California,Instagram,45,3069.27,0.0247
5350,Shoes,45-54,Other,Texas,Instagram,14,8729.69,0.048
5351,Smartphones,35-44,Female,Illinois,Facebook,60,2524.05,0.0357
5352,Shoes,18-24,Female,New York,Google Ads,60,1116.01,0.0706
5353,Smartphones,18-24,Male,Texas,YouTube,45,2872.44,0.0519
5354,Shoes,35-44,Other,Illinois,Facebook,7,8361.81,0.061
5355,Shoes,35-44,Female,Texas,LinkedIn,7,6078.28,0.0486
5356,Smartphones,25-34,Other,Florida,YouTube,7,6067.71,0.0817
5357,Smartphones,35-44,Other,New York,LinkedIn,60,505.45,0.0144
5358,Shoes,45-54,Other,New York,LinkedIn,30,4985.44,0.0387
5359,Books,45-54,Female,California,YouTube,7,3023.37,0.0624
5360,Smartphones,45-54,Other,California,LinkedIn,30,3693.99,0.0278
5361,Laptops,45-54,Male,Texas,Instagram,45,6187.52,0.0541
5362,Furniture,45-54,Female,Florida,YouTube,60,8806.23,0.0772
5363,Shoes,25-34,Female,Texas,Facebook,7,2225.74,0.0618
5364,Shoes,18-24,Other,Illinois,Instagram,60,7798.11,0.0676
5365,Furniture,35-44,Other,New York,Facebook,45,964.57,0.039
5366,Books,18-24,Other,Texas,Google Ads,60,3603.93,0.0622
5367,Furniture,35-44,Female,Texas,Facebook,14,2579.67,0.0703
5368,Smartphones,25-34,Male,New York,YouTube,7,9198.05,0.082
5369,Furniture,25-34,Male,New York,Facebook,60,2190.98,0.0319
5370,Shoes,55+,Female,California,Google Ads,60,5997.0,0.0505
5371,Furniture,55+,Male,California,LinkedIn,60,2065.44,0.031
5372,Laptops,25-34,Other,New York,YouTube,45,4998.1,0.0667
5373,Smartphones,25-34,Female,Texas,Instagram,7,4427.3,0.061
5374,Furniture,35-44,Male,Illinois,Instagram,7,892.89,0.0514
5375,Shoes,25-34,Female,Texas,Facebook,14,8345.74,0.0708
5376,Smartphones,18-24,Male,Illinois,Instagram,14,7911.07,0.0748
5377,Shoes,35-44,Female,New York,Google Ads,60,3139.65,0.0609
5378,Books,25-34,Male,Illinois,Instagram,7,6332.95,0.0588
5379,Laptops,35-44,Female,California,Facebook,7,3945.36,0.0552
5380,Books,35-44,Female,New York,Instagram,60,7807.66,0.0436
5381,Laptops,45-54,Female,Florida,LinkedIn,30,7078.6,0.0458
5382,Furniture,55+,Female,Illinois,LinkedIn,7,1359.44,0.0329
5383,Smartphones,35-44,Female,Illinois,Instagram,60,8519.79,0.0434
5384,Furniture,35-44,Other,Florida,YouTube,60,2204.55,0.049
5385,Laptops,45-54,Female,Florida,Instagram,30,2154.04,0.0357
5386,Laptops,25-34,Female,New York,LinkedIn,14,7470.6,0.0519
5387,Laptops,35-44,Female,Texas,LinkedIn,60,2240.89,0.0369
5388,Shoes,45-54,Male,Florida,Google Ads,7,1662.77,0.0473
5389,Smartphones,18-24,Female,Illinois,Facebook,14,3688.04,0.065
5390,Furniture,45-54,Other,Florida,Google Ads,14,8467.77,0.0924
5391,Furniture,55+,Female,New York,YouTube,14,2179.68,0.0597
5392,Books,55+,Male,New York,Facebook,60,3721.19,0.0453
5393,Laptops,25-34,Male,Illinois,Instagram,7,3219.41,0.0576
5394,Laptops,25-34,Female,Illinois,Instagram,30,3882.58,0.0542
5395,Laptops,55+,Female,Illinois,YouTube,45,7285.58,0.0405
5396,Furniture,55+,Female,Texas,LinkedIn,45,4351.92,0.0453
5397,Books,35-44,Female,Illinois,Instagram,14,7715.98,0.0666
5398,Shoes,55+,Male,New York,Google Ads,45,6583.83,0.0601
5399,Smartphones,25-34,Female,New York,LinkedIn,45,3930.44,0.0582
5400,Shoes,55+,Male,Florida,Instagram,60,4606.29,0.0214
5401,Furniture,25-34,Male,Illinois,LinkedIn,30,7184.42,0.0381
5402,Laptops,18-24,Other,Texas,Facebook,45,5580.18,0.0584
5403,Smartphones,55+,Male,California,Instagram,30,8749.23,0.0374
5404,Furniture,25-34,Female,Florida,Instagram,45,9365.24,0.0496
5405,Furniture,45-54,Female,Texas,LinkedIn,14,7318.22,0.0595
5406,Furniture,35-44,Female,Illinois,Facebook,14,9897.47,0.0713
5407,Smartphones,25-34,Female,Texas,Google Ads,30,6167.1,0.0975
5408,Smartphones,55+,Other,California,Facebook,30,878.39,0.033
5409,Books,55+,Other,Texas,Google Ads,30,5296.09,0.0735
5410,Books,18-24,Other,California,YouTube,30,2685.09,0.038
5411,Shoes,45-54,Other,California,Facebook,7,3670.28,0.0373
5412,Smartphones,25-34,Male,California,Google Ads,14,5155.67,0.0799
5413,Smartphones,45-54,Other,Texas,LinkedIn,45,3302.98,0.0236
5414,Smartphones,18-24,Male,Illinois,Google Ads,7,3441.41,0.089
5415,Books,35-44,Female,New York,YouTube,30,4319.16,0.0553
5416,Furniture,45-54,Male,New York,Google Ads,45,3221.34,0.0609
5417,Laptops,18-24,Male,Texas,Facebook,14,2110.26,0.0453
5418,Books,25-34,Other,Illinois,Google Ads,30,7772.82,0.0893
5419,Smartphones,35-44,Female,New York,Facebook,60,4254.51,0.0382
5420,Books,55+,Female,California,YouTube,30,8401.69,0.0675
5421,Shoes,18-24,Other,Texas,Google Ads,45,8885.81,0.0828
5422,Smartphones,55+,Male,Texas,Google Ads,14,7634.15,0.067
5423,Shoes,35-44,Other,Florida,YouTube,30,4268.4,0.0606
5424,Smartphones,18-24,Male,Florida,Google Ads,14,7352.56,0.1029
5425,Books,18-24,Other,Florida,Facebook,7,1974.59,0.0535
5426,Furniture,35-44,Other,Illinois,Instagram,60,6780.6,0.0486
5427,Laptops,25-34,Female,Texas,Instagram,7,4357.3,0.0565
5428,Shoes,18-24,Female,Florida,Facebook,60,6728.62,0.0715
5429,Books,35-44,Female,Texas,Google Ads,7,7670.51,0.0945
5430,Furniture,45-54,Other,California,Facebook,14,5845.52,0.062
5431,Books,55+,Female,Florida,YouTube,14,6603.55,0.0811
5432,Shoes,18-24,Female,Texas,Facebook,7,2528.52,0.0598
5433,Laptops,45-54,Other,Illinois,Instagram,45,6130.65,0.0389
5434,Books,18-24,Female,Illinois,LinkedIn,7,4874.51,0.0364
5435,Smartphones,25-34,Male,Illinois,YouTube,30,4566.5,0.0698
5436,Furniture,35-44,Female,Florida,Google Ads,45,4398.0,0.0807
5437,Books,18-24,Male,Illinois,Facebook,14,3453.78,0.0474
5438,Furniture,35-44,Female,New York,YouTube,7,3400.68,0.0624
5439,Smartphones,18-24,Other,California,Instagram,45,7147.21,0.0777
5440,Laptops,25-34,Other,Texas,Google Ads,30,5799.1,0.0829
5441,Laptops,25-34,Female,New York,Facebook,60,784.55,0.0415
5442,Smartphones,45-54,Male,Florida,Facebook,14,960.99,0.0341
5443,Furniture,25-34,Female,Texas,Google Ads,45,5916.13,0.0699
5444,Books,35-44,Other,Texas,LinkedIn,45,8539.69,0.0599
5445,Smartphones,25-34,Female,Illinois,LinkedIn,45,917.79,0.0377
5446,Shoes,18-24,Other,Texas,YouTube,7,5318.47,0.081
5447,Furniture,25-34,Male,Texas,Facebook,14,8585.79,0.072
5448,Laptops,35-44,Male,California,YouTube,14,542.26,0.0618
5449,Smartphones,18-24,Other,Florida,Google Ads,7,3120.04,0.0868
5450,Laptops,45-54,Male,New York,YouTube,7,9239.24,0.0697
5451,Furniture,45-54,Other,Illinois,Facebook,7,1273.96,0.0504
5452,Laptops,45-54,Other,California,LinkedIn,30,6266.47,0.0347
5453,Smartphones,18-24,Other,New York,LinkedIn,45,5320.13,0.0469
5454,Furniture,45-54,Female,New York,Google Ads,30,1940.95,0.0772
5455,Shoes,25-34,Male,California,Instagram,14,903.63,0.0296
5456,Smartphones,18-24,Female,Illinois,YouTube,7,5274.58,0.0841
5457,Books,18-24,Female,Florida,Google Ads,45,7483.74,0.0688
5458,Smartphones,18-24,Male,California,LinkedIn,60,2183.81,0.0499
5459,Furniture,55+,Female,California,Facebook,45,7067.54,0.0504
5460,Smartphones,35-44,Other,California,Facebook,60,5690.64,0.0415
5461,Shoes,55+,Female,Illinois,Instagram,45,3899.54,0.0385
5462,Shoes,55+,Other,California,Instagram,7,6812.09,0.0474
5463,Books,55+,Male,California,LinkedIn,60,2323.78,0.0352
5464,Laptops,35-44,Female,Texas,Instagram,60,4840.85,0.0546
5465,Furniture,55+,Male,Texas,Instagram,14,5718.4,0.0527
5466,Furniture,45-54,Other,Texas,Facebook,45,4857.61,0.063
5467,Laptops,18-24,Female,Texas,YouTube,30,4276.26,0.0597
5468,Shoes,18-24,Other,California,Facebook,30,7538.68,0.0708
5469,Shoes,25-34,Other,Texas,Facebook,14,6732.96,0.0711
5470,Smartphones,45-54,Other,New York,LinkedIn,14,6574.89,0.0323
5471,Books,35-44,Male,Florida,LinkedIn,14,8972.11,0.0633
5472,Books,18-24,Male,Texas,YouTube,7,9938.26,0.0717
5473,Books,55+,Male,Illinois,Google Ads,7,5888.44,0.0809
5474,Smartphones,25-34,Female,Florida,Instagram,7,3808.54,0.0634
5475,Books,25-34,Other,New York,Instagram,7,7899.32,0.06
5476,Laptops,18-24,Male,Florida,Facebook,14,1849.94,0.0538
5477,Smartphones,45-54,Other,Florida,Facebook,14,5372.64,0.0372
5478,Laptops,25-34,Male,New York,YouTube,7,5482.83,0.0728
5479,Smartphones,18-24,Other,Texas,Instagram,7,9842.94,0.0786
5480,Books,45-54,Male,New York,Facebook,60,9914.56,0.0614
5481,Laptops,18-24,Male,Illinois,Facebook,45,8092.53,0.0567
5482,Laptops,18-24,Male,New York,LinkedIn,60,4993.65,0.0321
5483,Laptops,45-54,Male,California,Google Ads,45,5698.65,0.0644
5484,Smartphones,45-54,Other,California,YouTube,7,3537.55,0.0515
5485,Furniture,45-54,Male,Florida,Google Ads,7,8383.53,0.1001
5486,Books,18-24,Male,Texas,Google Ads,7,7592.19,0.0781
5487,Laptops,25-34,Male,Texas,YouTube,60,7828.54,0.0645
5488,Furniture,35-44,Other,California,Instagram,14,1817.43,0.0589
5489,Books,35-44,Male,Illinois,Facebook,45,4287.02,0.049
5490,Books,18-24,Other,New York,YouTube,60,5604.84,0.0497
5491,Laptops,18-24,Female,New York,Facebook,7,1684.25,0.0387
5492,Laptops,25-34,Other,New York,LinkedIn,14,4001.92,0.0388
5493,Smartphones,45-54,Female,Illinois,Google Ads,60,1330.61,0.0377
5494,Furniture,18-24,Male,Illinois,LinkedIn,45,9608.99,0.0287
5495,Furniture,55+,Male,New York,Google Ads,7,7637.0,0.0887
5496,Laptops,45-54,Other,New York,Instagram,45,6397.11,0.0507
5497,Books,18-24,Male,Illinois,YouTube,7,2446.14,0.0431
5498,Laptops,55+,Male,New York,Instagram,7,3674.21,0.0377
5499,Books,25-34,Other,Illinois,Google Ads,30,1872.61,0.0685
5500,Books,55+,Male,Florida,LinkedIn,45,5593.14,0.0496
5501,Laptops,18-24,Female,California,Google Ads,14,8294.9,0.0908
5502,Shoes,35-44,Female,California,Instagram,7,680.85,0.0346
5503,Furniture,18-24,Male,Illinois,Instagram,14,1481.43,0.0257
5504,Books,35-44,Male,New York,LinkedIn,60,2678.82,0.0282
5505,Books,25-34,Female,California,LinkedIn,7,7283.63,0.0516
5506,Shoes,25-34,Male,Texas,Instagram,7,8992.81,0.0655
5507,Smartphones,45-54,Female,New York,Google Ads,7,7653.62,0.0782
5508,Shoes,45-54,Other,Illinois,Google Ads,14,5487.0,0.0722
5509,Shoes,35-44,Female,Texas,YouTube,30,1498.57,0.0471
5510,Books,35-44,Male,Illinois,Instagram,45,7671.69,0.0565
5511,Furniture,25-34,Male,New York,YouTube,7,1503.58,0.0431
5512,Shoes,55+,Female,Florida,Instagram,45,3803.05,0.0338
5513,Smartphones,35-44,Female,Florida,YouTube,45,3425.92,0.0534
5514,Laptops,35-44,Male,Florida,Facebook,45,3912.62,0.0661
5515,Shoes,55+,Male,New York,Google Ads,14,3630.53,0.0483
5516,Shoes,45-54,Male,New York,Google Ads,45,7807.21,0.0569
5517,Smartphones,45-54,Other,Texas,Facebook,60,2131.38,0.0205
5518,Furniture,35-44,Other,New York,LinkedIn,14,8535.54,0.0588
5519,Shoes,45-54,Female,New York,Facebook,14,8653.47,0.0399
5520,Shoes,45-54,Female,Texas,Google Ads,60,5163.8,0.0646
5521,Furniture,45-54,Other,Texas,Instagram,30,1508.41,0.054
5522,Smartphones,25-34,Other,Illinois,YouTube,30,5966.37,0.0698
5523,Shoes,18-24,Female,California,Google Ads,7,8298.85,0.0895
5524,Furniture,35-44,Other,California,Facebook,30,3250.0,0.0457
5525,Shoes,35-44,Female,Illinois,Instagram,7,8458.6,0.0536
5526,Laptops,25-34,Male,Florida,Google Ads,45,6930.73,0.0866
5527,Books,18-24,Female,New York,Facebook,7,9878.84,0.057
5528,Laptops,18-24,Other,Texas,Google Ads,30,8334.76,0.0943
5529,Shoes,25-34,Other,Texas,Facebook,7,2414.25,0.0675
5530,Smartphones,55+,Other,Florida,Facebook,14,4765.54,0.0441
5531,Books,55+,Female,Texas,Google Ads,30,1483.33,0.0675
5532,Laptops,18-24,Other,Florida,Instagram,7,1161.87,0.0417
5533,Furniture,55+,Female,Illinois,Google Ads,30,7207.52,0.0886
5534,Smartphones,55+,Male,Florida,Google Ads,60,9172.85,0.0566
5535,Laptops,55+,Male,California,Instagram,30,9748.97,0.0524
5536,Furniture,18-24,Other,Florida,Google Ads,60,3069.43,0.0479
5537,Shoes,55+,Female,Illinois,YouTube,7,2416.83,0.0468
5538,Furniture,35-44,Female,Florida,YouTube,60,5822.09,0.06
5539,Laptops,18-24,Other,Illinois,YouTube,30,2408.17,0.0507
5540,Laptops,25-34,Female,California,Facebook,14,3311.12,0.0569
5541,Shoes,55+,Other,New York,LinkedIn,60,8453.65,0.0207
5542,Furniture,45-54,Other,Illinois,Google Ads,30,8199.4,0.0941
5543,Furniture,18-24,Male,New York,LinkedIn,14,9003.2,0.0322
5544,Shoes,25-34,Other,Illinois,YouTube,45,5081.31,0.0576
5545,Furniture,35-44,Female,Florida,Instagram,60,5858.81,0.0642
5546,Shoes,25-34,Other,New York,YouTube,60,7820.6,0.0665
5547,Smartphones,55+,Male,Illinois,Google Ads,7,2773.02,0.0674
5548,Laptops,45-54,Male,Illinois,LinkedIn,45,8319.39,0.0316
5549,Smartphones,55+,Female,New York,LinkedIn,7,666.8,0.0147
5550,Books,25-34,Other,Illinois,Facebook,7,8077.77,0.0667
5551,Books,18-24,Female,New York,Instagram,30,7871.13,0.0468
5552,Books,45-54,Female,California,YouTube,7,3366.91,0.0649
5553,Shoes,45-54,Other,Texas,Instagram,60,7415.17,0.037
5554,Furniture,25-34,Male,California,Google Ads,7,2532.94,0.069
5555,Smartphones,55+,Female,New York,Facebook,14,5974.21,0.0622
5556,Smartphones,25-34,Female,Florida,YouTube,60,7155.57,0.0694
5557,Smartphones,45-54,Male,Florida,Google Ads,30,7289.64,0.0733
5558,Smartphones,25-34,Other,Texas,Instagram,7,9837.88,0.0806
5559,Books,45-54,Other,New York,Facebook,14,2229.05,0.0521
5560,Smartphones,55+,Other,Illinois,YouTube,14,5067.59,0.0422
5561,Furniture,18-24,Male,California,Instagram,60,8860.99,0.0222
5562,Books,18-24,Female,California,YouTube,7,5834.37,0.0611
5563,Smartphones,25-34,Male,Texas,Facebook,14,8825.7,0.0739
5564,Shoes,45-54,Female,Texas,Facebook,7,4623.56,0.0377
5565,Laptops,18-24,Female,Texas,Instagram,60,8055.84,0.0617
5566,Laptops,45-54,Other,Texas,YouTube,45,8765.47,0.0624
5567,Laptops,55+,Other,Texas,LinkedIn,14,8541.17,0.0558
5568,Books,25-34,Other,Texas,Google Ads,30,8777.97,0.0701
5569,Smartphones,45-54,Male,Illinois,Facebook,7,2585.77,0.052
5570,Books,25-34,Other,Illinois,YouTube,60,4670.35,0.0495
5571,Furniture,45-54,Male,California,Instagram,60,2158.43,0.0457
5572,Shoes,45-54,Other,California,Instagram,30,2215.14,0.0292
5573,Shoes,55+,Other,Texas,Facebook,45,5134.36,0.0399
5574,Laptops,25-34,Other,California,Facebook,7,9620.83,0.0741
5575,Laptops,35-44,Male,Texas,LinkedIn,45,6123.16,0.0468
5576,Laptops,45-54,Female,Illinois,Instagram,60,8611.53,0.0429
5577,Smartphones,45-54,Male,Florida,YouTube,14,9403.25,0.0622
5578,Furniture,18-24,Male,Illinois,Google Ads,45,1322.47,0.0328
5579,Furniture,25-34,Male,New York,Google Ads,14,2039.61,0.0613
5580,Furniture,35-44,Female,Illinois,LinkedIn,30,3263.0,0.0437
5581,Furniture,55+,Male,New York,YouTube,60,6359.38,0.044
5582,Laptops,35-44,Other,California,Google Ads,14,1086.43,0.0676
5583,Shoes,55+,Female,Illinois,Google Ads,7,7973.22,0.0701
5584,Laptops,35-44,Male,Florida,YouTube,60,1105.99,0.046
5585,Furniture,35-44,Male,Illinois,YouTube,30,2005.1,0.0632
5586,Laptops,25-34,Female,Illinois,Facebook,7,4126.22,0.0628
5587,Furniture,18-24,Male,Illinois,Google Ads,60,5798.34,0.0473
5588,Books,35-44,Female,Texas,Google Ads,45,8874.29,0.0837
5589,Shoes,45-54,Other,Illinois,LinkedIn,60,9655.43,0.0157
5590,Books,45-54,Male,Illinois,Facebook,7,8904.1,0.0708
5591,Smartphones,45-54,Male,Florida,Facebook,14,1516.92,0.0431
5592,Laptops,18-24,Other,New York,Google Ads,14,6496.68,0.0851
5593,Smartphones,35-44,Male,New York,Instagram,60,4696.29,0.0353
5594,Laptops,55+,Male,Florida,Instagram,60,1695.03,0.0115
5595,Books,55+,Female,California,YouTube,30,5773.57,0.0496
5596,Furniture,25-34,Male,Illinois,Facebook,45,3888.25,0.0499
5597,Furniture,18-24,Other,California,Google Ads,30,3784.98,0.0504
5598,Laptops,35-44,Male,Florida,Google Ads,30,1397.23,0.0799
5599,Furniture,45-54,Female,California,Google Ads,14,9799.1,0.0814
5600,Books,18-24,Other,New York,LinkedIn,14,7396.62,0.0484
5601,Furniture,18-24,Other,Texas,Instagram,7,3163.18,0.0483
5602,Books,35-44,Other,California,LinkedIn,30,9216.01,0.0523
5603,Smartphones,25-34,Other,Texas,Google Ads,7,9506.83,0.0887
5604,Books,25-34,Female,California,Google Ads,60,8198.56,0.0868
5605,Shoes,25-34,Female,Florida,Facebook,7,6763.49,0.0795
5606,Shoes,45-54,Female,Texas,Facebook,14,4075.58,0.045
5607,Shoes,45-54,Female,California,Instagram,30,4626.29,0.0407
5608,Laptops,35-44,Male,Florida,YouTube,14,4822.61,0.0752
5609,Laptops,25-34,Female,New York,Google Ads,60,9513.25,0.0819
5610,Laptops,35-44,Male,Illinois,Facebook,45,7721.28,0.0519
5611,Books,25-34,Other,Florida,Instagram,30,3274.14,0.0509
5612,Laptops,18-24,Male,Florida,LinkedIn,14,6434.09,0.0624
5613,Smartphones,55+,Male,New York,Google Ads,45,6142.06,0.0574
5614,Shoes,55+,Male,Texas,YouTube,60,8215.21,0.0475
5615,Books,25-34,Female,California,Instagram,45,1405.43,0.0289
5616,Shoes,35-44,Female,Texas,YouTube,14,7162.08,0.0595
5617,Laptops,45-54,Other,Florida,Google Ads,14,3646.11,0.0636
5618,Books,25-34,Female,California,Instagram,60,1731.5,0.0347
5619,Furniture,25-34,Male,Illinois,Facebook,60,7451.85,0.0486
5620,Smartphones,45-54,Female,Illinois,YouTube,45,3650.64,0.0353
5621,Laptops,25-34,Female,California,LinkedIn,45,7436.18,0.0545
5622,Laptops,18-24,Male,Florida,LinkedIn,14,2043.15,0.0376
5623,Smartphones,45-54,Other,New York,YouTube,60,9866.31,0.0433
5624,Smartphones,18-24,Female,Texas,Google Ads,7,8132.38,0.0993
5625,Furniture,55+,Other,Texas,Google Ads,60,3246.94,0.0632
5626,Laptops,45-54,Male,New York,Google Ads,30,7534.98,0.0753
5627,Laptops,45-54,Female,New York,LinkedIn,30,1790.1,0.0217
5628,Shoes,35-44,Other,Illinois,LinkedIn,60,6707.66,0.0407
5629,Books,35-44,Other,New York,Facebook,45,1066.55,0.0379
5630,Books,45-54,Male,California,Google Ads,30,3667.18,0.0691
5631,Shoes,55+,Female,Illinois,LinkedIn,14,9795.39,0.0399
5632,Books,25-34,Other,Florida,LinkedIn,14,1648.74,0.0367
5633,Smartphones,35-44,Other,Illinois,Google Ads,14,6175.53,0.0796
5634,Books,55+,Other,Illinois,Google Ads,60,1170.75,0.068
5635,Books,55+,Other,Texas,LinkedIn,30,6859.31,0.0538
5636,Shoes,35-44,Other,New York,YouTube,45,3147.29,0.0439
5637,Furniture,25-34,Other,California,LinkedIn,14,3444.77,0.0353
5638,Books,35-44,Other,New York,Facebook,45,3709.12,0.0497
5639,Books,55+,Other,Texas,Instagram,14,2448.99,0.0576
5640,Furniture,18-24,Other,New York,Google Ads,60,9445.75,0.0639
5641,Shoes,35-44,Other,California,Facebook,14,9105.4,0.052
5642,Furniture,55+,Female,New York,YouTube,60,8765.14,0.0611
5643,Shoes,35-44,Male,Texas,Instagram,30,1511.23,0.043
5644,Smartphones,55+,Male,California,LinkedIn,30,2717.73,0.0163
5645,Shoes,25-34,Male,New York,Google Ads,45,6316.15,0.0739
5646,Smartphones,55+,Other,Texas,LinkedIn,14,9718.52,0.0439
5647,Smartphones,45-54,Male,Texas,Facebook,30,6245.77,0.0479
5648,Shoes,18-24,Other,Illinois,Google Ads,7,3607.47,0.0898
5649,Laptops,55+,Female,California,LinkedIn,7,8265.34,0.0475
5650,Shoes,35-44,Male,California,Google Ads,45,1786.59,0.0505
5651,Books,35-44,Female,New York,Facebook,30,8876.55,0.0599
5652,Books,55+,Female,Illinois,LinkedIn,60,9759.43,0.0529
5653,Laptops,45-54,Other,California,Instagram,7,9692.7,0.0561
5654,Smartphones,55+,Male,Texas,YouTube,30,1903.12,0.0344
5655,Laptops,25-34,Female,California,LinkedIn,60,5721.27,0.0364
5656,Books,45-54,Male,Illinois,Google Ads,14,6056.73,0.0847
5657,Laptops,55+,Female,Florida,LinkedIn,30,2351.73,0.0312
5658,Shoes,18-24,Female,Texas,Google Ads,14,5694.38,0.0926
5659,Laptops,45-54,Other,California,Facebook,7,6642.11,0.0522
5660,Smartphones,55+,Male,Texas,YouTube,14,3625.14,0.0464
5661,Shoes,18-24,Other,New York,Google Ads,7,3498.97,0.0878
5662,Furniture,55+,Other,Texas,LinkedIn,45,1072.27,0.0288
5663,Books,25-34,Other,California,Facebook,45,9589.84,0.0692
5664,Books,35-44,Other,New York,Instagram,7,8134.35,0.0584
5665,Laptops,55+,Other,New York,LinkedIn,60,7714.77,0.0285
5666,Shoes,45-54,Female,New York,YouTube,45,706.9,0.029
5667,Furniture,55+,Male,Florida,Facebook,60,6430.94,0.048
5668,Shoes,55+,Male,Florida,LinkedIn,60,2215.97,0.026
5669,Books,55+,Other,New York,Google Ads,60,6786.32,0.0738
5670,Shoes,55+,Male,California,Google Ads,30,6400.98,0.062
5671,Furniture,45-54,Female,New York,Google Ads,30,8593.29,0.0843
5672,Laptops,45-54,Other,New York,LinkedIn,60,2926.62,0.0303
5673,Smartphones,55+,Female,Texas,YouTube,7,760.89,0.0289
5674,Shoes,35-44,Female,Texas,Google Ads,45,9184.05,0.0837
5675,Smartphones,55+,Other,Texas,LinkedIn,14,9132.04,0.0434
5676,Books,45-54,Female,Illinois,LinkedIn,30,4830.67,0.0522
5677,Laptops,25-34,Other,Texas,YouTube,30,1241.84,0.0504
5678,Laptops,55+,Female,Texas,Facebook,14,5230.71,0.0532
5679,Shoes,55+,Male,California,Facebook,60,5478.14,0.0234
5680,Laptops,55+,Male,Florida,LinkedIn,14,8306.39,0.0539
5681,Shoes,55+,Male,Florida,Facebook,60,7312.46,0.03
5682,Shoes,18-24,Other,Florida,Instagram,30,1172.64,0.0524
5683,Smartphones,55+,Female,Illinois,YouTube,14,7200.71,0.0507
5684,Laptops,45-54,Female,New York,LinkedIn,7,1789.52,0.0233
5685,Shoes,45-54,Male,Texas,Facebook,45,1349.98,0.0222
5686,Smartphones,18-24,Male,California,Facebook,45,4286.77,0.0628
5687,Furniture,55+,Other,Illinois,YouTube,45,1234.95,0.0377
5688,Smartphones,35-44,Other,Florida,Google Ads,14,8378.06,0.0809
5689,Smartphones,55+,Female,Illinois,Facebook,60,4899.73,0.0332
5690,Shoes,45-54,Other,California,YouTube,30,6076.54,0.0535
5691,Books,25-34,Other,Illinois,Google Ads,45,5980.21,0.077
5692,Books,25-34,Other,Florida,LinkedIn,14,9792.04,0.0586
5693,Books,35-44,Male,New York,Google Ads,45,9199.93,0.0786
5694,Smartphones,55+,Male,Florida,Facebook,60,8566.72,0.0404
5695,Shoes,18-24,Female,Florida,LinkedIn,7,4141.06,0.056
5696,Laptops,55+,Other,Florida,LinkedIn,7,1878.45,0.0338
5697,Smartphones,35-44,Male,Illinois,Google Ads,30,6122.74,0.0688
5698,Smartphones,35-44,Other,California,LinkedIn,7,4683.0,0.0483
5699,Shoes,35-44,Female,Florida,Google Ads,7,2642.5,0.0702
5700,Furniture,25-34,Other,Illinois,Google Ads,14,1428.08,0.051
5701,Smartphones,55+,Female,California,Google Ads,14,4642.89,0.0647
5702,Furniture,55+,Female,New York,YouTube,30,6683.24,0.058
5703,Furniture,18-24,Male,Florida,Facebook,30,6441.2,0.04
5704,Books,35-44,Other,Texas,LinkedIn,14,7852.25,0.0638
5705,Shoes,35-44,Male,Illinois,Instagram,7,4932.27,0.0503
5706,Furniture,45-54,Other,New York,Facebook,60,3555.58,0.0499
5707,Shoes,45-54,Other,New York,Instagram,7,5617.65,0.0399
5708,Books,25-34,Female,New York,Google Ads,7,9762.56,0.0904
5709,Shoes,55+,Female,Illinois,LinkedIn,60,928.36,0.0065
5710,Smartphones,18-24,Other,California,Facebook,30,5522.33,0.0693
5711,Furniture,18-24,Male,Texas,Instagram,14,3628.01,0.037
5712,Shoes,35-44,Female,California,Instagram,30,1500.83,0.0402
5713,Laptops,18-24,Female,Florida,Instagram,30,4629.37,0.064
5714,Shoes,35-44,Other,Texas,Facebook,30,6591.06,0.0407
5715,Furniture,55+,Other,California,YouTube,14,5517.57,0.0684
5716,Books,18-24,Female,Florida,Google Ads,30,777.18,0.0491
5717,Books,35-44,Male,Texas,LinkedIn,30,6001.62,0.0539
5718,Furniture,55+,Female,Illinois,Instagram,45,2704.02,0.0305
5719,Smartphones,55+,Other,Florida,Facebook,7,3744.03,0.0455
5720,Smartphones,35-44,Female,California,Instagram,45,3465.95,0.0338
5721,Books,35-44,Other,Texas,Facebook,14,8655.88,0.0666
5722,Books,25-34,Female,Florida,YouTube,60,951.94,0.0368
5723,Furniture,55+,Other,Florida,Instagram,60,3805.97,0.0386
5724,Smartphones,35-44,Other,Illinois,Instagram,45,4250.76,0.0398
5725,Books,55+,Male,Florida,LinkedIn,45,6378.93,0.0494
5726,Smartphones,18-24,Other,Texas,Facebook,45,7995.17,0.0717
5727,Books,45-54,Female,New York,Facebook,7,7412.82,0.0681
5728,Shoes,45-54,Other,Texas,YouTube,14,7649.91,0.0709
5729,Laptops,35-44,Female,Texas,Instagram,30,2327.68,0.0437
5730,Shoes,35-44,Male,Illinois,LinkedIn,45,9161.5,0.043
5731,Books,55+,Female,Illinois,Google Ads,7,4434.41,0.0897
5732,Laptops,35-44,Male,Florida,LinkedIn,60,605.54,0.0204
5733,Laptops,55+,Male,Illinois,LinkedIn,60,6846.91,0.0174
5734,Books,35-44,Other,Florida,LinkedIn,60,6238.03,0.0323
5735,Books,55+,Male,New York,LinkedIn,45,1696.6,0.0194
5736,Smartphones,35-44,Female,California,Instagram,60,9618.74,0.0564
5737,Books,25-34,Male,Illinois,LinkedIn,60,5834.86,0.0427
5738,Furniture,55+,Male,Illinois,Facebook,60,4958.01,0.0516
5739,Books,25-34,Other,New York,Facebook,30,4282.16,0.0558
5740,Furniture,25-34,Female,Illinois,LinkedIn,60,2493.59,0.0241
5741,Books,25-34,Male,New York,Facebook,7,9551.72,0.0791
5742,Smartphones,25-34,Other,Florida,Instagram,45,7170.51,0.0642
5743,Furniture,18-24,Other,Illinois,Google Ads,30,5892.24,0.0602
5744,Shoes,45-54,Female,Illinois,LinkedIn,30,6496.4,0.0424
5745,Furniture,18-24,Other,Florida,Facebook,45,8483.99,0.0473
5746,Smartphones,35-44,Male,Illinois,Facebook,60,6539.34,0.0564
5747,Furniture,35-44,Other,Texas,Instagram,60,1588.61,0.0508
5748,Books,45-54,Female,New York,Instagram,14,7124.3,0.0588
5749,Books,45-54,Female,California,Google Ads,60,5866.26,0.0712
5750,Smartphones,45-54,Other,Texas,YouTube,7,9680.27,0.061
5751,Laptops,25-34,Male,California,YouTube,60,7470.33,0.0512
5752,Books,18-24,Other,Texas,YouTube,45,3768.03,0.0567
5753,Shoes,35-44,Female,Texas,Google Ads,60,1786.28,0.0582
5754,Smartphones,18-24,Other,Texas,LinkedIn,45,5081.67,0.0452
5755,Furniture,18-24,Other,New York,YouTube,30,6953.87,0.0413
5756,Furniture,18-24,Male,California,YouTube,14,2184.12,0.0371
5757,Shoes,45-54,Other,Florida,Facebook,30,6669.72,0.049
5758,Books,45-54,Male,Florida,Facebook,45,8343.31,0.0754
5759,Smartphones,35-44,Other,Illinois,LinkedIn,14,1991.98,0.0332
5760,Shoes,35-44,Other,New York,Instagram,30,7204.96,0.046
5761,Books,35-44,Male,New York,Google Ads,60,1148.45,0.0557
5762,Smartphones,18-24,Male,New York,YouTube,60,575.53,0.0433
5763,Furniture,45-54,Female,Texas,Google Ads,14,810.03,0.0669
5764,Smartphones,25-34,Male,New York,Facebook,30,6499.29,0.0593
5765,Laptops,18-24,Other,Florida,Google Ads,7,9746.94,0.092
5766,Smartphones,55+,Female,New York,Facebook,7,7828.04,0.0458
5767,Laptops,18-24,Male,Texas,Google Ads,7,2916.89,0.0805
5768,Smartphones,45-54,Male,California,Facebook,30,1181.04,0.0296
5769,Laptops,55+,Female,New York,Google Ads,30,6358.21,0.047
5770,Furniture,18-24,Other,California,YouTube,30,530.67,0.012
5771,Books,45-54,Other,Illinois,YouTube,45,8029.56,0.0636
5772,Laptops,45-54,Female,Texas,LinkedIn,7,2809.64,0.0479
5773,Laptops,25-34,Other,New York,Google Ads,7,3342.56,0.075
5774,Furniture,18-24,Male,Illinois,Instagram,7,3767.8,0.0404
5775,Laptops,45-54,Other,Illinois,LinkedIn,45,7753.75,0.0458
5776,Shoes,35-44,Male,California,Google Ads,45,3024.55,0.0596
5777,Furniture,45-54,Other,Florida,Instagram,30,3202.47,0.0514
5778,Shoes,25-34,Male,Florida,YouTube,7,5639.42,0.0669
5779,Furniture,45-54,Female,Florida,YouTube,7,4898.51,0.0663
5780,Laptops,18-24,Male,Florida,YouTube,60,9577.91,0.0809
5781,Shoes,18-24,Other,Texas,Instagram,60,3002.27,0.0552
5782,Laptops,55+,Male,New York,Facebook,60,1372.97,0.0322
5783,Furniture,18-24,Other,New York,Google Ads,45,5639.32,0.0483
5784,Laptops,55+,Other,Texas,LinkedIn,30,2252.94,0.0356
5785,Shoes,35-44,Male,California,LinkedIn,14,4429.45,0.0354
5786,Shoes,25-34,Other,New York,YouTube,7,2278.38,0.0588
5787,Laptops,35-44,Female,Illinois,Facebook,60,8869.21,0.0564
5788,Smartphones,55+,Other,New York,Google Ads,7,3610.77,0.0524
5789,Furniture,45-54,Female,Texas,Google Ads,7,7861.24,0.0887
5790,Furniture,45-54,Female,California,LinkedIn,7,9511.73,0.061
5791,Laptops,35-44,Other,New York,LinkedIn,30,9435.23,0.0499
5792,Smartphones,45-54,Female,Texas,LinkedIn,7,5485.61,0.0443
5793,Shoes,55+,Female,Illinois,Google Ads,30,9840.92,0.0619
5794,Books,25-34,Male,Florida,LinkedIn,14,6731.4,0.0585
5795,Books,18-24,Female,Illinois,Google Ads,14,1720.64,0.0608
5796,Laptops,55+,Female,Illinois,YouTube,45,8939.58,0.0638
5797,Smartphones,55+,Female,California,Facebook,7,4952.55,0.041
5798,Smartphones,18-24,Female,New York,LinkedIn,60,1950.6,0.0376
5799,Furniture,18-24,Female,Florida,Google Ads,45,8018.51,0.0722
5800,Shoes,25-34,Other,Texas,YouTube,45,6431.83,0.0629
5801,Smartphones,25-34,Female,Florida,Instagram,14,8880.15,0.0702
5802,Books,25-34,Other,New York,YouTube,60,8359.56,0.0522
5803,Shoes,45-54,Other,California,Facebook,7,3541.05,0.0427
5804,Shoes,55+,Other,New York,YouTube,7,2934.99,0.0371
5805,Laptops,18-24,Male,Texas,LinkedIn,14,7471.37,0.0601
5806,Smartphones,55+,Male,Florida,LinkedIn,30,5946.47,0.0324
5807,Laptops,55+,Other,Illinois,Instagram,14,1163.81,0.0364
5808,Smartphones,25-34,Male,New York,Google Ads,60,2225.56,0.0678
5809,Furniture,25-34,Female,California,YouTube,30,1937.86,0.0426
5810,Laptops,55+,Other,California,Instagram,60,6103.07,0.0291
5811,Laptops,25-34,Other,Florida,LinkedIn,7,1314.74,0.0431
5812,Books,45-54,Other,Illinois,Google Ads,30,2473.16,0.0711
5813,Laptops,18-24,Male,Texas,Google Ads,60,5681.08,0.0727
5814,Smartphones,55+,Male,Illinois,Facebook,7,1764.04,0.0362
5815,Books,18-24,Male,Florida,LinkedIn,60,2858.58,0.0288
5816,Laptops,45-54,Female,Illinois,Google Ads,30,9114.51,0.0739
5817,Laptops,25-34,Male,Florida,Facebook,7,7122.62,0.0691
5818,Furniture,35-44,Other,Illinois,Facebook,60,3415.37,0.054
5819,Laptops,45-54,Male,New York,LinkedIn,45,8834.87,0.0369
5820,Shoes,35-44,Male,California,Google Ads,30,2877.71,0.0629
5821,Books,18-24,Male,Florida,Google Ads,30,6096.29,0.0786
5822,Shoes,55+,Male,Florida,YouTube,30,4000.7,0.0533
5823,Books,25-34,Other,California,Google Ads,7,7645.42,0.0796
5824,Furniture,45-54,Male,Texas,Facebook,30,4030.08,0.0582
5825,Laptops,25-34,Other,Florida,Instagram,60,2864.19,0.0321
5826,Laptops,35-44,Male,New York,LinkedIn,45,6273.19,0.0389
5827,Laptops,35-44,Female,Illinois,Instagram,60,7580.73,0.0474
5828,Books,55+,Female,New York,Google Ads,60,5595.46,0.0745
5829,Laptops,35-44,Other,Florida,Facebook,30,7304.74,0.0761
5830,Shoes,55+,Other,Texas,Instagram,45,4509.15,0.0362
5831,Laptops,45-54,Female,Florida,LinkedIn,45,8056.74,0.0506
5832,Furniture,55+,Female,Texas,YouTube,45,6057.73,0.0569
5833,Shoes,35-44,Male,California,Instagram,45,2364.37,0.0236
5834,Laptops,18-24,Female,Illinois,YouTube,14,8962.14,0.0703
5835,Laptops,55+,Other,New York,Google Ads,45,8449.83,0.0605
5836,Smartphones,25-34,Other,Texas,Google Ads,30,9657.17,0.0875
5837,Books,18-24,Female,New York,LinkedIn,45,5905.58,0.0372
5838,Shoes,55+,Other,California,YouTube,60,6919.54,0.0309
5839,Smartphones,25-34,Male,Florida,YouTube,14,8704.0,0.0863
5840,Furniture,18-24,Male,Texas,LinkedIn,60,999.62,0.0054
5841,Books,55+,Female,Illinois,Instagram,30,9165.94,0.0648
5842,Shoes,45-54,Other,Texas,LinkedIn,30,3076.05,0.0298
5843,Laptops,25-34,Female,Florida,Google Ads,45,1041.91,0.061
5844,Shoes,45-54,Other,Florida,YouTube,30,2757.27,0.0517
5845,Laptops,35-44,Other,Illinois,Facebook,14,6070.42,0.0553
5846,Books,55+,Other,Illinois,Facebook,60,954.55,0.0452
5847,Laptops,55+,Male,California,Google Ads,30,507.27,0.0402
5848,Furniture,25-34,Other,New York,YouTube,30,6573.95,0.0644
5849,Laptops,55+,Male,Texas,YouTube,14,4807.18,0.0574
5850,Furniture,35-44,Other,California,LinkedIn,7,8521.14,0.067
5851,Books,55+,Female,New York,Instagram,7,2946.7,0.0538
5852,Books,18-24,Male,California,LinkedIn,14,3166.72,0.038
5853,Shoes,45-54,Male,Illinois,Facebook,30,1236.69,0.0354
5854,Furniture,35-44,Male,Illinois,YouTube,14,5615.86,0.0746
5855,Furniture,35-44,Female,Florida,Instagram,14,3976.09,0.071
5856,Smartphones,45-54,Male,Texas,LinkedIn,7,3727.22,0.0412
5857,Smartphones,45-54,Female,Texas,Instagram,45,4847.51,0.0352
5858,Smartphones,35-44,Other,Texas,Facebook,30,8572.03,0.0591
5859,Laptops,45-54,Other,California,Instagram,60,1499.29,0.0302
5860,Smartphones,25-34,Female,California,YouTube,14,5474.14,0.0633
5861,Furniture,45-54,Male,Texas,Instagram,7,2366.13,0.0621
5862,Laptops,18-24,Male,Florida,Instagram,45,2517.72,0.0402
5863,Books,18-24,Female,New York,LinkedIn,30,2938.98,0.024
5864,Shoes,25-34,Other,California,Instagram,14,4864.32,0.0576
5865,Smartphones,45-54,Female,Texas,Instagram,7,5196.8,0.0457
5866,Books,18-24,Male,Illinois,Facebook,14,8779.36,0.0581
5867,Furniture,55+,Male,California,Instagram,60,8975.07,0.0445
5868,Shoes,45-54,Male,New York,LinkedIn,30,6073.31,0.0327
5869,Books,25-34,Male,California,LinkedIn,30,3173.34,0.0342
5870,Shoes,45-54,Other,New York,YouTube,30,8275.15,0.0541
5871,Smartphones,35-44,Other,New York,Facebook,30,8032.38,0.0615
5872,Furniture,35-44,Other,California,Google Ads,7,8080.56,0.0945
5873,Shoes,18-24,Male,New York,YouTube,60,655.49,0.055
5874,Books,35-44,Male,California,Instagram,14,7661.71,0.0721
5875,Smartphones,25-34,Male,California,Facebook,7,8600.83,0.0702
5876,Smartphones,18-24,Female,Florida,YouTube,45,6247.81,0.0686
5877,Books,25-34,Male,Illinois,LinkedIn,30,7636.82,0.048
5878,Books,25-34,Other,New York,Facebook,30,7873.62,0.0578
5879,Shoes,35-44,Other,California,Facebook,14,5312.54,0.0637
5880,Laptops,35-44,Other,New York,Instagram,30,8229.4,0.0564
5881,Smartphones,25-34,Female,California,Facebook,30,8026.76,0.067
5882,Shoes,35-44,Other,California,Facebook,14,9202.99,0.053
5883,Books,35-44,Female,California,Google Ads,60,9253.05,0.0716
5884,Shoes,35-44,Female,Illinois,Instagram,7,5532.29,0.0453
5885,Books,45-54,Female,New York,Facebook,60,799.19,0.0225
5886,Furniture,25-34,Male,Illinois,Facebook,14,681.52,0.047
5887,Books,55+,Male,Illinois,Google Ads,30,9419.8,0.0948
5888,Books,25-34,Other,Illinois,Google Ads,30,3704.93,0.069
5889,Books,18-24,Other,Illinois,LinkedIn,60,4086.57,0.0372
5890,Laptops,35-44,Female,Florida,Instagram,45,4964.13,0.046
5891,Books,35-44,Male,New York,Google Ads,7,3025.09,0.0728
5892,Smartphones,55+,Other,New York,Facebook,30,6108.93,0.0391
5893,Smartphones,18-24,Other,California,Google Ads,14,7953.89,0.1029
5894,Shoes,45-54,Male,New York,YouTube,60,2944.75,0.0335
5895,Laptops,25-34,Female,Illinois,LinkedIn,7,7559.08,0.0646
5896,Shoes,45-54,Other,Texas,LinkedIn,45,6884.18,0.0319
5897,Smartphones,18-24,Other,New York,Instagram,30,5493.04,0.0653
5898,Smartphones,55+,Male,Texas,LinkedIn,60,3591.7,0.027
5899,Furniture,18-24,Male,Florida,Instagram,30,8791.36,0.0348
5900,Books,55+,Female,California,YouTube,60,4326.56,0.0613
5901,Smartphones,45-54,Female,California,Facebook,45,4059.3,0.0343
5902,Shoes,45-54,Other,California,YouTube,14,6593.02,0.0445
5903,Shoes,18-24,Female,Florida,Instagram,14,9243.15,0.0755
5904,Books,18-24,Other,Illinois,Instagram,7,5326.17,0.0619
5905,Books,35-44,Other,Texas,Instagram,30,7365.56,0.0574
5906,Furniture,55+,Male,New York,Facebook,30,4840.39,0.0531
5907,Laptops,35-44,Other,Illinois,Instagram,30,2578.67,0.0387
5908,Shoes,25-34,Male,California,YouTube,14,1677.55,0.0434
5909,Books,25-34,Other,California,Facebook,7,1795.1,0.0403
5910,Shoes,18-24,Other,Illinois,YouTube,14,702.59,0.0651
5911,Books,45-54,Other,Texas,Facebook,60,5752.57,0.0545
5912,Smartphones,25-34,Female,Illinois,Instagram,30,1745.51,0.0553
5913,Shoes,25-34,Female,Florida,Facebook,60,8724.13,0.0669
5914,Smartphones,35-44,Male,California,Google Ads,45,9837.53,0.0696
5915,Shoes,35-44,Other,Texas,YouTube,60,5210.75,0.059
5916,Laptops,25-34,Male,New York,Google Ads,60,4771.9,0.0663
5917,Furniture,18-24,Male,California,Google Ads,60,3806.69,0.0511
5918,Smartphones,35-44,Other,Illinois,Instagram,14,6561.26,0.0627
5919,Books,25-34,Female,Texas,Instagram,60,6276.26,0.0492
5920,Laptops,45-54,Female,California,Google Ads,30,3762.13,0.0648
5921,Shoes,35-44,Male,New York,Facebook,7,3760.08,0.0501
5922,Smartphones,25-34,Female,New York,Instagram,45,6625.64,0.057
5923,Shoes,55+,Other,Illinois,YouTube,30,5768.19,0.044
5924,Shoes,35-44,Other,Florida,Google Ads,7,7326.28,0.0781
5925,Shoes,55+,Female,Illinois,YouTube,30,9443.23,0.0501
5926,Furniture,35-44,Female,Texas,YouTube,60,7906.12,0.076
5927,Furniture,35-44,Male,Illinois,YouTube,45,3391.28,0.051
5928,Books,55+,Female,Texas,Google Ads,30,7711.66,0.0849
5929,Smartphones,18-24,Male,Florida,LinkedIn,45,4775.23,0.0544
5930,Laptops,25-34,Other,Illinois,Instagram,14,7887.74,0.0658
5931,Laptops,18-24,Other,New York,YouTube,14,8922.43,0.0705
5932,Laptops,18-24,Other,Texas,Google Ads,60,2874.42,0.0549
5933,Shoes,25-34,Female,Texas,LinkedIn,60,2767.13,0.0428
5934,Furniture,45-54,Female,New York,Google Ads,14,4609.94,0.086
5935,Smartphones,18-24,Female,Illinois,Instagram,30,989.57,0.0543
5936,Shoes,18-24,Male,Florida,Google Ads,7,7014.02,0.0972
5937,Furniture,18-24,Male,California,Facebook,7,7622.16,0.0421
5938,Furniture,45-54,Male,Illinois,Facebook,14,3781.59,0.0595
5939,Smartphones,35-44,Other,Illinois,YouTube,7,4920.21,0.0646
5940,Smartphones,55+,Male,Texas,Google Ads,30,6108.39,0.067
5941,Smartphones,55+,Female,Texas,Google Ads,7,1199.18,0.0519
5942,Shoes,45-54,Female,Florida,YouTube,7,7257.33,0.063
5943,Books,18-24,Other,Florida,YouTube,14,5503.67,0.0612
5944,Smartphones,55+,Female,Florida,LinkedIn,45,6430.49,0.0316
5945,Books,45-54,Female,New York,Google Ads,45,7376.39,0.0751
5946,Shoes,25-34,Female,California,Instagram,30,6917.81,0.0581
5947,Books,55+,Male,California,Instagram,45,1405.56,0.0275
5948,Laptops,25-34,Male,Florida,Instagram,60,7934.62,0.0607
5949,Books,18-24,Female,Texas,YouTube,14,6295.44,0.0686
5950,Smartphones,55+,Female,California,YouTube,45,7291.37,0.0456
5951,Shoes,45-54,Female,Illinois,YouTube,7,2984.27,0.0428
5952,Smartphones,35-44,Female,New York,Instagram,45,2603.56,0.0315
5953,Laptops,55+,Male,Texas,LinkedIn,14,8347.88,0.0417
5954,Smartphones,55+,Other,New York,Facebook,7,4208.7,0.0414
5955,Smartphones,55+,Female,Illinois,Google Ads,7,5965.79,0.0704
5956,Smartphones,55+,Male,California,Facebook,14,5740.16,0.0371
5957,Furniture,45-54,Female,New York,Google Ads,30,6059.08,0.0878
5958,Laptops,45-54,Other,New York,YouTube,30,1160.31,0.0472
5959,Smartphones,35-44,Male,New York,Instagram,14,3373.5,0.0471
5960,Smartphones,45-54,Male,Illinois,Facebook,14,1131.57,0.0364
5961,Smartphones,45-54,Other,Texas,YouTube,14,5061.53,0.0467
5962,Shoes,18-24,Other,Texas,Google Ads,7,9069.94,0.0985
5963,Furniture,18-24,Male,Illinois,Facebook,7,4197.17,0.0349
5964,Shoes,25-34,Other,New York,Facebook,14,7933.27,0.0598
5965,Furniture,35-44,Female,New York,Facebook,7,3228.84,0.0636
5966,Smartphones,18-24,Other,Florida,Facebook,60,8634.52,0.0743
5967,Laptops,35-44,Other,California,Facebook,14,4485.28,0.0632
5968,Books,35-44,Male,California,YouTube,7,3874.57,0.064
5969,Books,55+,Other,Texas,Google Ads,30,7126.06,0.09
5970,Smartphones,35-44,Male,Illinois,Google Ads,14,5371.19,0.068
5971,Shoes,55+,Female,New York,LinkedIn,14,3704.54,0.0185
5972,Laptops,25-34,Other,California,Instagram,14,1051.88,0.0424
5973,Furniture,25-34,Other,Illinois,Facebook,45,2083.07,0.0432
5974,Smartphones,25-34,Male,Illinois,Google Ads,14,7837.08,0.0894
5975,Laptops,55+,Male,New York,Instagram,30,9246.95,0.038
5976,Laptops,55+,Other,Illinois,Instagram,7,2103.96,0.034
5977,Furniture,25-34,Male,California,YouTube,14,5909.69,0.056
5978,Laptops,55+,Other,Florida,Facebook,60,824.65,0.0121
5979,Shoes,45-54,Female,California,LinkedIn,7,3263.01,0.044
5980,Shoes,45-54,Other,Florida,Instagram,30,4763.49,0.0485
5981,Shoes,55+,Female,Illinois,YouTube,45,7490.84,0.0339
5982,Laptops,55+,Female,California,Facebook,30,919.02,0.0142
5983,Shoes,18-24,Male,New York,Google Ads,45,7921.69,0.0806
5984,Furniture,18-24,Male,Illinois,LinkedIn,7,2425.15,0.0176
5985,Laptops,35-44,Male,New York,Facebook,45,7715.55,0.0714
5986,Books,35-44,Male,Florida,YouTube,7,6441.97,0.0686
5987,Laptops,35-44,Other,Texas,YouTube,30,3725.97,0.0655
5988,Furniture,25-34,Female,Texas,YouTube,30,7375.64,0.0623
5989,Books,45-54,Other,Florida,YouTube,45,2745.06,0.0493
5990,Laptops,25-34,Female,Texas,YouTube,60,2587.42,0.0602
5991,Shoes,55+,Female,Illinois,LinkedIn,30,1086.58,0.0178
5992,Smartphones,18-24,Female,Illinois,Instagram,45,4234.23,0.0596
5993,Smartphones,55+,Other,California,Instagram,14,1428.21,0.0383
5994,Shoes,55+,Male,Illinois,Google Ads,7,4485.26,0.0646
5995,Smartphones,18-24,Other,Texas,Instagram,14,593.13,0.0504
5996,Smartphones,55+,Female,New York,YouTube,14,1973.29,0.0473
5997,Shoes,35-44,Other,California,Instagram,14,9357.53,0.0567
5998,Shoes,18-24,Female,New York,Instagram,45,8057.84,0.0724
5999,Laptops,55+,Male,Texas,YouTube,30,2743.55,0.0458
6000,Laptops,35-44,Male,New York,LinkedIn,14,7323.77,0.0362
6001,Shoes,35-44,Other,Texas,YouTube,45,6850.58,0.0473
6002,Furniture,45-54,Male,Illinois,Instagram,30,2180.79,0.0553
6003,Smartphones,35-44,Female,California,Instagram,7,4025.06,0.0464
6004,Laptops,25-34,Female,Florida,Google Ads,30,9180.2,0.0916
6005,Smartphones,18-24,Male,Texas,YouTube,30,7517.82,0.0884
6006,Books,18-24,Male,Illinois,Google Ads,14,7723.32,0.081
6007,Shoes,18-24,Male,New York,Google Ads,45,5856.92,0.0766
6008,Furniture,55+,Other,Illinois,Facebook,60,6822.63,0.0508
6009,Books,55+,Other,New York,Google Ads,7,5333.02,0.0848
6010,Books,25-34,Female,New York,Instagram,45,7538.49,0.0474
6011,Books,35-44,Other,New York,Instagram,14,7460.91,0.0512
6012,Shoes,55+,Other,New York,Facebook,45,795.29,0.0129
6013,Laptops,35-44,Female,California,Facebook,60,6501.86,0.0507
6014,Shoes,35-44,Female,New York,YouTube,7,6483.23,0.0518
6015,Laptops,55+,Male,California,Facebook,30,1139.54,0.0217
6016,Books,55+,Male,Florida,LinkedIn,7,4398.62,0.0526
6017,Books,25-34,Other,California,Instagram,60,9038.5,0.0372
6018,Furniture,45-54,Female,New York,Instagram,7,9557.67,0.0691
6019,Laptops,18-24,Other,Florida,Facebook,7,7931.0,0.0694
6020,Books,55+,Other,Illinois,Facebook,14,1938.98,0.0514
6021,Smartphones,55+,Female,California,Instagram,30,4059.84,0.0221
6022,Furniture,35-44,Female,Illinois,Facebook,60,2234.26,0.0489
6023,Shoes,45-54,Female,Florida,YouTube,14,6695.29,0.0614
6024,Furniture,55+,Female,California,Facebook,7,7844.87,0.0634
6025,Smartphones,45-54,Other,New York,Facebook,7,8895.77,0.0547
6026,Laptops,18-24,Other,California,YouTube,45,8676.16,0.0642
6027,Shoes,35-44,Other,New York,YouTube,14,1442.49,0.0425
6028,Shoes,25-34,Female,Texas,YouTube,60,1693.9,0.0424
6029,Laptops,18-24,Male,California,Instagram,60,9141.88,0.0481
6030,Furniture,45-54,Other,California,Facebook,60,8515.95,0.0543
6031,Books,45-54,Male,Illinois,YouTube,60,4873.59,0.0564
6032,Furniture,18-24,Male,Illinois,YouTube,7,4585.49,0.0547
6033,Smartphones,45-54,Male,Florida,Instagram,7,5751.6,0.0438
6034,Books,25-34,Female,New York,LinkedIn,14,6168.04,0.0492
6035,Furniture,25-34,Female,Illinois,Facebook,30,2915.06,0.0392
6036,Laptops,45-54,Other,Florida,LinkedIn,60,4335.55,0.028
6037,Smartphones,45-54,Other,New York,LinkedIn,7,6387.08,0.0498
6038,Smartphones,25-34,Female,New York,YouTube,14,2459.54,0.0647
6039,Smartphones,45-54,Female,New York,Instagram,60,9988.92,0.0406
6040,Books,55+,Male,Texas,Facebook,30,3187.92,0.0477
6041,Shoes,35-44,Female,New York,Facebook,60,5747.95,0.0384
6042,Books,55+,Female,Florida,Facebook,45,5764.52,0.0482
6043,Furniture,45-54,Female,New York,LinkedIn,60,4789.11,0.0399
6044,Shoes,45-54,Female,New York,Google Ads,45,2794.66,0.042
6045,Furniture,35-44,Male,Florida,Instagram,30,5870.85,0.0669
6046,Shoes,45-54,Other,California,Google Ads,45,1364.64,0.0438
6047,Books,35-44,Male,New York,LinkedIn,30,4175.8,0.0343
6048,Smartphones,25-34,Female,Florida,YouTube,14,2630.4,0.0699
6049,Laptops,35-44,Female,Illinois,Google Ads,45,1679.69,0.0762
6050,Smartphones,35-44,Other,Florida,Google Ads,60,9292.09,0.0735
6051,Books,55+,Other,Texas,Instagram,60,7149.46,0.0617
6052,Shoes,45-54,Other,Illinois,LinkedIn,14,2103.87,0.0148
6053,Smartphones,25-34,Male,California,Instagram,7,9519.26,0.0731
6054,Books,18-24,Other,California,YouTube,30,2551.93,0.0429
6055,Furniture,35-44,Female,Florida,Facebook,7,2738.33,0.0622
6056,Laptops,18-24,Female,Florida,LinkedIn,7,1766.07,0.0451
6057,Smartphones,45-54,Female,New York,YouTube,14,7414.6,0.0549
6058,Shoes,35-44,Male,New York,YouTube,14,5923.32,0.048
6059,Furniture,18-24,Other,Texas,Google Ads,45,1053.39,0.0511
6060,Books,55+,Other,New York,Instagram,45,740.35,0.0249
6061,Laptops,18-24,Other,Florida,Google Ads,45,5560.27,0.0691
6062,Shoes,55+,Other,Florida,Google Ads,45,6689.55,0.0612
6063,Books,25-34,Female,New York,Facebook,45,8317.3,0.0549
6064,Books,45-54,Male,Texas,Instagram,60,5043.59,0.0528
6065,Smartphones,18-24,Other,Florida,Facebook,14,6927.04,0.0794
6066,Smartphones,35-44,Female,Texas,YouTube,30,7469.73,0.0724
6067,Shoes,45-54,Female,Florida,Facebook,30,6324.0,0.0504
6068,Books,18-24,Male,Texas,YouTube,30,3846.05,0.0486
6069,Smartphones,35-44,Other,Texas,Google Ads,30,1753.01,0.0482
6070,Laptops,35-44,Male,Texas,Facebook,30,6651.62,0.065
6071,Laptops,35-44,Other,New York,Instagram,60,7802.62,0.0593
6072,Books,35-44,Male,California,Facebook,14,2303.36,0.0418
6073,Smartphones,18-24,Other,Texas,YouTube,45,5201.23,0.0671
6074,Shoes,25-34,Other,Texas,LinkedIn,45,4273.83,0.0472
6075,Shoes,55+,Male,Florida,Instagram,45,2454.18,0.0291
6076,Shoes,55+,Other,California,YouTube,14,2830.47,0.0461
6077,Laptops,55+,Male,Florida,LinkedIn,14,2757.9,0.044
6078,Smartphones,25-34,Male,Florida,Instagram,60,4479.84,0.0543
6079,Smartphones,35-44,Other,Texas,LinkedIn,60,4209.39,0.0296
6080,Laptops,35-44,Other,Illinois,Google Ads,45,5764.7,0.0712
6081,Shoes,45-54,Male,California,Google Ads,14,1385.5,0.0475
6082,Shoes,55+,Female,Florida,Facebook,45,6021.88,0.0453
6083,Books,55+,Male,Illinois,Facebook,60,707.54,0.0326
6084,Furniture,35-44,Female,Illinois,Facebook,45,2945.06,0.0588
6085,Smartphones,55+,Female,Florida,Facebook,60,5270.31,0.0246
6086,Smartphones,35-44,Male,Texas,LinkedIn,7,7025.89,0.0562
6087,Smartphones,35-44,Male,New York,Instagram,30,7827.02,0.0476
6088,Furniture,35-44,Male,Florida,Instagram,7,837.83,0.054
6089,Books,18-24,Female,Texas,Facebook,45,5606.13,0.0487
6090,Furniture,18-24,Male,California,Google Ads,45,3867.15,0.0538
6091,Shoes,18-24,Male,Texas,YouTube,14,7101.63,0.0803
6092,Shoes,18-24,Other,Illinois,Facebook,30,3195.91,0.0615
6093,Smartphones,25-34,Other,California,Facebook,60,7565.37,0.062
6094,Laptops,45-54,Other,California,Google Ads,45,6221.25,0.0659
6095,Smartphones,45-54,Male,New York,YouTube,60,8001.89,0.0462
6096,Laptops,35-44,Male,New York,LinkedIn,60,9851.74,0.051
6097,Furniture,55+,Male,Florida,LinkedIn,60,9131.57,0.046
6098,Shoes,18-24,Female,Texas,YouTube,7,6136.26,0.0733
6099,Laptops,45-54,Female,Florida,YouTube,60,8990.74,0.0549
6100,Furniture,45-54,Other,New York,LinkedIn,14,1954.35,0.0302
6101,Shoes,18-24,Female,Illinois,Facebook,7,908.83,0.0549
6102,Laptops,25-34,Female,New York,Facebook,7,5564.77,0.0675
6103,Smartphones,25-34,Female,Texas,Google Ads,45,9756.51,0.0898
6104,Smartphones,45-54,Other,Illinois,YouTube,30,7242.5,0.0635
6105,Smartphones,25-34,Other,Florida,Facebook,30,3398.85,0.068
6106,Furniture,18-24,Female,Florida,Facebook,45,6853.33,0.0422
6107,Smartphones,45-54,Male,New York,Google Ads,30,879.12,0.0311
6108,Books,18-24,Other,New York,YouTube,60,4970.89,0.0501
6109,Shoes,25-34,Female,Florida,Google Ads,14,2753.93,0.0735
6110,Furniture,18-24,Male,Florida,Google Ads,60,967.38,0.0428
6111,Smartphones,25-34,Male,California,LinkedIn,30,2874.15,0.0454
6112,Shoes,25-34,Other,Texas,Google Ads,30,7363.37,0.0892
6113,Laptops,18-24,Male,California,YouTube,14,5736.29,0.0663
6114,Smartphones,25-34,Other,California,Facebook,7,722.63,0.0623
6115,Shoes,35-44,Female,Florida,Facebook,7,4392.51,0.058
6116,Books,18-24,Other,Texas,LinkedIn,14,7645.63,0.0441
6117,Laptops,35-44,Male,Florida,YouTube,7,9568.74,0.0868
6118,Books,18-24,Other,California,Facebook,30,8806.4,0.052
6119,Shoes,25-34,Other,California,Google Ads,7,514.44,0.0702
6120,Books,25-34,Female,Florida,Instagram,30,2577.67,0.0557
6121,Shoes,45-54,Male,New York,Instagram,45,2473.5,0.029
6122,Shoes,45-54,Other,New York,Instagram,60,4424.4,0.0201
6123,Books,35-44,Female,Florida,Instagram,7,6634.67,0.062
6124,Shoes,25-34,Female,Illinois,Google Ads,45,1954.16,0.073
6125,Smartphones,45-54,Female,Illinois,Facebook,7,9198.95,0.0698
6126,Shoes,25-34,Female,New York,LinkedIn,45,7882.61,0.0478
6127,Furniture,18-24,Female,Texas,Google Ads,14,4483.65,0.0617
6128,Shoes,45-54,Other,California,Facebook,45,6047.94,0.0311
6129,Furniture,35-44,Other,Texas,YouTube,30,5647.12,0.0651
6130,Shoes,45-54,Male,New York,Facebook,14,6031.19,0.0473
6131,Shoes,25-34,Other,Florida,Facebook,14,8671.09,0.0755
6132,Books,55+,Male,Illinois,Facebook,30,2401.14,0.0438
6133,Smartphones,55+,Male,New York,Google Ads,7,6995.28,0.0704
6134,Smartphones,25-34,Male,Texas,Facebook,14,1516.81,0.0647
6135,Laptops,18-24,Other,Texas,Facebook,7,4862.06,0.0659
6136,Books,45-54,Female,New York,YouTube,60,6540.47,0.0673
6137,Books,55+,Male,California,YouTube,45,618.77,0.0437
6138,Smartphones,18-24,Female,Texas,Instagram,45,1526.63,0.054
6139,Books,25-34,Male,California,Google Ads,30,1367.03,0.0607
6140,Smartphones,18-24,Other,California,Facebook,30,4059.58,0.0714
6141,Books,25-34,Male,Florida,Instagram,45,6409.09,0.0561
6142,Shoes,45-54,Other,New York,Instagram,60,9961.67,0.0344
6143,Smartphones,18-24,Female,New York,Google Ads,30,2913.75,0.0822
6144,Smartphones,45-54,Other,California,Instagram,60,1791.62,0.023
6145,Furniture,18-24,Female,Florida,Instagram,30,4440.25,0.035
6146,Books,25-34,Other,Texas,Google Ads,14,1886.77,0.0766
6147,Books,25-34,Male,Texas,LinkedIn,7,733.17,0.0356
6148,Smartphones,18-24,Male,New York,Instagram,45,5857.61,0.065
6149,Shoes,25-34,Other,California,YouTube,7,8855.94,0.0774
6150,Shoes,35-44,Female,Florida,Instagram,45,8678.08,0.0462
6151,Shoes,35-44,Female,Florida,Google Ads,30,1457.49,0.0523
6152,Books,45-54,Female,Texas,Google Ads,7,1901.03,0.0719
6153,Furniture,35-44,Other,Texas,LinkedIn,60,5165.65,0.0471
6154,Smartphones,35-44,Other,Illinois,LinkedIn,30,3993.31,0.0496
6155,Laptops,55+,Other,Illinois,YouTube,14,7179.21,0.0587
6156,Furniture,55+,Other,California,YouTube,7,5201.94,0.0661
6157,Laptops,55+,Female,Illinois,Instagram,7,691.12,0.0349
6158,Furniture,55+,Female,Florida,LinkedIn,14,3203.36,0.0435
6159,Shoes,25-34,Other,Illinois,YouTube,45,9064.17,0.0657
6160,Books,45-54,Other,New York,Instagram,30,5359.33,0.0598
6161,Laptops,45-54,Female,New York,Facebook,14,8080.51,0.0609
6162,Furniture,35-44,Female,Texas,Instagram,60,4321.81,0.0491
6163,Books,45-54,Male,Texas,YouTube,30,6931.15,0.0681
6164,Laptops,35-44,Other,California,Instagram,14,2105.53,0.0479
6165,Smartphones,45-54,Male,New York,Facebook,14,7497.07,0.0525
6166,Furniture,18-24,Female,California,YouTube,7,7972.52,0.0605
6167,Smartphones,18-24,Female,California,Instagram,7,1356.33,0.0585
6168,Shoes,45-54,Other,Illinois,YouTube,7,2241.45,0.0399
6169,Smartphones,25-34,Male,Texas,Instagram,30,4897.45,0.0567
6170,Smartphones,35-44,Female,California,Google Ads,45,6555.65,0.071
6171,Furniture,45-54,Male,California,YouTube,30,6556.17,0.0677
6172,Shoes,35-44,Male,Texas,YouTube,7,6847.93,0.0611
6173,Smartphones,55+,Male,Texas,YouTube,7,7286.94,0.0632
6174,Books,45-54,Male,New York,YouTube,30,5304.78,0.0489
6175,Laptops,25-34,Male,Texas,Instagram,14,5961.13,0.0678
6176,Smartphones,55+,Other,Illinois,LinkedIn,14,579.86,0.0047
6177,Shoes,45-54,Other,New York,Instagram,7,2082.71,0.0384
6178,Smartphones,18-24,Male,California,Facebook,7,5236.36,0.0704
6179,Laptops,45-54,Other,Illinois,Google Ads,45,7583.13,0.0764
6180,Shoes,18-24,Female,Illinois,Instagram,14,8184.79,0.0713
6181,Furniture,18-24,Male,New York,Instagram,45,7424.97,0.0416
6182,Shoes,45-54,Other,California,YouTube,7,5120.83,0.0405
6183,Furniture,45-54,Other,New York,Facebook,7,3172.14,0.0636
6184,Shoes,18-24,Female,Florida,YouTube,45,4724.8,0.0666
6185,Laptops,35-44,Female,Florida,YouTube,45,588.3,0.0466
6186,Laptops,55+,Female,New York,LinkedIn,7,6180.61,0.0424
6187,Shoes,25-34,Female,California,Google Ads,60,1208.39,0.0458
6188,Smartphones,45-54,Male,California,LinkedIn,7,1881.21,0.0331
6189,Laptops,55+,Other,Texas,YouTube,14,6446.78,0.062
6190,Furniture,55+,Other,Illinois,Google Ads,7,626.81,0.0628
6191,Furniture,35-44,Female,New York,Instagram,30,5948.78,0.061
6192,Books,55+,Other,Illinois,Facebook,7,6564.61,0.0704
6193,Furniture,45-54,Other,Illinois,LinkedIn,60,7988.61,0.0538
6194,Books,55+,Other,Florida,Facebook,14,1146.29,0.0494
6195,Shoes,45-54,Female,Florida,YouTube,7,527.85,0.0423
6196,Shoes,45-54,Other,New York,Google Ads,45,7785.15,0.0647
6197,Shoes,18-24,Other,New York,Instagram,14,3255.51,0.0588
6198,Smartphones,35-44,Other,California,Google Ads,14,8928.45,0.0918
6199,Smartphones,25-34,Male,New York,Facebook,60,2257.2,0.0463
6200,Books,18-24,Male,California,Facebook,45,6062.3,0.0474
6201,Furniture,25-34,Other,California,Instagram,30,1539.39,0.0381
6202,Furniture,45-54,Other,New York,Instagram,7,4325.56,0.0581
6203,Shoes,18-24,Other,California,Google Ads,30,8879.61,0.0978
6204,Laptops,55+,Other,Illinois,LinkedIn,45,6279.3,0.0335
6205,Smartphones,55+,Other,California,Google Ads,14,7051.36,0.0687
6206,Smartphones,25-34,Other,Illinois,Facebook,60,2646.72,0.0418
6207,Shoes,45-54,Male,Illinois,Google Ads,60,9266.13,0.0519
6208,Smartphones,25-34,Female,Illinois,YouTube,14,6423.08,0.0781
6209,Shoes,35-44,Other,Texas,Google Ads,60,1505.91,0.0486
6210,Books,55+,Other,Texas,Google Ads,30,647.75,0.0634
6211,Furniture,18-24,Other,California,YouTube,14,651.26,0.0135
6212,Laptops,18-24,Female,New York,Facebook,7,986.51,0.0521
6213,Furniture,18-24,Other,California,Instagram,7,9160.35,0.0464
6214,Furniture,55+,Other,Texas,Google Ads,45,3904.6,0.0781
6215,Books,45-54,Female,Florida,LinkedIn,14,3333.21,0.0417
6216,Smartphones,55+,Other,Florida,Instagram,30,4457.18,0.0369
6217,Laptops,55+,Female,California,LinkedIn,14,4390.93,0.0366
6218,Smartphones,18-24,Female,Texas,Google Ads,14,2765.69,0.0889
6219,Furniture,55+,Other,Illinois,LinkedIn,30,1372.37,0.0331
6220,Shoes,18-24,Male,Texas,Instagram,60,1531.95,0.0377
6221,Furniture,45-54,Male,California,LinkedIn,30,6192.29,0.0521
6222,Smartphones,35-44,Other,Texas,LinkedIn,14,4269.93,0.0418
6223,Furniture,18-24,Female,Florida,Instagram,14,9073.33,0.0452
6224,Shoes,25-34,Female,Illinois,Instagram,14,4905.5,0.0595
6225,Books,35-44,Female,California,Instagram,14,5283.17,0.0532
6226,Smartphones,45-54,Other,California,Instagram,45,9318.33,0.0407
6227,Furniture,35-44,Male,New York,YouTube,60,5265.59,0.0655
6228,Smartphones,18-24,Female,Illinois,Google Ads,14,5268.83,0.0923
6229,Books,45-54,Female,California,Instagram,45,3950.05,0.0438
6230,Furniture,25-34,Other,Texas,Facebook,14,7248.91,0.0624
6231,Furniture,18-24,Male,Texas,LinkedIn,60,4226.16,0.0146
6232,Smartphones,18-24,Male,Texas,Instagram,60,6089.06,0.0635
6233,Smartphones,45-54,Other,Texas,Instagram,30,4750.26,0.0474
6234,Shoes,45-54,Male,California,Google Ads,45,5523.08,0.059
6235,Books,35-44,Other,Florida,Instagram,60,8356.76,0.0546
6236,Shoes,25-34,Female,Illinois,YouTube,7,4430.46,0.0726
6237,Furniture,35-44,Other,Texas,Facebook,14,2685.74,0.0585
6238,Smartphones,35-44,Female,California,Facebook,60,5918.04,0.0444
6239,Furniture,18-24,Other,California,Instagram,45,9406.33,0.045
6240,Furniture,45-54,Female,Texas,Google Ads,45,7085.51,0.0813
6241,Laptops,18-24,Female,New York,Instagram,45,3429.45,0.0443
6242,Laptops,25-34,Other,California,LinkedIn,30,9648.44,0.0595
6243,Furniture,35-44,Female,Illinois,Facebook,14,3755.81,0.0589
6244,Smartphones,25-34,Male,Illinois,LinkedIn,7,9840.91,0.0708
6245,Furniture,45-54,Other,New York,YouTube,45,2323.9,0.048
6246,Laptops,45-54,Male,California,Facebook,14,9996.67,0.0627
6247,Smartphones,55+,Female,New York,Facebook,45,1221.1,0.0143
6248,Furniture,25-34,Female,California,YouTube,45,7275.78,0.0581
6249,Books,18-24,Female,California,LinkedIn,7,7534.2,0.0491
6250,Books,25-34,Other,New York,Instagram,14,6955.96,0.0573
6251,Furniture,35-44,Female,Florida,Google Ads,45,7887.26,0.088
6252,Smartphones,45-54,Male,Texas,LinkedIn,30,4982.41,0.0334
6253,Furniture,45-54,Male,Texas,YouTube,45,1014.08,0.0426
6254,Furniture,25-34,Other,Texas,YouTube,14,3898.66,0.0623
6255,Laptops,25-34,Male,New York,YouTube,60,6601.99,0.0661
6256,Books,25-34,Other,California,Facebook,45,6639.35,0.0548
6257,Laptops,35-44,Other,California,Instagram,30,2354.34,0.0472
6258,Laptops,35-44,Female,Illinois,Facebook,30,2903.55,0.0496
6259,Furniture,18-24,Male,California,Facebook,45,5123.63,0.0333
6260,Laptops,25-34,Male,Florida,Facebook,14,7421.8,0.0664
6261,Books,18-24,Male,Texas,YouTube,45,8601.58,0.0589
6262,Laptops,55+,Female,Florida,LinkedIn,30,1321.61,0.0255
6263,Books,35-44,Other,Texas,Google Ads,45,9293.39,0.0716
6264,Laptops,45-54,Male,New York,Google Ads,30,9313.45,0.0856
6265,Books,55+,Male,Florida,Instagram,60,575.37,0.0254
6266,Laptops,45-54,Male,California,Instagram,45,5310.89,0.0529
6267,Laptops,55+,Male,Texas,YouTube,7,6077.87,0.0557
6268,Smartphones,18-24,Female,Illinois,Google Ads,45,5760.28,0.0815
6269,Books,18-24,Other,Florida,LinkedIn,30,6349.83,0.0431
6270,Books,35-44,Male,New York,YouTube,14,5281.84,0.0617
6271,Books,45-54,Male,Illinois,Instagram,30,3291.17,0.0473
6272,Shoes,55+,Other,New York,YouTube,60,1409.19,0.0192
6273,Laptops,25-34,Female,Texas,Instagram,14,2479.6,0.0566
6274,Books,25-34,Female,Florida,Google Ads,7,7532.42,0.082
6275,Shoes,35-44,Female,New York,YouTube,7,2790.1,0.056
6276,Smartphones,45-54,Female,Illinois,Facebook,60,8382.25,0.0519
6277,Books,25-34,Male,Illinois,Instagram,60,4333.14,0.0308
6278,Books,35-44,Other,California,Facebook,60,4437.52,0.0559
6279,Shoes,35-44,Other,New York,Instagram,60,8750.74,0.0466
6280,Laptops,45-54,Other,Florida,Facebook,45,2535.74,0.043
6281,Smartphones,25-34,Female,Florida,Google Ads,30,2301.38,0.0728
6282,Books,25-34,Female,California,Google Ads,45,9861.36,0.0772
6283,Laptops,25-34,Other,Illinois,LinkedIn,14,5635.74,0.0615
6284,Smartphones,18-24,Male,New York,LinkedIn,7,2309.95,0.0687
6285,Furniture,25-34,Female,Illinois,LinkedIn,7,2075.15,0.0522
6286,Furniture,55+,Male,New York,YouTube,14,8685.82,0.0592
6287,Smartphones,18-24,Other,New York,Instagram,7,6198.54,0.0697
6288,Shoes,18-24,Female,New York,YouTube,60,1592.86,0.0509
6289,Smartphones,18-24,Male,Illinois,LinkedIn,60,8925.63,0.0663
6290,Smartphones,18-24,Female,Illinois,Instagram,60,4717.1,0.057
6291,Shoes,35-44,Other,Illinois,YouTube,14,9898.89,0.0625
6292,Shoes,55+,Other,Texas,Google Ads,30,3176.72,0.0559
6293,Laptops,45-54,Other,Illinois,Instagram,14,5523.76,0.0505
6294,Laptops,25-34,Male,California,LinkedIn,30,2144.45,0.0445
6295,Shoes,18-24,Female,Texas,Google Ads,7,4677.21,0.108
6296,Furniture,45-54,Female,New York,Instagram,7,2177.11,0.057
6297,Furniture,35-44,Female,Florida,YouTube,7,3418.7,0.0778
6298,Smartphones,45-54,Other,Texas,LinkedIn,30,3063.72,0.0386
6299,Books,18-24,Male,Texas,YouTube,7,3189.39,0.0621
6300,Smartphones,55+,Other,New York,Google Ads,14,9713.35,0.0654
6301,Smartphones,45-54,Other,Illinois,Google Ads,30,865.24,0.0465
6302,Books,18-24,Male,Illinois,Google Ads,60,5220.18,0.0702
6303,Shoes,18-24,Other,Texas,Instagram,30,6477.84,0.0705
6304,Furniture,25-34,Other,Illinois,LinkedIn,14,6777.23,0.0444
6305,Smartphones,25-34,Female,Texas,Google Ads,14,7668.18,0.1017
6306,Books,55+,Male,Florida,YouTube,14,7729.17,0.0733
6307,Laptops,25-34,Male,Florida,LinkedIn,7,9577.28,0.0596
6308,Smartphones,55+,Female,New York,YouTube,60,7678.85,0.0341
6309,Furniture,35-44,Male,California,YouTube,60,8325.05,0.0662
6310,Shoes,35-44,Female,California,Google Ads,45,5557.0,0.069
6311,Smartphones,25-34,Other,Illinois,LinkedIn,14,6747.9,0.0618
6312,Smartphones,35-44,Male,California,Facebook,7,5042.18,0.0522
6313,Books,45-54,Male,Florida,Instagram,30,3125.96,0.0476
6314,Laptops,45-54,Other,New York,Facebook,7,3477.14,0.0539
6315,Laptops,45-54,Other,Florida,Instagram,14,3925.06,0.0503
6316,Shoes,35-44,Male,Texas,LinkedIn,7,3736.11,0.0451
6317,Furniture,45-54,Male,Illinois,Google Ads,14,5565.03,0.0851
6318,Shoes,55+,Male,Illinois,LinkedIn,30,2852.5,0.0243
6319,Smartphones,18-24,Female,California,Facebook,30,5408.1,0.0689
6320,Smartphones,25-34,Male,Texas,YouTube,60,9204.29,0.0851
6321,Laptops,55+,Male,California,Instagram,45,4356.66,0.0357
6322,Furniture,45-54,Other,California,Instagram,7,2615.14,0.051
6323,Books,18-24,Other,California,Facebook,45,3795.13,0.0418
6324,Furniture,25-34,Female,Texas,Google Ads,7,8830.43,0.0816
6325,Smartphones,55+,Other,California,LinkedIn,60,9446.13,0.0202
6326,Books,25-34,Male,Illinois,Facebook,60,8923.53,0.0617
6327,Furniture,35-44,Male,California,LinkedIn,30,3229.8,0.0466
6328,Furniture,45-54,Female,Texas,Google Ads,30,4184.53,0.0873
6329,Books,55+,Other,Texas,YouTube,30,9761.87,0.0671
6330,Smartphones,55+,Other,Florida,LinkedIn,7,3576.6,0.0268
6331,Furniture,18-24,Other,California,Google Ads,45,1809.67,0.0431
6332,Books,18-24,Female,Texas,Facebook,45,3179.89,0.0389
6333,Smartphones,18-24,Other,California,YouTube,30,9657.79,0.0712
6334,Books,25-34,Other,New York,YouTube,60,4450.82,0.0423
6335,Books,45-54,Other,Illinois,YouTube,45,9371.88,0.0666
6336,Furniture,25-34,Male,Illinois,Instagram,60,1488.78,0.0323
6337,Smartphones,45-54,Female,California,Google Ads,30,7777.53,0.0773
6338,Furniture,55+,Male,Illinois,LinkedIn,7,1386.76,0.0312
6339,Shoes,25-34,Female,Illinois,Facebook,14,2376.21,0.0486
6340,Shoes,25-34,Other,New York,YouTube,45,6352.97,0.052
6341,Smartphones,25-34,Male,Illinois,YouTube,30,4627.54,0.0712
6342,Books,35-44,Other,Illinois,YouTube,30,6833.41,0.0671
6343,Furniture,45-54,Other,Texas,Google Ads,45,9747.36,0.0813
6344,Furniture,45-54,Female,Illinois,Facebook,14,1000.78,0.0443
6345,Smartphones,25-34,Other,California,Google Ads,7,2320.45,0.0764
6346,Smartphones,35-44,Male,Illinois,Facebook,45,6582.13,0.0518
6347,Shoes,25-34,Female,California,LinkedIn,7,9017.0,0.0523
6348,Laptops,45-54,Female,Illinois,Instagram,30,8077.66,0.0545
6349,Smartphones,55+,Male,California,Facebook,45,4923.03,0.0235
6350,Laptops,35-44,Other,Illinois,Google Ads,7,7582.01,0.0897
6351,Smartphones,35-44,Other,California,Google Ads,60,2476.93,0.0535
6352,Books,25-34,Other,Illinois,Google Ads,60,630.44,0.0513
6353,Books,55+,Other,New York,Instagram,60,5915.16,0.0564
6354,Shoes,45-54,Other,Texas,Facebook,7,8225.82,0.0542
6355,Shoes,18-24,Female,Texas,Facebook,60,4617.71,0.0602
6356,Laptops,45-54,Female,Texas,Facebook,30,5907.86,0.0427
6357,Smartphones,45-54,Male,Texas,Facebook,7,4510.72,0.063
6358,Furniture,55+,Other,New York,YouTube,30,5383.36,0.0474
6359,Shoes,35-44,Other,New York,YouTube,14,8901.29,0.0622
6360,Furniture,45-54,Other,Illinois,Google Ads,7,5042.33,0.0712
6361,Furniture,35-44,Male,New York,YouTube,60,571.02,0.0344
6362,Smartphones,55+,Other,Texas,Facebook,60,8098.56,0.0494
6363,Laptops,55+,Female,Florida,Facebook,14,6368.31,0.0604
6364,Smartphones,25-34,Other,Illinois,YouTube,45,7438.74,0.0756
6365,Shoes,18-24,Male,California,LinkedIn,14,9060.33,0.0637
6366,Furniture,55+,Female,Texas,Google Ads,60,3219.04,0.0741
6367,Smartphones,55+,Female,Texas,Instagram,60,5279.16,0.0323
6368,Smartphones,35-44,Female,Texas,Google Ads,45,6223.59,0.0776
6369,Smartphones,55+,Other,New York,Google Ads,14,3781.22,0.0724
6370,Shoes,45-54,Male,California,Google Ads,30,8537.64,0.0727
6371,Laptops,25-34,Male,Illinois,YouTube,14,7126.88,0.0745
6372,Smartphones,25-34,Other,Texas,Google Ads,30,7467.37,0.0925
6373,Shoes,45-54,Male,California,Facebook,60,8176.07,0.0465
6374,Furniture,55+,Female,Florida,Google Ads,60,2951.8,0.067
6375,Books,18-24,Female,New York,Facebook,14,7583.6,0.0614
6376,Shoes,55+,Male,Texas,YouTube,60,7851.17,0.0523
6377,Books,25-34,Male,California,YouTube,45,8502.73,0.0755
6378,Smartphones,18-24,Other,California,Google Ads,7,5141.11,0.0861
6379,Smartphones,35-44,Other,Texas,Facebook,30,5289.8,0.0595
6380,Shoes,35-44,Other,California,Facebook,60,1432.69,0.0283
6381,Books,55+,Other,California,Facebook,30,8595.15,0.0619
6382,Smartphones,55+,Other,Illinois,Facebook,14,5568.14,0.04
6383,Furniture,18-24,Other,New York,Instagram,45,6147.13,0.0413
6384,Laptops,18-24,Female,Illinois,YouTube,30,1653.69,0.0431
6385,Laptops,55+,Male,New York,Facebook,60,6217.31,0.0283
6386,Smartphones,25-34,Other,New York,Instagram,7,898.89,0.0429
6387,Books,35-44,Female,Illinois,Instagram,45,9270.48,0.0467
6388,Smartphones,18-24,Male,Texas,YouTube,14,8703.61,0.0823
6389,Books,25-34,Male,California,LinkedIn,60,2346.02,0.0197
6390,Furniture,55+,Male,Florida,Google Ads,45,6141.11,0.0759
6391,Books,45-54,Other,Illinois,YouTube,60,6225.64,0.0684
6392,Smartphones,18-24,Other,Illinois,LinkedIn,14,8132.61,0.065
6393,Furniture,45-54,Other,Texas,Google Ads,14,7690.74,0.097
6394,Shoes,25-34,Male,California,Google Ads,7,9935.81,0.0943
6395,Laptops,35-44,Male,Illinois,Google Ads,45,3832.99,0.0586
6396,Smartphones,25-34,Female,Florida,Instagram,7,1684.01,0.0528
6397,Smartphones,35-44,Female,California,Facebook,7,5947.98,0.0552
6398,Smartphones,25-34,Female,Illinois,Google Ads,7,7757.92,0.096
6399,Furniture,18-24,Female,Illinois,Facebook,30,3215.04,0.0371
6400,Shoes,18-24,Male,New York,Google Ads,14,2743.96,0.083
6401,Books,45-54,Other,New York,Instagram,7,8123.32,0.0589
6402,Shoes,25-34,Other,Illinois,Google Ads,30,7660.36,0.08
6403,Furniture,25-34,Other,Texas,YouTube,30,2432.22,0.0438
6404,Smartphones,45-54,Other,New York,LinkedIn,30,8758.07,0.0389
6405,Laptops,55+,Female,Illinois,Google Ads,7,1779.93,0.0574
6406,Smartphones,25-34,Male,California,LinkedIn,30,1537.78,0.0408
6407,Books,25-34,Other,Florida,LinkedIn,7,3835.52,0.0536
6408,Laptops,25-34,Male,New York,Instagram,45,8922.06,0.0559
6409,Smartphones,55+,Female,Illinois,LinkedIn,14,7106.68,0.0386
6410,Laptops,18-24,Female,New York,Instagram,60,4249.83,0.038
6411,Shoes,45-54,Other,California,Google Ads,7,1993.88,0.049
6412,Furniture,55+,Other,Texas,Facebook,14,7278.03,0.0604
6413,Smartphones,35-44,Female,Illinois,Instagram,7,6191.9,0.0443
6414,Books,35-44,Female,California,LinkedIn,45,9882.99,0.0459
6415,Shoes,55+,Male,Florida,LinkedIn,14,7772.81,0.0364
6416,Smartphones,55+,Female,Illinois,Google Ads,14,1470.18,0.0437
6417,Shoes,18-24,Male,Florida,Instagram,30,7418.04,0.0753
6418,Books,35-44,Female,Texas,Google Ads,7,2945.75,0.0817
6419,Smartphones,45-54,Male,Illinois,Instagram,7,9638.01,0.0587
6420,Books,25-34,Female,Illinois,Facebook,60,683.1,0.0335
6421,Laptops,25-34,Female,California,YouTube,30,2764.33,0.0571
6422,Books,18-24,Male,New York,Google Ads,30,5240.48,0.0681
6423,Laptops,18-24,Male,Illinois,LinkedIn,60,1251.15,0.0284
6424,Smartphones,35-44,Other,Texas,Google Ads,30,3768.6,0.0754
6425,Laptops,45-54,Other,Illinois,Instagram,30,5223.73,0.0543
6426,Smartphones,45-54,Female,Illinois,Google Ads,45,4745.87,0.06
6427,Smartphones,55+,Female,Illinois,Facebook,14,4875.56,0.0364
6428,Furniture,18-24,Male,Illinois,Instagram,60,8850.72,0.0365
6429,Smartphones,25-34,Female,Texas,LinkedIn,45,5300.26,0.0481
6430,Laptops,25-34,Other,California,LinkedIn,45,9439.95,0.0556
6431,Furniture,35-44,Male,New York,Instagram,45,1903.45,0.0445
6432,Furniture,25-34,Female,Texas,Facebook,30,3162.43,0.0498
6433,Smartphones,45-54,Male,Texas,Google Ads,60,6736.9,0.0604
6434,Books,45-54,Other,Florida,YouTube,30,3189.66,0.0676
6435,Books,18-24,Other,New York,LinkedIn,30,3799.12,0.0401
6436,Furniture,35-44,Other,California,Facebook,45,9059.77,0.0598
6437,Smartphones,25-34,Female,California,Facebook,7,5616.31,0.0594
6438,Books,18-24,Female,Florida,Facebook,60,3679.28,0.0428
6439,Smartphones,55+,Female,Florida,Google Ads,60,7878.76,0.0658
6440,Smartphones,55+,Female,Texas,Facebook,45,1171.32,0.0151
6441,Furniture,25-34,Female,California,Facebook,45,5854.79,0.0506
6442,Furniture,25-34,Female,California,Instagram,14,1446.86,0.0332
6443,Shoes,25-34,Other,California,Instagram,45,2180.08,0.0339
6444,Books,45-54,Other,Texas,Facebook,30,1093.23,0.0515
6445,Books,25-34,Female,California,Facebook,45,9065.99,0.0591
6446,Books,55+,Other,Illinois,Instagram,60,957.94,0.0336
6447,Laptops,25-34,Male,Florida,Google Ads,7,5405.96,0.0941
6448,Smartphones,35-44,Female,Florida,Instagram,7,2637.29,0.0545
6449,Furniture,55+,Male,Florida,Instagram,30,4144.09,0.0426
6450,Books,35-44,Female,Florida,Instagram,7,5189.73,0.0623
6451,Shoes,55+,Female,Illinois,Instagram,45,4775.57,0.0399
6452,Books,18-24,Other,New York,YouTube,7,7606.83,0.0673
6453,Smartphones,55+,Male,California,LinkedIn,45,9162.89,0.0136
6454,Smartphones,55+,Other,Florida,Google Ads,14,3352.59,0.0537
6455,Furniture,35-44,Female,California,Google Ads,60,733.13,0.0607
6456,Laptops,35-44,Male,California,Facebook,30,8992.48,0.0595
6457,Furniture,55+,Female,Illinois,YouTube,14,9798.45,0.0796
6458,Books,55+,Other,California,Facebook,7,4616.84,0.0748
6459,Shoes,45-54,Female,Florida,Google Ads,30,4829.99,0.0628
6460,Furniture,18-24,Female,California,Google Ads,45,1869.48,0.0379
6461,Laptops,18-24,Other,Illinois,Facebook,14,5017.47,0.0527
6462,Furniture,25-34,Female,Florida,LinkedIn,60,3381.82,0.0373
6463,Smartphones,55+,Male,Illinois,Facebook,60,9946.61,0.036
6464,Books,55+,Other,Texas,LinkedIn,14,2256.06,0.0457
6465,Books,55+,Female,New York,LinkedIn,14,4096.57,0.0427
6466,Books,55+,Other,California,Instagram,14,6356.77,0.0589
6467,Books,18-24,Female,California,Google Ads,7,3778.67,0.066
6468,Books,35-44,Other,California,Instagram,60,5007.02,0.0313
6469,Books,45-54,Other,Texas,Google Ads,60,9748.09,0.0763
6470,Shoes,35-44,Male,New York,Instagram,7,5326.68,0.0536
6471,Laptops,35-44,Other,Illinois,LinkedIn,30,9148.04,0.0641
6472,Books,18-24,Male,Texas,Instagram,60,909.29,0.0255
6473,Laptops,45-54,Other,Texas,YouTube,30,1638.27,0.0474
6474,Books,55+,Other,Florida,Instagram,30,9472.86,0.0692
6475,Furniture,18-24,Female,Texas,Instagram,30,1722.95,0.0384
6476,Books,18-24,Female,Texas,Instagram,60,7497.24,0.041
6477,Smartphones,45-54,Female,California,YouTube,45,4737.03,0.0357
6478,Shoes,25-34,Other,Florida,Google Ads,30,4364.11,0.0788
6479,Furniture,18-24,Other,Illinois,Instagram,45,6762.59,0.0379
6480,Furniture,35-44,Male,New York,Google Ads,7,7412.21,0.0899
6481,Smartphones,35-44,Male,Illinois,Facebook,45,9353.71,0.0484
6482,Books,55+,Male,Florida,LinkedIn,45,2940.41,0.0483
6483,Shoes,18-24,Female,California,Facebook,14,7131.76,0.0711
6484,Furniture,55+,Female,New York,YouTube,30,3751.72,0.0577
6485,Shoes,18-24,Male,Illinois,YouTube,60,7317.29,0.079
6486,Furniture,45-54,Other,New York,Google Ads,14,1850.1,0.0625
6487,Books,18-24,Female,New York,Google Ads,45,4846.65,0.0532
6488,Furniture,25-34,Female,New York,Instagram,7,2244.48,0.0472
6489,Furniture,35-44,Male,Texas,Facebook,60,3696.24,0.0415
6490,Laptops,45-54,Female,Florida,Google Ads,7,7298.48,0.0805
6491,Books,35-44,Male,Florida,Google Ads,45,2716.82,0.0648
6492,Smartphones,55+,Female,California,Google Ads,7,7006.4,0.0676
6493,Smartphones,45-54,Other,Illinois,LinkedIn,14,5211.43,0.0351
6494,Books,25-34,Other,California,Google Ads,7,1374.35,0.0674
6495,Smartphones,35-44,Female,Illinois,LinkedIn,14,4173.6,0.0382
6496,Books,18-24,Male,New York,YouTube,30,8757.46,0.053
6497,Smartphones,18-24,Female,Illinois,Instagram,60,9898.26,0.0666
6498,Laptops,18-24,Male,Illinois,Facebook,7,4004.75,0.0585
6499,Smartphones,45-54,Female,New York,Google Ads,14,1021.31,0.0522
6500,Furniture,25-34,Other,California,LinkedIn,45,1736.78,0.0338
6501,Books,25-34,Other,Illinois,Google Ads,45,7987.41,0.0842
6502,Shoes,25-34,Female,California,Google Ads,14,6729.98,0.0859
6503,Shoes,35-44,Female,California,LinkedIn,60,3207.61,0.028
6504,Books,45-54,Female,Florida,Google Ads,30,4217.34,0.0803
6505,Laptops,18-24,Other,New York,Facebook,30,8205.93,0.0647
6506,Smartphones,35-44,Other,New York,YouTube,60,4424.54,0.0489
6507,Laptops,25-34,Male,Texas,Instagram,7,7679.85,0.0673
6508,Shoes,18-24,Female,California,Google Ads,14,3304.45,0.0785
6509,Books,45-54,Female,Texas,LinkedIn,30,7385.71,0.0623
6510,Books,55+,Other,New York,Facebook,60,4930.78,0.0489
6511,Laptops,25-34,Female,New York,Google Ads,30,5680.87,0.0907
6512,Laptops,25-34,Male,Texas,YouTube,30,6187.96,0.0646
6513,Smartphones,25-34,Female,New York,YouTube,7,4780.46,0.0784
6514,Furniture,25-34,Other,New York,LinkedIn,30,4928.29,0.0369
6515,Furniture,18-24,Female,Florida,Google Ads,14,3024.23,0.0615
6516,Smartphones,45-54,Other,Illinois,Google Ads,60,9864.76,0.0577
6517,Furniture,35-44,Male,Florida,Google Ads,7,9105.24,0.0867
6518,Shoes,18-24,Male,Illinois,YouTube,7,5510.14,0.0884
6519,Furniture,45-54,Female,Florida,Google Ads,60,828.98,0.0559
6520,Smartphones,35-44,Female,Florida,Google Ads,14,2100.07,0.0753
6521,Furniture,25-34,Other,California,Google Ads,30,8612.38,0.0723
6522,Books,45-54,Male,Texas,Google Ads,30,9342.71,0.0942
6523,Laptops,25-34,Male,Florida,LinkedIn,14,2032.27,0.0445
6524,Shoes,45-54,Male,California,YouTube,45,7477.93,0.0395
6525,Books,55+,Male,Florida,Instagram,60,6418.72,0.059
6526,Books,25-34,Female,Texas,LinkedIn,14,3382.16,0.0519
6527,Smartphones,25-34,Female,California,Google Ads,30,4642.87,0.0826
6528,Laptops,25-34,Other,Illinois,Instagram,60,6934.06,0.0532
6529,Laptops,18-24,Male,Texas,Facebook,60,1462.31,0.0262
6530,Shoes,35-44,Female,New York,Instagram,30,2295.91,0.0279
6531,Smartphones,25-34,Female,California,LinkedIn,14,816.49,0.0327
6532,Shoes,25-34,Male,New York,YouTube,45,9070.92,0.0636
6533,Furniture,18-24,Female,California,LinkedIn,60,5952.01,0.027
6534,Books,18-24,Other,Illinois,YouTube,60,5472.56,0.0495
6535,Shoes,55+,Other,California,YouTube,60,7209.29,0.0259
6536,Books,45-54,Male,Florida,YouTube,14,9889.33,0.0635
6537,Smartphones,25-34,Other,New York,Facebook,60,2136.25,0.0389
6538,Furniture,45-54,Female,New York,Instagram,30,1764.51,0.0407
6539,Smartphones,18-24,Other,California,LinkedIn,30,3300.51,0.0531
6540,Furniture,18-24,Female,Florida,LinkedIn,7,9087.47,0.035
6541,Furniture,55+,Male,Florida,YouTube,60,4408.88,0.0454
6542,Books,35-44,Male,California,Facebook,45,8038.22,0.0584
6543,Smartphones,18-24,Female,Texas,Facebook,7,2427.82,0.0766
6544,Smartphones,25-34,Female,Illinois,Google Ads,60,5189.25,0.0638
6545,Shoes,55+,Other,California,Facebook,60,1710.97,0.0124
6546,Smartphones,35-44,Female,Florida,YouTube,14,4422.53,0.0699
6547,Shoes,55+,Male,Illinois,YouTube,14,2991.68,0.0486
6548,Laptops,18-24,Female,California,Instagram,30,5719.6,0.0447
6549,Laptops,35-44,Other,Illinois,YouTube,7,7913.86,0.0829
6550,Laptops,45-54,Other,Texas,Instagram,7,9414.52,0.0634
6551,Smartphones,35-44,Female,Florida,Facebook,7,3196.51,0.0594
6552,Smartphones,25-34,Other,Texas,Google Ads,30,7559.75,0.0854
6553,Shoes,45-54,Other,Texas,LinkedIn,45,8913.13,0.0397
6554,Furniture,45-54,Male,Florida,YouTube,45,1686.09,0.0467
6555,Shoes,25-34,Female,Texas,Facebook,45,6066.36,0.0559
6556,Laptops,45-54,Male,California,YouTube,7,6312.54,0.0604
6557,Shoes,18-24,Male,California,Instagram,60,3087.66,0.0486
6558,Furniture,35-44,Other,Illinois,Facebook,7,713.89,0.0653
6559,Smartphones,35-44,Male,California,LinkedIn,60,2938.68,0.0416
6560,Shoes,25-34,Female,California,Instagram,14,6054.98,0.0566
6561,Laptops,18-24,Female,Illinois,Facebook,30,2366.21,0.0554
6562,Laptops,45-54,Female,New York,LinkedIn,45,3229.78,0.0224
6563,Smartphones,35-44,Male,Florida,Instagram,7,7225.26,0.0642
6564,Shoes,35-44,Female,California,LinkedIn,7,4284.0,0.0355
6565,Furniture,35-44,Female,Illinois,Facebook,14,1121.54,0.0494
6566,Smartphones,35-44,Male,Texas,Instagram,60,4292.08,0.0584
6567,Shoes,55+,Male,Texas,Google Ads,45,9997.81,0.0631
6568,Books,25-34,Male,California,YouTube,30,2979.99,0.048
6569,Laptops,45-54,Male,Florida,Google Ads,60,3019.94,0.0535
6570,Furniture,45-54,Other,Illinois,LinkedIn,60,2113.92,0.0294
6571,Furniture,25-34,Male,Illinois,Facebook,45,3080.56,0.035
6572,Furniture,18-24,Male,Illinois,YouTube,30,5960.16,0.0481
6573,Laptops,25-34,Female,Illinois,Facebook,45,9663.72,0.0662
6574,Shoes,35-44,Female,Illinois,LinkedIn,45,6273.11,0.0396
6575,Smartphones,35-44,Male,Florida,Facebook,7,4393.55,0.0588
6576,Shoes,25-34,Male,Illinois,Instagram,30,4201.52,0.0503
6577,Smartphones,25-34,Male,Florida,Instagram,60,730.15,0.0328
6578,Furniture,45-54,Female,Florida,LinkedIn,45,524.15,0.0307
6579,Shoes,45-54,Female,Florida,Facebook,14,8073.34,0.0541
6580,Furniture,55+,Male,Texas,LinkedIn,30,5156.53,0.0432
6581,Books,55+,Female,New York,YouTube,14,815.49,0.0492
6582,Furniture,35-44,Female,California,Facebook,60,3217.26,0.0565
6583,Furniture,55+,Male,Texas,Instagram,30,3888.48,0.0626
6584,Smartphones,55+,Female,New York,Google Ads,7,7941.24,0.0657
6585,Books,18-24,Male,Texas,Instagram,30,4626.67,0.0444
6586,Furniture,25-34,Other,Florida,Facebook,60,7998.35,0.0526
6587,Furniture,45-54,Other,Florida,Facebook,7,6520.47,0.0784
6588,Books,55+,Other,Illinois,Facebook,60,814.79,0.0362
6589,Books,45-54,Female,Florida,Facebook,30,9702.54,0.0709
6590,Shoes,55+,Other,Texas,YouTube,60,2223.61,0.0265
6591,Smartphones,55+,Female,California,Google Ads,30,3118.39,0.0434
6592,Books,35-44,Male,Florida,Instagram,7,8188.29,0.0719
6593,Books,18-24,Other,New York,YouTube,30,2303.48,0.0465
6594,Laptops,25-34,Female,Texas,LinkedIn,60,4310.33,0.0474
6595,Books,25-34,Other,New York,Facebook,60,8717.42,0.0406
6596,Smartphones,35-44,Female,Illinois,Instagram,60,6554.09,0.0564
6597,Furniture,35-44,Female,Illinois,LinkedIn,14,3369.77,0.0537
6598,Furniture,25-34,Male,California,Google Ads,14,6618.47,0.0662
6599,Furniture,25-34,Female,Texas,Instagram,14,8219.93,0.0676
6600,Furniture,18-24,Female,California,YouTube,45,4336.95,0.034
6601,Laptops,55+,Other,New York,LinkedIn,30,5930.91,0.0339
6602,Books,18-24,Male,California,Instagram,14,9885.31,0.0541
6603,Furniture,25-34,Female,New York,YouTube,60,9663.35,0.0556
6604,Shoes,55+,Other,California,Facebook,60,5335.85,0.0286
6605,Furniture,25-34,Male,Illinois,Instagram,14,1413.34,0.0309
6606,Books,18-24,Female,Texas,Facebook,14,7156.48,0.0662
6607,Furniture,18-24,Other,California,LinkedIn,60,3051.9,0.0133
6608,Laptops,18-24,Male,New York,LinkedIn,14,6860.01,0.0521
6609,Smartphones,55+,Male,Texas,LinkedIn,45,3841.68,0.0288
6610,Smartphones,45-54,Male,Illinois,Facebook,45,7328.21,0.0462
6611,Books,45-54,Male,Illinois,Facebook,45,3989.56,0.0543
6612,Smartphones,25-34,Female,Florida,YouTube,7,9441.36,0.0753
6613,Smartphones,55+,Female,Texas,Instagram,45,1798.39,0.0182
6614,Shoes,35-44,Male,California,YouTube,60,1149.85,0.0303
6615,Books,45-54,Male,Illinois,Facebook,7,7921.39,0.0711
6616,Books,55+,Female,California,Instagram,60,4312.6,0.0479
6617,Smartphones,55+,Other,California,LinkedIn,60,4922.97,0.0264
6618,Smartphones,45-54,Male,New York,YouTube,14,9371.26,0.0588
6619,Smartphones,55+,Female,California,YouTube,30,6104.25,0.0462
6620,Laptops,55+,Female,Florida,YouTube,45,6771.62,0.0529
6621,Furniture,45-54,Other,Texas,Facebook,30,684.93,0.0434
6622,Laptops,18-24,Female,Texas,Instagram,30,6869.89,0.0562
6623,Books,25-34,Male,New York,LinkedIn,14,4189.35,0.0389
6624,Shoes,35-44,Female,Florida,Facebook,30,4872.04,0.0497
6625,Furniture,25-34,Male,Florida,LinkedIn,45,8176.48,0.0455
6626,Shoes,18-24,Female,Texas,Google Ads,7,5476.04,0.0946
6627,Books,18-24,Male,Florida,Google Ads,60,9875.27,0.063
6628,Books,55+,Male,Illinois,LinkedIn,45,8069.71,0.0521
6629,Shoes,25-34,Female,California,Google Ads,14,7421.62,0.0791
6630,Shoes,18-24,Male,California,Instagram,7,6092.52,0.0684
6631,Shoes,25-34,Female,Texas,Instagram,14,4417.77,0.0537
6632,Books,18-24,Female,Texas,Facebook,45,1002.29,0.0338
6633,Smartphones,35-44,Female,Florida,LinkedIn,60,675.71,0.0175
6634,Shoes,18-24,Male,New York,Facebook,30,944.21,0.0441
6635,Furniture,25-34,Female,Texas,Instagram,30,9608.95,0.0614
6636,Books,55+,Other,Texas,Instagram,14,3570.52,0.0621
6637,Laptops,25-34,Male,Texas,Instagram,7,7155.79,0.0694
6638,Laptops,45-54,Other,Florida,YouTube,60,6145.99,0.057
6639,Furniture,25-34,Other,Illinois,Google Ads,14,5930.84,0.0762
6640,Smartphones,35-44,Other,Texas,Facebook,60,6002.79,0.0517
6641,Shoes,35-44,Other,Illinois,Facebook,14,3371.81,0.048
6642,Books,35-44,Female,Florida,Instagram,7,8922.06,0.0625
6643,Shoes,18-24,Other,New York,YouTube,45,9232.46,0.0686
6644,Books,35-44,Male,California,Facebook,30,6622.99,0.064
6645,Laptops,25-34,Other,California,Facebook,60,8707.52,0.0664
6646,Shoes,55+,Other,California,YouTube,60,1069.82,0.0235
6647,Furniture,35-44,Other,California,Instagram,7,1453.72,0.0464
6648,Smartphones,25-34,Female,Florida,YouTube,60,5811.13,0.0735
6649,Furniture,18-24,Other,California,Google Ads,45,8541.82,0.0621
6650,Smartphones,18-24,Other,Florida,Facebook,45,3496.58,0.0649
6651,Shoes,55+,Other,New York,Google Ads,7,5706.53,0.074
6652,Shoes,55+,Male,Texas,Facebook,14,594.63,0.0209
6653,Smartphones,25-34,Female,Texas,Google Ads,14,9872.99,0.1016
6654,Laptops,55+,Female,Texas,Facebook,60,7786.32,0.0396
6655,Books,55+,Female,Florida,Instagram,60,3933.48,0.0458
6656,Furniture,18-24,Male,Florida,LinkedIn,7,9838.62,0.0603
6657,Furniture,25-34,Other,Florida,YouTube,45,1378.07,0.047
6658,Furniture,55+,Male,New York,Facebook,7,4909.67,0.0683
6659,Shoes,25-34,Female,Illinois,YouTube,14,1059.09,0.0569
6660,Furniture,35-44,Female,Florida,Facebook,45,3682.17,0.0599
6661,Books,18-24,Female,Florida,LinkedIn,60,2583.96,0.0242
6662,Books,18-24,Male,Texas,Instagram,14,3507.23,0.0555
6663,Smartphones,18-24,Female,California,Instagram,30,9500.39,0.0706
6664,Shoes,45-54,Other,California,YouTube,14,4558.28,0.0491
6665,Books,25-34,Male,New York,LinkedIn,45,3586.18,0.0326
6666,Laptops,35-44,Other,California,YouTube,45,6587.34,0.0606
6667,Shoes,55+,Female,Illinois,Instagram,7,6992.01,0.0456
6668,Shoes,35-44,Female,Texas,Google Ads,45,9845.8,0.0759
6669,Books,25-34,Male,New York,YouTube,30,5687.55,0.0589
6670,Laptops,18-24,Other,California,Facebook,30,7649.35,0.0474
6671,Smartphones,45-54,Male,California,Instagram,45,4130.57,0.036
6672,Books,25-34,Other,Texas,Facebook,60,2124.81,0.0393
6673,Laptops,25-34,Female,New York,LinkedIn,45,4583.44,0.023
6674,Shoes,55+,Male,Texas,Instagram,60,4478.37,0.0194
6675,Laptops,35-44,Male,New York,Instagram,45,4495.83,0.0448
6676,Shoes,35-44,Other,California,YouTube,14,7106.5,0.0675
6677,Books,55+,Female,Texas,YouTube,45,4356.45,0.067
6678,Books,45-54,Female,Texas,Facebook,14,9564.55,0.0685
6679,Furniture,18-24,Other,Illinois,YouTube,60,9836.12,0.0443
6680,Furniture,18-24,Other,Texas,Google Ads,45,5471.93,0.0646
6681,Furniture,45-54,Other,New York,Instagram,60,5805.22,0.0452
6682,Books,55+,Other,Illinois,LinkedIn,30,4372.45,0.0426
6683,Smartphones,25-34,Other,Texas,Instagram,7,3878.14,0.0698
6684,Books,35-44,Female,Texas,Facebook,60,9860.6,0.0662
6685,Laptops,25-34,Female,Illinois,YouTube,14,886.24,0.0508
6686,Books,35-44,Male,California,Instagram,7,4395.82,0.0578
6687,Books,25-34,Female,Texas,YouTube,45,1937.73,0.0487
6688,Shoes,55+,Other,Florida,Facebook,14,7399.66,0.0458
6689,Shoes,55+,Female,California,YouTube,7,2347.23,0.0462
6690,Shoes,45-54,Female,Texas,LinkedIn,7,8904.13,0.0434
6691,Books,25-34,Female,California,Facebook,60,4057.54,0.0463
6692,Smartphones,25-34,Male,New York,Instagram,45,9212.91,0.0608
6693,Laptops,45-54,Male,California,Instagram,45,9872.34,0.0482
6694,Laptops,45-54,Other,Illinois,LinkedIn,45,7826.13,0.039
6695,Smartphones,55+,Other,Texas,Google Ads,60,6420.0,0.0502
6696,Smartphones,55+,Male,California,YouTube,60,1924.07,0.0226
6697,Laptops,25-34,Female,Florida,Instagram,45,9364.07,0.0605
6698,Furniture,55+,Female,New York,LinkedIn,7,7880.23,0.0535
6699,Shoes,55+,Male,New York,YouTube,45,3236.43,0.0259
6700,Shoes,25-34,Other,California,Facebook,60,4950.77,0.0471
6701,Laptops,45-54,Female,Illinois,LinkedIn,45,1142.82,0.0249
6702,Smartphones,25-34,Other,New York,Facebook,60,6760.5,0.0517
6703,Furniture,18-24,Female,California,Facebook,45,1690.01,0.0251
6704,Laptops,25-34,Other,California,Facebook,7,6689.55,0.072
6705,Shoes,18-24,Female,New York,YouTube,7,6879.76,0.072
6706,Books,25-34,Other,California,Google Ads,60,3583.98,0.0558
6707,Smartphones,18-24,Other,California,Facebook,60,9512.3,0.058
6708,Books,18-24,Other,Florida,Instagram,14,7900.14,0.0617
6709,Laptops,25-34,Male,California,YouTube,30,5218.97,0.0649
6710,Shoes,55+,Other,California,YouTube,14,9226.41,0.0435
6711,Furniture,35-44,Male,Illinois,Facebook,60,8630.51,0.0579
6712,Books,55+,Male,New York,Instagram,60,7076.07,0.0532
6713,Furniture,18-24,Other,Illinois,LinkedIn,45,1953.17,0.0157
6714,Shoes,25-34,Male,Texas,YouTube,14,5222.2,0.0784
6715,Books,25-34,Male,Illinois,Facebook,30,8712.02,0.0545
6716,Furniture,25-34,Male,Texas,Facebook,14,6284.47,0.0613
6717,Furniture,25-34,Female,Texas,Google Ads,7,5682.36,0.0759
6718,Books,35-44,Other,Illinois,Google Ads,7,9574.63,0.091
6719,Shoes,45-54,Male,Florida,LinkedIn,14,657.21,0.0196
6720,Furniture,18-24,Other,Illinois,LinkedIn,14,614.44,0.0159
6721,Laptops,35-44,Male,New York,LinkedIn,60,8981.79,0.0428
6722,Books,55+,Other,Illinois,LinkedIn,45,866.1,0.0351
6723,Smartphones,45-54,Male,Florida,Facebook,7,3659.17,0.0446
6724,Smartphones,45-54,Female,Illinois,Facebook,30,9278.24,0.0461
6725,Shoes,25-34,Female,Florida,Facebook,45,7065.95,0.0624
6726,Laptops,35-44,Female,New York,Instagram,14,6657.51,0.0712
6727,Furniture,55+,Male,California,LinkedIn,7,6741.48,0.0418
6728,Smartphones,25-34,Other,Florida,Instagram,14,3517.61,0.0548
6729,Shoes,25-34,Male,Florida,YouTube,7,5540.07,0.075
6730,Laptops,18-24,Female,Florida,YouTube,30,6484.74,0.0725
6731,Laptops,45-54,Male,New York,Facebook,45,3404.3,0.0414
6732,Shoes,55+,Other,Texas,YouTube,30,8055.96,0.0488
6733,Shoes,45-54,Female,Florida,Facebook,30,3556.61,0.0433
6734,Furniture,35-44,Male,New York,LinkedIn,45,1178.72,0.0348
6735,Shoes,18-24,Other,California,Instagram,45,2413.82,0.0449
6736,Furniture,25-34,Female,Florida,Facebook,30,4379.9,0.0581
6737,Furniture,18-24,Other,Texas,Google Ads,14,9126.53,0.0718
6738,Books,25-34,Other,New York,Google Ads,45,4449.74,0.0561
6739,Laptops,18-24,Female,California,LinkedIn,30,1353.14,0.0277
6740,Laptops,25-34,Male,Texas,Instagram,30,2366.34,0.0482
6741,Laptops,45-54,Male,California,Facebook,30,5672.44,0.057
6742,Books,45-54,Male,Texas,LinkedIn,14,2187.73,0.0378
6743,Furniture,45-54,Male,Illinois,Instagram,60,1107.57,0.0326
6744,Furniture,45-54,Other,Illinois,Google Ads,60,7290.87,0.0792
6745,Shoes,18-24,Male,Illinois,Facebook,45,7951.3,0.083
6746,Books,25-34,Male,California,Instagram,60,8581.02,0.0594
6747,Shoes,45-54,Other,Illinois,YouTube,7,8517.37,0.0606
6748,Books,18-24,Other,New York,Facebook,45,4102.97,0.0437
6749,Shoes,25-34,Female,New York,YouTube,45,7477.46,0.0664
6750,Smartphones,18-24,Other,Illinois,LinkedIn,30,6043.62,0.0548
6751,Laptops,45-54,Female,Texas,Instagram,7,721.96,0.038
6752,Laptops,35-44,Female,Texas,Instagram,60,4315.18,0.0566
6753,Furniture,18-24,Male,California,Instagram,45,1002.35,0.0144
6754,Smartphones,45-54,Male,Texas,Instagram,7,1291.88,0.0476
6755,Laptops,55+,Male,Florida,Facebook,14,1032.02,0.0328
6756,Furniture,25-34,Other,Texas,YouTube,14,9628.99,0.0721
6757,Smartphones,45-54,Other,New York,YouTube,30,8519.91,0.0536
6758,Laptops,55+,Male,Texas,LinkedIn,7,4671.49,0.0338
6759,Shoes,18-24,Male,California,LinkedIn,45,2855.98,0.0504
6760,Books,18-24,Other,Texas,Instagram,14,1188.28,0.0375
6761,Smartphones,55+,Female,California,Google Ads,14,4596.36,0.0602
6762,Furniture,55+,Female,Florida,Google Ads,60,6203.35,0.0681
6763,Smartphones,25-34,Male,Illinois,Instagram,60,8072.48,0.0683
6764,Furniture,18-24,Male,Florida,YouTube,7,989.83,0.0444
6765,Smartphones,55+,Male,New York,LinkedIn,60,4469.77,0.0172
6766,Furniture,35-44,Female,Florida,Facebook,7,9780.15,0.0713
6767,Laptops,35-44,Male,Florida,Google Ads,45,1646.85,0.0699
6768,Shoes,55+,Female,New York,LinkedIn,45,4302.84,0.0267
6769,Laptops,25-34,Other,New York,Google Ads,45,3113.03,0.0631
6770,Shoes,18-24,Other,Illinois,YouTube,60,1773.37,0.0535
6771,Laptops,35-44,Other,Illinois,YouTube,60,8469.98,0.064
6772,Laptops,55+,Male,Texas,Instagram,30,7122.59,0.0544
6773,Smartphones,55+,Other,California,Instagram,14,4409.79,0.0343
6774,Books,45-54,Female,New York,Google Ads,45,4006.14,0.0751
6775,Furniture,55+,Female,Florida,Google Ads,60,8363.61,0.0708
6776,Furniture,25-34,Female,Florida,LinkedIn,14,1362.45,0.0293
6777,Furniture,35-44,Male,Illinois,Instagram,45,1894.92,0.0567
6778,Shoes,45-54,Male,California,YouTube,45,9112.23,0.0413
6779,Furniture,35-44,Female,New York,LinkedIn,14,8263.46,0.0552
6780,Furniture,35-44,Female,Illinois,LinkedIn,14,7861.34,0.0668
6781,Smartphones,25-34,Female,California,Facebook,60,6427.77,0.052
6782,Laptops,55+,Female,New York,YouTube,14,3278.28,0.0436
6783,Furniture,25-34,Other,Florida,LinkedIn,14,9380.47,0.0551
6784,Books,55+,Female,Florida,Facebook,60,5172.75,0.0426
6785,Furniture,45-54,Male,Illinois,Instagram,45,3165.89,0.0555
6786,Shoes,25-34,Male,California,YouTube,14,3972.96,0.0641
6787,Shoes,25-34,Male,Florida,Instagram,30,659.99,0.0348
6788,Shoes,18-24,Male,California,Facebook,7,2924.01,0.0532
6789,Furniture,25-34,Male,Illinois,YouTube,14,2285.58,0.046
6790,Smartphones,18-24,Female,Texas,Google Ads,14,1787.79,0.0744
6791,Books,55+,Female,California,Google Ads,7,805.33,0.068
6792,Furniture,55+,Other,California,Google Ads,30,2655.32,0.0661
6793,Smartphones,55+,Other,Illinois,LinkedIn,45,1483.43,0.0162
6794,Smartphones,18-24,Other,Texas,Google Ads,30,928.83,0.0792
6795,Furniture,55+,Female,Florida,LinkedIn,7,1804.56,0.0455
6796,Furniture,35-44,Other,New York,LinkedIn,14,2422.83,0.055
6797,Smartphones,25-34,Female,Illinois,Facebook,45,4451.64,0.0647
6798,Smartphones,18-24,Male,New York,Google Ads,30,6045.11,0.0937
6799,Smartphones,55+,Female,Texas,YouTube,30,3561.53,0.0442
6800,Furniture,35-44,Female,Texas,LinkedIn,45,1841.96,0.0448
6801,Smartphones,25-34,Male,California,Facebook,30,9433.08,0.0649
6802,Shoes,25-34,Male,New York,LinkedIn,7,5391.11,0.051
6803,Furniture,55+,Male,New York,YouTube,45,7547.86,0.0692
6804,Shoes,35-44,Other,Texas,YouTube,7,7097.13,0.0633
6805,Laptops,18-24,Other,New York,Google Ads,45,3206.52,0.0592
6806,Furniture,55+,Other,Florida,LinkedIn,7,5818.69,0.052
6807,Laptops,25-34,Male,Texas,YouTube,14,6220.56,0.072
6808,Smartphones,25-34,Other,California,Instagram,14,3842.01,0.0549
6809,Smartphones,25-34,Male,California,YouTube,30,6872.28,0.0709
6810,Books,55+,Male,California,YouTube,45,8011.43,0.0673
6811,Smartphones,45-54,Male,New York,LinkedIn,45,3960.0,0.0307
6812,Laptops,45-54,Other,Texas,YouTube,7,641.7,0.0594
6813,Smartphones,45-54,Other,California,Facebook,30,3818.69,0.0364
6814,Furniture,35-44,Male,Texas,YouTube,30,1609.75,0.0586
6815,Smartphones,55+,Other,New York,Instagram,45,1978.27,0.0081
6816,Books,25-34,Female,Florida,YouTube,14,3976.52,0.0563
6817,Smartphones,35-44,Other,Florida,Google Ads,45,2472.4,0.0624
6818,Laptops,45-54,Male,Florida,LinkedIn,45,9381.45,0.0494
6819,Laptops,18-24,Male,New York,Instagram,60,6701.63,0.0476
6820,Smartphones,35-44,Male,California,Facebook,7,5424.46,0.0601
6821,Laptops,35-44,Female,New York,YouTube,7,592.38,0.0564
6822,Laptops,55+,Male,Texas,YouTube,60,1484.37,0.043
6823,Books,35-44,Male,Florida,Facebook,30,7990.54,0.0629
6824,Furniture,55+,Other,Texas,YouTube,7,4202.57,0.0616
6825,Books,18-24,Female,New York,Google Ads,30,932.19,0.0557
6826,Shoes,25-34,Other,Illinois,Instagram,14,8342.81,0.0715
6827,Books,25-34,Male,Illinois,YouTube,30,3375.14,0.0571
6828,Smartphones,45-54,Male,New York,Facebook,7,4169.81,0.0442
6829,Furniture,45-54,Female,California,Facebook,30,9756.51,0.0628
6830,Smartphones,18-24,Male,Texas,Instagram,14,647.37,0.0533
6831,Shoes,25-34,Female,New York,Google Ads,60,7352.58,0.0769
6832,Furniture,45-54,Other,New York,Instagram,7,9514.4,0.0643
6833,Laptops,35-44,Female,Illinois,YouTube,14,1106.67,0.0492
6834,Books,55+,Other,Florida,Google Ads,45,8727.73,0.0893
6835,Smartphones,45-54,Male,Florida,Google Ads,60,4454.3,0.0527
6836,Shoes,18-24,Other,California,Facebook,60,8840.97,0.064
6837,Laptops,25-34,Other,California,Google Ads,7,3428.61,0.0797
6838,Books,18-24,Other,California,YouTube,14,9835.3,0.0659
6839,Laptops,55+,Female,Illinois,YouTube,45,6646.97,0.0464
6840,Books,55+,Other,New York,YouTube,14,6457.36,0.0811
6841,Furniture,18-24,Female,California,LinkedIn,30,8156.08,0.034
6842,Laptops,45-54,Female,Illinois,Google Ads,7,4647.57,0.0725
6843,Laptops,45-54,Female,Texas,Google Ads,30,2957.36,0.0688
6844,Laptops,25-34,Male,New York,YouTube,30,2997.84,0.069
6845,Furniture,25-34,Male,Texas,Facebook,60,3640.74,0.0441
6846,Shoes,35-44,Male,Florida,Google Ads,60,6364.85,0.0752
6847,Books,35-44,Female,Florida,LinkedIn,30,8464.7,0.0482
6848,Laptops,25-34,Male,New York,Google Ads,14,5245.99,0.0771
6849,Furniture,35-44,Other,California,Instagram,7,4332.76,0.0479
6850,Shoes,18-24,Female,New York,LinkedIn,7,8041.55,0.077
6851,Books,45-54,Male,California,Facebook,14,3251.85,0.0446
6852,Furniture,35-44,Female,Florida,LinkedIn,30,7045.84,0.0598
6853,Books,35-44,Male,New York,LinkedIn,7,1505.15,0.0476
6854,Laptops,18-24,Other,New York,Google Ads,60,1575.76,0.0581
6855,Shoes,55+,Female,California,LinkedIn,45,6618.53,0.0275
6856,Furniture,25-34,Male,Florida,YouTube,60,1286.13,0.0473
6857,Shoes,18-24,Male,Florida,LinkedIn,14,1972.99,0.0488
6858,Laptops,55+,Other,California,Google Ads,45,6431.51,0.064
6859,Shoes,18-24,Other,California,YouTube,7,4662.94,0.0739
6860,Shoes,45-54,Male,California,Facebook,7,5832.32,0.0464
6861,Smartphones,18-24,Male,Florida,Instagram,45,9780.96,0.0733
6862,Shoes,18-24,Female,Florida,LinkedIn,7,6503.63,0.0746
6863,Books,45-54,Female,New York,YouTube,45,6113.08,0.0697
6864,Furniture,25-34,Male,Florida,YouTube,30,4111.31,0.0568
6865,Smartphones,55+,Other,Texas,Facebook,14,6493.34,0.0412
6866,Furniture,35-44,Female,Texas,Facebook,60,623.5,0.0339
6867,Furniture,25-34,Male,California,Instagram,45,5794.54,0.0563
6868,Laptops,18-24,Other,California,Instagram,45,1154.52,0.0395
6869,Laptops,35-44,Other,California,Google Ads,30,2591.64,0.0619
6870,Smartphones,45-54,Male,New York,Instagram,60,5849.65,0.043
6871,Laptops,25-34,Male,Texas,Instagram,30,6845.53,0.0591
6872,Laptops,55+,Female,Texas,YouTube,30,4155.57,0.0545
6873,Laptops,25-34,Male,Florida,LinkedIn,14,4480.31,0.0511
6874,Furniture,25-34,Female,Texas,LinkedIn,7,5231.21,0.0639
6875,Smartphones,35-44,Other,Florida,Instagram,60,7711.21,0.046
6876,Furniture,45-54,Female,New York,Google Ads,30,667.46,0.0534
6877,Books,45-54,Male,California,Google Ads,7,4747.15,0.0781
6878,Furniture,25-34,Female,California,LinkedIn,7,635.6,0.043
6879,Books,45-54,Other,Florida,Facebook,7,3531.85,0.064
6880,Shoes,35-44,Other,Illinois,YouTube,7,5438.56,0.0552
6881,Shoes,35-44,Male,Florida,Instagram,14,1259.23,0.0333
6882,Books,55+,Female,New York,YouTube,14,5109.53,0.0574
6883,Books,45-54,Male,Texas,Instagram,30,9283.45,0.0684
6884,Furniture,55+,Male,Florida,Instagram,7,7010.75,0.056
6885,Books,18-24,Other,New York,LinkedIn,30,7931.4,0.0499
6886,Smartphones,35-44,Female,California,YouTube,45,6013.94,0.0588
6887,Shoes,25-34,Male,Illinois,YouTube,14,9015.41,0.0752
6888,Shoes,35-44,Other,Illinois,Facebook,14,1895.26,0.0499
6889,Books,18-24,Male,Florida,Facebook,60,4772.97,0.0502
6890,Laptops,25-34,Female,Texas,YouTube,45,6171.82,0.0683
6891,Laptops,45-54,Male,Florida,Facebook,14,8798.02,0.0589
6892,Books,45-54,Female,Illinois,Facebook,7,3426.1,0.0626
6893,Smartphones,35-44,Other,Illinois,Instagram,7,510.72,0.0385
6894,Laptops,25-34,Other,California,LinkedIn,7,9756.93,0.0645
6895,Books,25-34,Male,Texas,Instagram,30,746.78,0.0369
6896,Smartphones,55+,Other,Texas,Facebook,14,1947.48,0.0367
6897,Smartphones,18-24,Male,Illinois,Instagram,30,4509.44,0.0663
6898,Furniture,45-54,Male,Illinois,Instagram,14,5215.51,0.0703
6899,Smartphones,35-44,Female,Florida,Google Ads,60,8427.43,0.0658
6900,Laptops,25-34,Male,Florida,Instagram,30,4754.27,0.0531
6901,Laptops,45-54,Female,California,Instagram,14,5700.58,0.0507
6902,Books,35-44,Male,Illinois,LinkedIn,60,2400.0,0.0266
6903,Books,45-54,Female,Florida,YouTube,14,5907.01,0.0739
6904,Smartphones,35-44,Other,California,Google Ads,45,3809.65,0.0561
6905,Shoes,45-54,Male,Texas,Google Ads,30,1437.96,0.0463
6906,Furniture,55+,Female,Illinois,Google Ads,7,9491.4,0.1006
6907,Shoes,18-24,Male,New York,Google Ads,60,1276.0,0.0612
6908,Smartphones,45-54,Female,Illinois,LinkedIn,60,6939.85,0.0241
6909,Smartphones,18-24,Female,Florida,YouTube,7,9127.83,0.089
6910,Shoes,45-54,Male,Illinois,LinkedIn,60,2202.44,0.0226
6911,Furniture,25-34,Male,New York,Google Ads,7,2752.62,0.0761
6912,Shoes,55+,Other,Illinois,YouTube,7,4553.71,0.0406
6913,Books,55+,Other,Florida,LinkedIn,14,3297.84,0.0474
6914,Laptops,18-24,Other,Texas,YouTube,30,7710.81,0.0692
6915,Books,25-34,Male,Florida,LinkedIn,45,3712.46,0.0393
6916,Laptops,35-44,Other,California,YouTube,60,9865.44,0.0529
6917,Smartphones,55+,Female,Florida,LinkedIn,14,8658.48,0.0327
6918,Furniture,25-34,Male,California,Google Ads,45,9005.77,0.0667
6919,Shoes,25-34,Female,Illinois,Google Ads,45,1104.81,0.0496
6920,Furniture,18-24,Female,California,Google Ads,60,2174.93,0.0365
6921,Shoes,25-34,Female,Illinois,LinkedIn,60,2109.0,0.0391
6922,Books,25-34,Male,California,YouTube,14,6883.66,0.0615
6923,Books,35-44,Male,Florida,YouTube,60,613.16,0.0453
6924,Shoes,18-24,Other,New York,Facebook,45,8161.05,0.066
6925,Furniture,18-24,Other,Illinois,Instagram,60,5696.94,0.0286
6926,Shoes,25-34,Other,California,Google Ads,14,5879.97,0.0716
6927,Smartphones,35-44,Other,New York,Google Ads,14,5604.7,0.082
6928,Books,45-54,Female,California,Google Ads,14,5585.79,0.0817
6929,Smartphones,55+,Male,California,Facebook,60,2379.92,0.0105
6930,Books,18-24,Other,California,Facebook,30,3190.21,0.0449
6931,Books,35-44,Female,Florida,Facebook,14,5132.37,0.0594
6932,Laptops,35-44,Male,California,Google Ads,30,6939.52,0.0799
6933,Smartphones,25-34,Male,New York,YouTube,7,3083.56,0.0675
6934,Smartphones,55+,Male,California,Google Ads,14,8158.28,0.0729
6935,Laptops,18-24,Female,Texas,Facebook,30,8200.64,0.0559
6936,Furniture,45-54,Other,Illinois,Facebook,30,3101.85,0.0588
6937,Smartphones,25-34,Male,Florida,Instagram,45,5820.61,0.0677
6938,Shoes,18-24,Female,Texas,LinkedIn,30,3814.77,0.0707
6939,Laptops,18-24,Male,Texas,Instagram,45,2311.51,0.0479
6940,Smartphones,35-44,Female,New York,Instagram,30,8157.0,0.0547
6941,Furniture,55+,Other,New York,Google Ads,30,9919.07,0.0817
6942,Smartphones,45-54,Other,Florida,LinkedIn,7,5874.33,0.0536
6943,Books,55+,Male,Florida,LinkedIn,30,9182.49,0.0583
6944,Shoes,35-44,Other,Illinois,Google Ads,60,6600.6,0.0692
6945,Laptops,45-54,Other,California,YouTube,60,5874.38,0.0612
6946,Books,45-54,Female,Florida,Google Ads,60,5061.38,0.0726
6947,Furniture,25-34,Female,Florida,YouTube,7,2739.29,0.0477
6948,Books,45-54,Male,California,YouTube,30,1300.43,0.0431
6949,Books,18-24,Female,Illinois,LinkedIn,7,4702.19,0.0475
6950,Furniture,55+,Other,New York,Google Ads,30,5832.44,0.0685
6951,Books,55+,Female,Illinois,Google Ads,45,5339.77,0.0756
6952,Laptops,25-34,Other,California,LinkedIn,7,7107.92,0.0559
6953,Smartphones,45-54,Male,New York,Instagram,60,2324.94,0.0263
6954,Books,35-44,Other,New York,Google Ads,60,3864.93,0.0575
6955,Laptops,18-24,Female,New York,Facebook,60,4447.89,0.0393
6956,Smartphones,25-34,Female,Illinois,Facebook,30,2271.97,0.0626
6957,Smartphones,45-54,Female,California,Google Ads,30,9111.41,0.0661
6958,Books,35-44,Female,Illinois,YouTube,7,6974.36,0.0767
6959,Laptops,45-54,Male,Illinois,LinkedIn,14,1372.69,0.0318
6960,Books,25-34,Other,Texas,YouTube,30,7271.58,0.067
6961,Furniture,35-44,Female,Florida,Facebook,14,5703.98,0.0746
6962,Smartphones,35-44,Other,Illinois,Facebook,14,5477.43,0.0466
6963,Books,35-44,Male,Texas,LinkedIn,30,9902.96,0.0597
6964,Smartphones,35-44,Other,California,Facebook,7,6372.91,0.0616
6965,Laptops,45-54,Female,Texas,Instagram,14,9018.92,0.0659
6966,Shoes,35-44,Other,Illinois,Facebook,7,9178.71,0.0596
6967,Books,45-54,Female,California,YouTube,7,1463.48,0.0549
6968,Books,35-44,Female,Texas,YouTube,30,579.44,0.0313
6969,Smartphones,35-44,Male,Illinois,Instagram,14,4635.04,0.0488
6970,Laptops,25-34,Male,California,YouTube,7,7808.21,0.0758
6971,Furniture,45-54,Other,California,YouTube,14,8329.86,0.0827
6972,Laptops,45-54,Other,Florida,YouTube,7,7981.19,0.0811
6973,Books,55+,Female,Illinois,Google Ads,30,4749.24,0.078
6974,Furniture,25-34,Female,Florida,Instagram,7,7624.66,0.0677
6975,Laptops,45-54,Female,California,Instagram,30,7328.38,0.0484
6976,Shoes,25-34,Female,California,Facebook,30,3481.28,0.0419
6977,Smartphones,25-34,Male,Texas,Instagram,14,2102.85,0.0601
6978,Laptops,25-34,Female,Florida,LinkedIn,14,6403.48,0.0706
6979,Laptops,18-24,Male,New York,Instagram,14,6932.32,0.0543
6980,Shoes,45-54,Other,Illinois,LinkedIn,45,5895.72,0.0254
6981,Books,25-34,Other,Florida,YouTube,14,2525.21,0.0596
6982,Smartphones,18-24,Male,California,LinkedIn,14,3128.4,0.0537
6983,Laptops,18-24,Female,Texas,Google Ads,7,7230.62,0.1025
6984,Furniture,35-44,Other,Illinois,YouTube,45,9644.91,0.079
6985,Laptops,35-44,Male,Illinois,LinkedIn,45,9475.94,0.0535
6986,Smartphones,45-54,Other,Texas,YouTube,7,5436.75,0.042
6987,Laptops,35-44,Female,California,Google Ads,14,8922.32,0.0858
6988,Shoes,45-54,Male,New York,YouTube,60,779.79,0.0323
6989,Laptops,18-24,Other,Texas,YouTube,30,8680.95,0.0698
6990,Laptops,18-24,Female,New York,Instagram,45,5023.43,0.0499
6991,Furniture,45-54,Male,Florida,Facebook,7,7924.51,0.0763
6992,Shoes,35-44,Male,Illinois,LinkedIn,60,553.04,0.0093
6993,Shoes,35-44,Male,California,Facebook,30,8751.33,0.0626
6994,Laptops,45-54,Male,New York,Google Ads,60,6152.31,0.0638
6995,Furniture,55+,Other,California,Google Ads,14,2782.19,0.065
6996,Laptops,35-44,Male,Florida,YouTube,7,3801.09,0.0694
6997,Laptops,25-34,Male,New York,Facebook,30,2406.33,0.0583
6998,Smartphones,35-44,Male,California,LinkedIn,30,4531.85,0.0296
6999,Smartphones,55+,Male,California,LinkedIn,14,3635.06,0.0277
7000,Furniture,18-24,Male,Florida,YouTube,14,5577.78,0.0524
7001,Books,18-24,Female,Texas,LinkedIn,14,8240.45,0.0435
7002,Smartphones,18-24,Other,Florida,Instagram,7,9831.62,0.0863
7003,Books,35-44,Female,New York,Facebook,45,2888.85,0.0454
7004,Shoes,18-24,Other,New York,Google Ads,60,1511.83,0.0692
7005,Smartphones,55+,Male,Illinois,LinkedIn,7,4258.84,0.0394
7006,Smartphones,55+,Other,California,LinkedIn,7,1863.77,0.0207
7007,Furniture,35-44,Male,New York,LinkedIn,60,8425.28,0.0451
7008,Books,25-34,Male,Texas,YouTube,30,5260.69,0.0547
7009,Smartphones,35-44,Female,Texas,Google Ads,60,6389.64,0.0662
7010,Smartphones,18-24,Female,Florida,Facebook,14,1930.82,0.0647
7011,Furniture,35-44,Female,New York,LinkedIn,30,7621.28,0.049
7012,Furniture,55+,Other,New York,Instagram,7,9749.03,0.0661
7013,Books,35-44,Other,Illinois,YouTube,60,5082.66,0.0499
7014,Shoes,35-44,Female,Illinois,Facebook,7,9643.34,0.0519
7015,Shoes,25-34,Female,Illinois,LinkedIn,7,829.8,0.0343
7016,Laptops,55+,Male,New York,Facebook,60,839.37,0.0187
7017,Smartphones,45-54,Other,Florida,YouTube,7,9620.12,0.0588
7018,Books,45-54,Male,Florida,Instagram,45,7152.52,0.0529
7019,Smartphones,55+,Other,Florida,LinkedIn,45,2292.55,0.0147
7020,Books,45-54,Female,Florida,Instagram,7,3956.81,0.0577
7021,Books,18-24,Other,Texas,YouTube,30,5323.65,0.0612
7022,Books,45-54,Other,New York,Instagram,30,7175.06,0.0608
7023,Smartphones,18-24,Male,California,YouTube,30,8499.25,0.0752
7024,Furniture,55+,Female,New York,Instagram,30,1285.24,0.0289
7025,Smartphones,45-54,Female,Florida,Facebook,45,6737.45,0.0473
7026,Books,45-54,Female,Texas,Facebook,30,5028.76,0.0638
7027,Laptops,18-24,Male,Texas,YouTube,60,6177.41,0.0673
7028,Shoes,18-24,Male,New York,Facebook,30,5331.05,0.0713
7029,Books,35-44,Male,California,Instagram,60,4781.58,0.0351
7030,Laptops,25-34,Other,Florida,Instagram,45,2452.37,0.0473
7031,Furniture,45-54,Other,Texas,LinkedIn,60,4987.19,0.0479
7032,Books,25-34,Male,Florida,YouTube,60,2301.72,0.0417
7033,Laptops,25-34,Male,Florida,Facebook,7,923.81,0.0504
7034,Books,45-54,Female,Florida,YouTube,60,4051.33,0.0608
7035,Smartphones,18-24,Other,Illinois,Facebook,7,737.08,0.0586
7036,Laptops,35-44,Other,Florida,LinkedIn,30,5844.18,0.0525
7037,Smartphones,55+,Female,Florida,Instagram,60,1187.73,0.0121
7038,Smartphones,45-54,Female,California,Instagram,60,4656.76,0.0217
7039,Laptops,45-54,Female,California,Google Ads,14,9811.36,0.078
7040,Shoes,55+,Male,Illinois,YouTube,30,593.87,0.0256
7041,Laptops,25-34,Male,Illinois,Facebook,60,3985.12,0.0418
7042,Shoes,35-44,Male,Florida,Google Ads,60,6896.0,0.0673
7043,Books,25-34,Male,Texas,YouTube,14,2009.71,0.0594
7044,Books,55+,Male,Texas,Facebook,7,5826.97,0.0661
7045,Laptops,55+,Other,New York,LinkedIn,30,2952.81,0.0282
7046,Books,35-44,Other,Texas,YouTube,14,2616.3,0.0632
7047,Furniture,55+,Other,Texas,Facebook,30,9002.34,0.062
7048,Smartphones,55+,Female,California,Instagram,30,2431.16,0.0223
7049,Smartphones,35-44,Other,New York,YouTube,7,4077.24,0.0571
7050,Shoes,45-54,Female,New York,Facebook,7,2111.18,0.0311
7051,Books,25-34,Other,California,Instagram,45,3196.93,0.042
7052,Shoes,45-54,Male,Texas,Instagram,14,3284.51,0.0359
7053,Smartphones,45-54,Other,Texas,Google Ads,14,3604.34,0.0623
7054,Smartphones,25-34,Male,New York,Facebook,30,6590.14,0.0659
7055,Books,45-54,Male,Texas,Google Ads,45,7554.63,0.0804
7056,Furniture,35-44,Other,New York,Google Ads,45,5351.36,0.0771
7057,Furniture,25-34,Other,Texas,LinkedIn,30,6299.52,0.0371
7058,Books,18-24,Male,Florida,Google Ads,7,8226.05,0.0813
7059,Books,45-54,Female,California,Google Ads,45,9995.83,0.0905
7060,Shoes,55+,Female,Illinois,LinkedIn,14,4836.81,0.0216
7061,Books,25-34,Other,Florida,LinkedIn,7,9396.13,0.0706
7062,Furniture,18-24,Male,Texas,YouTube,60,5158.52,0.0411
7063,Books,55+,Female,Illinois,Google Ads,45,7929.0,0.0793
7064,Shoes,18-24,Other,Florida,Instagram,30,5945.62,0.0665
7065,Shoes,45-54,Other,California,LinkedIn,14,8898.37,0.048
7066,Shoes,55+,Male,Illinois,Facebook,45,4762.68,0.0207
7067,Shoes,45-54,Female,Illinois,YouTube,30,7110.24,0.0614
7068,Laptops,55+,Other,California,YouTube,14,4929.99,0.0531
7069,Books,25-34,Female,Florida,Google Ads,45,8641.76,0.0856
7070,Smartphones,35-44,Other,Illinois,Instagram,14,9946.5,0.0516
7071,Books,35-44,Other,California,LinkedIn,60,2811.49,0.0284
7072,Laptops,18-24,Female,Florida,Facebook,14,5006.22,0.0467
7073,Shoes,55+,Female,Texas,Google Ads,30,1271.94,0.0542
7074,Laptops,45-54,Male,New York,Instagram,45,1839.46,0.0245
7075,Furniture,25-34,Male,Texas,Google Ads,30,9326.93,0.0763
7076,Furniture,25-34,Male,Texas,Google Ads,60,5664.33,0.057
7077,Books,25-34,Male,New York,YouTube,7,4253.6,0.0642
7078,Books,35-44,Female,Texas,Facebook,14,6879.08,0.0669
7079,Smartphones,45-54,Male,Texas,Facebook,30,5821.53,0.044
7080,Smartphones,25-34,Female,California,Facebook,45,3242.82,0.0526
7081,Furniture,25-34,Other,California,Facebook,45,2652.84,0.0343
7082,Shoes,18-24,Female,Florida,LinkedIn,7,6107.28,0.0562
7083,Laptops,55+,Male,Illinois,LinkedIn,45,2288.52,0.0203
7084,Smartphones,55+,Female,Florida,Facebook,60,1822.13,0.0325
7085,Smartphones,55+,Female,California,Instagram,7,3524.68,0.0403
7086,Shoes,18-24,Female,California,LinkedIn,60,8682.74,0.0556
7087,Shoes,35-44,Female,New York,LinkedIn,14,849.78,0.0246
7088,Books,18-24,Female,New York,Instagram,60,8416.03,0.0413
7089,Laptops,25-34,Male,California,Facebook,14,6399.25,0.069
7090,Shoes,45-54,Female,Texas,Google Ads,60,883.54,0.0443
7091,Smartphones,25-34,Male,Florida,LinkedIn,7,6219.37,0.0625
7092,Smartphones,25-34,Other,California,Google Ads,14,4547.18,0.0838
7093,Furniture,45-54,Female,California,Google Ads,60,8490.71,0.0669
7094,Shoes,55+,Other,New York,Instagram,60,9118.39,0.0296
7095,Books,18-24,Male,Florida,Facebook,45,3221.69,0.0368
7096,Laptops,35-44,Female,Florida,Google Ads,60,7949.62,0.0715
7097,Books,25-34,Other,Illinois,Facebook,45,3443.13,0.0495
7098,Smartphones,25-34,Male,California,YouTube,60,3308.54,0.0459
7099,Books,35-44,Other,Illinois,Facebook,30,2330.06,0.053
7100,Smartphones,18-24,Female,New York,Instagram,45,6945.65,0.069
7101,Smartphones,25-34,Female,Illinois,Instagram,7,2986.01,0.0593
7102,Smartphones,35-44,Female,Texas,YouTube,7,4916.15,0.0626
7103,Smartphones,25-34,Male,California,Instagram,14,8215.22,0.0729
7104,Smartphones,55+,Other,California,Facebook,7,8023.17,0.0504
7105,Furniture,55+,Male,Florida,Facebook,14,8626.7,0.0744
7106,Books,25-34,Other,Illinois,Facebook,7,2030.11,0.0444
7107,Furniture,25-34,Male,Florida,Instagram,45,6075.48,0.0487
7108,Furniture,55+,Female,Illinois,Facebook,30,9190.98,0.0608
7109,Shoes,25-34,Other,Illinois,LinkedIn,14,899.48,0.0378
7110,Shoes,18-24,Other,New York,YouTube,30,8048.0,0.0792
7111,Shoes,18-24,Other,Illinois,LinkedIn,60,2839.25,0.0437
7112,Laptops,45-54,Male,Florida,Facebook,60,6861.71,0.057
7113,Shoes,18-24,Female,Illinois,Instagram,30,7315.35,0.066
7114,Books,25-34,Other,Illinois,YouTube,45,9293.06,0.0582
7115,Furniture,25-34,Male,California,LinkedIn,30,5333.59,0.0364
7116,Books,35-44,Other,California,Facebook,30,8558.2,0.0554
7117,Shoes,18-24,Female,California,Instagram,30,930.52,0.042
7118,Laptops,55+,Other,Texas,Facebook,14,4495.16,0.0478
7119,Laptops,55+,Female,California,LinkedIn,14,4675.43,0.0335
7120,Furniture,45-54,Male,Texas,LinkedIn,30,5613.65,0.0554
7121,Books,35-44,Male,Texas,YouTube,45,5072.73,0.0583
7122,Smartphones,55+,Female,Florida,Instagram,60,9695.63,0.0445
7123,Books,45-54,Female,California,Google Ads,60,1246.13,0.0428
7124,Shoes,18-24,Male,Illinois,Facebook,60,3017.66,0.0402
7125,Smartphones,35-44,Female,New York,Instagram,7,9701.97,0.0665
7126,Laptops,35-44,Female,Illinois,Google Ads,45,4730.37,0.0798
7127,Furniture,25-34,Other,California,Instagram,14,5926.0,0.0601
7128,Furniture,18-24,Male,Illinois,Facebook,60,1269.74,0.0214
7129,Laptops,35-44,Male,California,Facebook,14,3198.48,0.0547
7130,Shoes,45-54,Female,California,YouTube,14,876.69,0.0318
7131,Laptops,55+,Female,Illinois,LinkedIn,14,1806.3,0.0184
7132,Shoes,18-24,Female,Texas,LinkedIn,14,6516.49,0.0667
7133,Smartphones,18-24,Male,Florida,LinkedIn,30,7754.41,0.0573
7134,Laptops,35-44,Other,Florida,YouTube,14,8765.81,0.0923
7135,Shoes,35-44,Male,Florida,LinkedIn,7,2888.91,0.0341
7136,Smartphones,35-44,Other,Florida,Instagram,14,3662.21,0.0517
7137,Laptops,45-54,Female,New York,LinkedIn,60,5909.28,0.0412
7138,Furniture,25-34,Male,California,LinkedIn,14,1295.02,0.028
7139,Laptops,35-44,Other,New York,Facebook,60,8163.82,0.0519
7140,Books,25-34,Male,Florida,YouTube,14,5091.27,0.0513
7141,Laptops,25-34,Other,Florida,YouTube,45,9672.32,0.0651
7142,Books,18-24,Other,Illinois,LinkedIn,30,1614.5,0.0324
7143,Smartphones,55+,Male,Florida,Google Ads,60,1766.26,0.0524
7144,Laptops,55+,Female,California,Facebook,7,3811.48,0.039
7145,Smartphones,45-54,Male,Florida,LinkedIn,14,2464.24,0.0341
7146,Smartphones,45-54,Female,Florida,Google Ads,60,7117.61,0.0796
7147,Shoes,55+,Other,New York,Instagram,30,9494.7,0.0439
7148,Smartphones,55+,Other,California,Facebook,14,1354.09,0.0324
7149,Smartphones,18-24,Male,Texas,YouTube,30,2801.25,0.0657
7150,Laptops,18-24,Male,Illinois,Google Ads,7,2760.03,0.0832
7151,Laptops,55+,Female,Texas,LinkedIn,60,5336.19,0.0258
7152,Furniture,35-44,Female,New York,Google Ads,7,4794.24,0.0797
7153,Shoes,35-44,Male,Florida,YouTube,30,7405.23,0.0703
7154,Smartphones,18-24,Female,Illinois,Instagram,45,7460.0,0.0629
7155,Shoes,25-34,Female,California,Google Ads,45,5941.17,0.0739
7156,Books,55+,Male,Illinois,LinkedIn,60,6114.71,0.0553
7157,Smartphones,45-54,Male,New York,Google Ads,14,8502.01,0.0666
7158,Shoes,35-44,Other,Florida,Instagram,7,4270.9,0.0502
7159,Furniture,25-34,Other,New York,Google Ads,45,617.26,0.0439
7160,Furniture,35-44,Male,California,Instagram,45,2523.79,0.0435
7161,Smartphones,25-34,Other,Texas,Instagram,14,835.94,0.0493
7162,Books,55+,Female,Florida,Facebook,7,4238.21,0.0745
7163,Furniture,55+,Male,Florida,Facebook,30,3899.44,0.0637
7164,Furniture,55+,Other,New York,LinkedIn,45,1436.98,0.0262
7165,Books,18-24,Male,New York,LinkedIn,60,7672.74,0.031
7166,Shoes,25-34,Other,New York,LinkedIn,60,5754.08,0.0439
7167,Furniture,45-54,Male,Florida,Instagram,30,2644.17,0.0527
7168,Laptops,45-54,Female,New York,Instagram,14,7711.7,0.0541
7169,Furniture,55+,Other,Illinois,Facebook,14,6845.35,0.0562
7170,Shoes,45-54,Male,Illinois,Instagram,45,2320.15,0.0179
7171,Shoes,35-44,Female,Illinois,Facebook,45,9837.44,0.0531
7172,Smartphones,25-34,Other,Florida,Google Ads,45,2185.55,0.0656
7173,Laptops,25-34,Other,New York,LinkedIn,30,7831.15,0.0499
7174,Shoes,25-34,Male,California,LinkedIn,30,9698.72,0.0627
7175,Books,35-44,Female,New York,YouTube,45,7392.27,0.0602
7176,Laptops,18-24,Male,Florida,Facebook,14,6824.88,0.071
7177,Laptops,35-44,Other,Illinois,YouTube,7,9081.55,0.0795
7178,Books,25-34,Male,Florida,LinkedIn,45,3056.76,0.0409
7179,Furniture,25-34,Male,New York,YouTube,14,3132.98,0.0511
7180,Books,25-34,Female,Florida,Google Ads,14,6591.02,0.0909
7181,Books,45-54,Female,California,YouTube,60,8880.31,0.063
7182,Furniture,18-24,Other,Florida,Google Ads,7,6365.05,0.0677
7183,Furniture,35-44,Female,Texas,LinkedIn,45,9781.96,0.061
7184,Furniture,25-34,Male,Florida,Instagram,7,2617.57,0.046
7185,Furniture,55+,Other,New York,Facebook,45,8345.86,0.0524
7186,Furniture,18-24,Female,Texas,YouTube,7,9309.0,0.0597
7187,Books,55+,Male,Illinois,Google Ads,7,4556.52,0.0822
7188,Smartphones,18-24,Male,New York,LinkedIn,14,9638.83,0.077
7189,Smartphones,25-34,Other,California,LinkedIn,7,2420.4,0.045
7190,Shoes,18-24,Other,Florida,Instagram,7,9551.92,0.0918
7191,Smartphones,18-24,Female,Florida,LinkedIn,45,9076.68,0.0646
7192,Smartphones,25-34,Female,New York,LinkedIn,14,1128.39,0.0377
7193,Books,55+,Female,Florida,Instagram,7,5452.65,0.0634
7194,Furniture,55+,Female,Florida,LinkedIn,14,5523.97,0.0544
7195,Furniture,45-54,Other,Illinois,Google Ads,14,1041.25,0.0749
7196,Books,55+,Male,Florida,YouTube,30,875.55,0.0372
7197,Smartphones,55+,Male,Florida,YouTube,45,548.42,0.024
7198,Books,18-24,Female,Illinois,Google Ads,30,5482.83,0.0598
7199,Shoes,45-54,Other,Florida,YouTube,14,4906.25,0.0603
7200,Furniture,25-34,Female,Illinois,LinkedIn,7,9434.37,0.0622
7201,Laptops,25-34,Female,California,YouTube,45,3751.91,0.0569
7202,Shoes,35-44,Other,Florida,YouTube,60,6753.16,0.054
7203,Shoes,45-54,Male,New York,LinkedIn,45,571.85,0.002
7204,Books,18-24,Male,Texas,YouTube,30,6803.62,0.0591
7205,Smartphones,35-44,Female,California,LinkedIn,45,9177.87,0.0396
7206,Furniture,35-44,Other,Florida,Instagram,7,3870.3,0.0618
7207,Laptops,25-34,Male,New York,Instagram,45,3483.54,0.0521
7208,Shoes,55+,Male,Texas,YouTube,60,6447.28,0.0499
7209,Laptops,18-24,Other,Illinois,Instagram,30,3621.24,0.0517
7210,Smartphones,45-54,Other,Florida,YouTube,30,4322.97,0.049
7211,Smartphones,35-44,Male,Illinois,Instagram,14,3094.61,0.0438
7212,Laptops,18-24,Female,California,YouTube,30,3776.45,0.055
7213,Furniture,25-34,Female,Texas,Facebook,60,6954.4,0.0529
7214,Smartphones,35-44,Male,Texas,Google Ads,60,9262.56,0.0733
7215,Laptops,35-44,Female,Illinois,Instagram,30,6039.6,0.0539
7216,Shoes,25-34,Female,Illinois,LinkedIn,45,595.32,0.0301
7217,Laptops,25-34,Other,California,Google Ads,60,3006.98,0.0688
7218,Laptops,25-34,Other,New York,YouTube,30,9546.27,0.0637
7219,Books,18-24,Other,Florida,Google Ads,30,9148.06,0.0777
7220,Smartphones,18-24,Female,New York,LinkedIn,45,1598.65,0.0449
7221,Furniture,18-24,Other,Texas,LinkedIn,30,9129.96,0.0439
7222,Furniture,55+,Other,Florida,YouTube,7,9663.03,0.0768
7223,Books,35-44,Male,California,Instagram,14,3583.43,0.0531
7224,Furniture,18-24,Other,New York,Instagram,60,7159.56,0.031
7225,Laptops,55+,Male,New York,Facebook,45,5819.83,0.0454
7226,Books,35-44,Female,Florida,LinkedIn,45,3701.97,0.0348
7227,Shoes,18-24,Other,California,Facebook,14,1956.69,0.0594
7228,Smartphones,25-34,Male,California,LinkedIn,7,3985.74,0.0475
7229,Smartphones,45-54,Male,New York,Facebook,14,9314.07,0.0598
7230,Smartphones,18-24,Male,New York,Instagram,30,8206.86,0.0623
7231,Laptops,45-54,Female,Illinois,LinkedIn,45,3641.41,0.0358
7232,Shoes,18-24,Other,Florida,Instagram,30,5702.92,0.0619
7233,Books,25-34,Female,California,Google Ads,45,4356.64,0.0708
7234,Books,45-54,Male,Texas,Instagram,45,4929.26,0.0564
7235,Smartphones,55+,Female,Florida,LinkedIn,30,7731.5,0.0373
7236,Shoes,25-34,Female,Illinois,Google Ads,14,5658.56,0.0959
7237,Shoes,45-54,Male,Florida,Facebook,60,2219.92,0.0242
7238,Shoes,45-54,Other,New York,YouTube,60,3055.84,0.0382
7239,Furniture,25-34,Other,Florida,LinkedIn,14,5894.04,0.0576
7240,Furniture,25-34,Female,Florida,YouTube,7,7081.79,0.0761
7241,Smartphones,25-34,Other,Florida,YouTube,14,5327.14,0.0713
7242,Shoes,35-44,Male,Texas,Google Ads,14,6392.0,0.0762
7243,Shoes,55+,Other,Illinois,Facebook,14,7999.08,0.0447
7244,Books,18-24,Female,Florida,Instagram,60,5681.22,0.0419
7245,Books,45-54,Male,Florida,Google Ads,45,9783.32,0.0801
7246,Smartphones,18-24,Male,Texas,Facebook,7,2737.9,0.0676
7247,Shoes,25-34,Male,California,Instagram,7,9237.04,0.0747
7248,Smartphones,55+,Female,Florida,Instagram,7,2852.77,0.0353
7249,Books,55+,Female,Florida,Facebook,30,5550.62,0.0645
7250,Books,35-44,Other,California,Instagram,14,4831.11,0.0499
7251,Furniture,25-34,Female,Florida,LinkedIn,45,4042.39,0.0384
7252,Smartphones,45-54,Male,Florida,LinkedIn,45,9645.98,0.0459
7253,Smartphones,35-44,Female,Florida,Google Ads,30,3086.86,0.0722
7254,Shoes,25-34,Female,Illinois,Instagram,60,6911.26,0.0605
7255,Shoes,35-44,Other,New York,Instagram,30,8138.65,0.0413
7256,Furniture,18-24,Male,Illinois,Facebook,30,2371.57,0.0261
7257,Laptops,25-34,Other,California,LinkedIn,14,9744.95,0.0573
7258,Laptops,45-54,Other,Illinois,YouTube,60,5693.08,0.0598
7259,Laptops,45-54,Other,Illinois,Google Ads,30,9187.66,0.0799
7260,Smartphones,25-34,Male,Texas,LinkedIn,45,6806.87,0.0461
7261,Smartphones,35-44,Other,California,Facebook,14,6669.56,0.0636
7262,Books,55+,Male,California,Google Ads,60,3783.07,0.0676
7263,Smartphones,25-34,Other,California,YouTube,45,7820.61,0.0726
7264,Smartphones,45-54,Other,Illinois,Google Ads,7,782.97,0.0629
7265,Smartphones,18-24,Male,California,LinkedIn,14,5780.29,0.0555
7266,Furniture,45-54,Female,Texas,YouTube,45,805.32,0.0576
7267,Smartphones,55+,Other,Florida,Facebook,30,3415.28,0.0359
7268,Shoes,45-54,Female,Illinois,Google Ads,30,1414.81,0.0474
7269,Shoes,55+,Other,Florida,LinkedIn,14,9160.11,0.043
7270,Books,25-34,Female,Florida,Facebook,60,6468.47,0.0451
7271,Furniture,45-54,Female,Illinois,YouTube,30,6850.85,0.0703
7272,Shoes,35-44,Female,Illinois,Google Ads,45,8585.72,0.07
7273,Furniture,35-44,Female,California,Instagram,7,7463.81,0.0616
7274,Furniture,45-54,Female,Texas,LinkedIn,60,1679.86,0.03
7275,Books,45-54,Male,Illinois,LinkedIn,14,6366.61,0.0624
7276,Furniture,18-24,Female,Florida,Instagram,30,9792.62,0.0448
7277,Smartphones,45-54,Male,Illinois,Facebook,60,2534.1,0.0239
7278,Furniture,18-24,Other,Texas,LinkedIn,7,6387.28,0.042
7279,Books,18-24,Male,New York,Facebook,60,5854.34,0.0466
7280,Books,18-24,Female,Florida,YouTube,60,4220.64,0.0492
7281,Books,18-24,Male,New York,Instagram,14,9569.04,0.0492
7282,Shoes,25-34,Female,New York,Facebook,7,3885.8,0.0433
7283,Smartphones,35-44,Male,Texas,YouTube,7,1389.96,0.0481
7284,Shoes,18-24,Other,Illinois,Google Ads,60,9644.16,0.0935
7285,Laptops,35-44,Female,New York,LinkedIn,30,7427.59,0.0562
7286,Smartphones,18-24,Female,California,Instagram,60,3753.27,0.0471
7287,Furniture,35-44,Male,Illinois,Google Ads,45,3164.86,0.0724
7288,Books,45-54,Male,Florida,Google Ads,30,9316.25,0.0924
7289,Laptops,45-54,Male,Illinois,Google Ads,14,3098.72,0.0685
7290,Smartphones,35-44,Male,Texas,Facebook,7,5603.0,0.0674
7291,Shoes,18-24,Male,Texas,LinkedIn,30,2542.07,0.0507
7292,Books,25-34,Female,Florida,Instagram,14,9954.54,0.069
7293,Shoes,35-44,Other,Florida,LinkedIn,60,7810.33,0.0366
7294,Smartphones,55+,Male,Florida,LinkedIn,14,5892.53,0.0319
7295,Smartphones,25-34,Female,Texas,LinkedIn,45,7585.35,0.0629
7296,Laptops,55+,Other,Illinois,YouTube,14,9205.5,0.0531
7297,Furniture,35-44,Other,New York,YouTube,30,9649.68,0.0701
7298,Shoes,18-24,Male,New York,YouTube,7,7967.18,0.0805
7299,Laptops,55+,Female,California,YouTube,30,8566.13,0.0593
7300,Books,35-44,Female,Texas,LinkedIn,30,4279.04,0.0416
7301,Furniture,25-34,Female,Florida,LinkedIn,7,4222.32,0.0492
7302,Laptops,18-24,Female,Illinois,Instagram,45,8178.82,0.0455
7303,Shoes,55+,Female,Texas,Instagram,30,7716.44,0.0455
7304,Smartphones,35-44,Other,California,Instagram,7,9059.33,0.0706
7305,Books,18-24,Other,New York,Instagram,7,1763.59,0.0278
7306,Shoes,18-24,Other,Illinois,Instagram,30,7062.72,0.0634
7307,Furniture,45-54,Female,New York,YouTube,7,6652.66,0.0778
7308,Furniture,18-24,Other,Illinois,LinkedIn,60,8085.94,0.0446
7309,Smartphones,35-44,Other,Florida,Instagram,30,733.25,0.0378
7310,Smartphones,25-34,Male,Illinois,Facebook,45,8349.4,0.0607
7311,Books,45-54,Other,Florida,Instagram,60,3601.05,0.0456
7312,Books,35-44,Male,Texas,Instagram,45,7027.66,0.0486
7313,Smartphones,35-44,Female,New York,LinkedIn,30,6357.32,0.0473
7314,Smartphones,35-44,Female,Illinois,YouTube,14,4681.88,0.0682
7315,Furniture,55+,Female,Illinois,Google Ads,7,7587.26,0.0939
7316,Smartphones,55+,Female,California,LinkedIn,60,9631.58,0.0242
7317,Laptops,25-34,Other,New York,YouTube,30,3573.01,0.055
7318,Shoes,35-44,Male,Texas,Facebook,7,7610.14,0.0704
7319,Smartphones,55+,Female,Florida,Google Ads,14,3488.1,0.0689
7320,Books,55+,Female,Texas,YouTube,45,8533.7,0.0655
7321,Laptops,55+,Male,California,YouTube,30,4654.1,0.0446
7322,Books,25-34,Male,Texas,LinkedIn,30,4768.02,0.0508
7323,Laptops,25-34,Male,Florida,YouTube,14,7832.87,0.0766
7324,Smartphones,35-44,Male,New York,Instagram,45,5213.61,0.0436
7325,Shoes,45-54,Male,California,YouTube,30,3033.12,0.0313
7326,Books,35-44,Other,Illinois,Google Ads,7,9957.6,0.0841
7327,Laptops,55+,Male,Illinois,YouTube,14,6392.14,0.057
7328,Furniture,55+,Other,New York,Facebook,30,6628.92,0.0508
7329,Smartphones,18-24,Male,Texas,Instagram,45,6642.53,0.0604
7330,Shoes,35-44,Male,Illinois,Google Ads,60,8891.91,0.0663
7331,Smartphones,55+,Female,California,Google Ads,30,2246.78,0.0418
7332,Furniture,55+,Female,Florida,LinkedIn,45,1061.94,0.0281
7333,Shoes,45-54,Female,Texas,LinkedIn,14,4173.65,0.0425
7334,Furniture,18-24,Female,Florida,Instagram,45,5866.6,0.034
7335,Smartphones,35-44,Female,Texas,Google Ads,45,3214.24,0.0634
7336,Laptops,25-34,Female,California,Facebook,14,7047.47,0.0722
7337,Smartphones,35-44,Male,Florida,YouTube,60,1202.2,0.0435
7338,Smartphones,35-44,Male,California,YouTube,7,8011.74,0.0719
7339,Smartphones,45-54,Female,Florida,YouTube,60,7321.82,0.0346
7340,Books,35-44,Female,Texas,LinkedIn,7,2532.48,0.0443
7341,Furniture,45-54,Female,California,Google Ads,7,3335.32,0.0754
7342,Furniture,45-54,Male,Texas,Google Ads,7,8166.52,0.0894
7343,Furniture,55+,Female,Texas,Facebook,30,7846.71,0.0684
7344,Books,25-34,Female,Florida,LinkedIn,60,8230.78,0.0419
7345,Laptops,45-54,Male,Florida,Facebook,45,3561.31,0.0367
7346,Smartphones,18-24,Male,California,Google Ads,30,9710.93,0.0952
7347,Laptops,18-24,Other,Illinois,YouTube,14,7295.71,0.0691
7348,Books,25-34,Female,New York,LinkedIn,14,1119.41,0.0256
7349,Furniture,45-54,Male,Florida,LinkedIn,7,5038.48,0.0646
7350,Smartphones,25-34,Other,Texas,LinkedIn,30,6813.2,0.0615
7351,Shoes,55+,Male,New York,YouTube,30,2102.18,0.0356
7352,Shoes,18-24,Other,California,LinkedIn,14,9066.8,0.0678
7353,Laptops,35-44,Other,New York,Instagram,45,7664.03,0.0606
7354,Furniture,18-24,Female,New York,LinkedIn,60,1273.6,0.0036
7355,Shoes,45-54,Female,Illinois,YouTube,60,9175.38,0.0411
7356,Laptops,25-34,Other,Illinois,LinkedIn,7,4341.51,0.0535
7357,Books,18-24,Female,New York,Instagram,7,4798.46,0.04
7358,Laptops,35-44,Male,Illinois,Instagram,7,7939.53,0.0606
7359,Laptops,35-44,Male,Illinois,LinkedIn,14,6617.98,0.0657
7360,Laptops,25-34,Other,New York,Google Ads,14,4656.52,0.0742
7361,Smartphones,25-34,Other,Florida,Google Ads,60,2966.43,0.0643
7362,Laptops,18-24,Male,Illinois,Facebook,7,5410.51,0.0654
7363,Laptops,45-54,Male,New York,Instagram,30,6002.21,0.052
7364,Smartphones,55+,Other,Florida,Google Ads,45,6493.86,0.05
7365,Smartphones,35-44,Male,Illinois,Facebook,14,6248.1,0.0608
7366,Books,25-34,Male,New York,Google Ads,7,6364.38,0.077
7367,Furniture,55+,Other,Illinois,LinkedIn,7,5019.51,0.0524
7368,Shoes,55+,Female,Florida,Instagram,14,5837.93,0.0417
7369,Shoes,55+,Male,New York,Google Ads,60,3242.06,0.0351
7370,Laptops,45-54,Female,Florida,LinkedIn,60,2004.56,0.0226
7371,Books,25-34,Female,Texas,Facebook,60,6265.89,0.0556
7372,Laptops,35-44,Male,California,LinkedIn,60,946.49,0.0341
7373,Shoes,25-34,Female,Texas,Facebook,30,1119.47,0.0484
7374,Smartphones,18-24,Other,Illinois,Google Ads,7,2849.5,0.0858
7375,Furniture,35-44,Male,Florida,YouTube,60,2346.11,0.0479
7376,Books,25-34,Male,New York,LinkedIn,60,4054.07,0.0308
7377,Smartphones,35-44,Female,Florida,YouTube,45,4027.24,0.0522
7378,Furniture,18-24,Male,Illinois,Instagram,45,1610.13,0.0221
7379,Books,35-44,Male,New York,YouTube,7,2841.78,0.0588
7380,Books,55+,Female,Texas,Instagram,14,543.41,0.0475
7381,Shoes,45-54,Female,Florida,Google Ads,60,3834.16,0.052
7382,Smartphones,18-24,Male,California,Google Ads,30,8066.13,0.1017
7383,Books,35-44,Male,Illinois,LinkedIn,45,3028.52,0.0408
7384,Books,18-24,Other,Illinois,YouTube,60,6611.81,0.0482
7385,Furniture,55+,Other,Florida,Instagram,14,1433.42,0.051
7386,Shoes,45-54,Male,Texas,Instagram,30,616.7,0.0164
7387,Laptops,18-24,Male,Texas,YouTube,45,5234.77,0.0543
7388,Shoes,55+,Other,California,Google Ads,14,4884.1,0.0546
7389,Laptops,55+,Female,California,Google Ads,14,2319.43,0.0653
7390,Smartphones,55+,Male,Florida,Instagram,30,3222.56,0.0317
7391,Smartphones,35-44,Other,New York,LinkedIn,30,791.38,0.019
7392,Books,25-34,Other,Texas,Google Ads,45,8079.1,0.0797
7393,Smartphones,18-24,Male,New York,Facebook,30,3362.19,0.0644
7394,Books,25-34,Male,New York,Instagram,60,2584.84,0.0435
7395,Shoes,55+,Other,Florida,YouTube,30,8144.25,0.0436
7396,Smartphones,25-34,Male,California,YouTube,14,873.1,0.0609
7397,Shoes,55+,Female,New York,Instagram,30,3203.0,0.0153
7398,Shoes,55+,Male,Florida,Instagram,45,2996.15,0.0337
7399,Smartphones,45-54,Other,California,Google Ads,60,2998.24,0.0555
7400,Shoes,45-54,Other,New York,Instagram,30,609.21,0.0255
7401,Smartphones,25-34,Male,New York,Instagram,60,9379.38,0.0602
7402,Smartphones,18-24,Other,California,Facebook,30,8709.38,0.066
7403,Smartphones,25-34,Female,California,YouTube,60,4437.68,0.0613
7404,Laptops,18-24,Male,Illinois,Google Ads,30,4731.63,0.0676
7405,Shoes,25-34,Male,Illinois,LinkedIn,30,5479.47,0.0441
7406,Furniture,35-44,Other,Florida,Google Ads,7,5044.0,0.0878
7407,Smartphones,35-44,Female,Florida,YouTube,14,7901.77,0.068
7408,Shoes,18-24,Male,Texas,LinkedIn,45,5139.99,0.0567
7409,Books,45-54,Other,Illinois,Instagram,45,2293.83,0.0393
7410,Smartphones,18-24,Male,California,Facebook,7,1611.23,0.0617
7411,Smartphones,25-34,Female,Illinois,Facebook,30,9223.58,0.0619
7412,Furniture,55+,Other,Florida,YouTube,14,959.64,0.0512
7413,Laptops,35-44,Male,Florida,YouTube,60,9026.83,0.0647
7414,Laptops,55+,Other,Florida,Facebook,7,7059.55,0.0626
7415,Smartphones,35-44,Other,California,LinkedIn,45,4344.69,0.041
7416,Shoes,25-34,Female,New York,LinkedIn,45,2278.2,0.0324
7417,Books,35-44,Female,Florida,Google Ads,45,3449.58,0.059
7418,Books,18-24,Male,Illinois,Instagram,30,5533.8,0.04
7419,Shoes,55+,Other,New York,LinkedIn,60,6740.08,0.0285
7420,Smartphones,55+,Other,Illinois,Instagram,60,7068.99,0.0314
7421,Books,25-34,Other,Florida,YouTube,60,4749.29,0.0651
7422,Laptops,55+,Male,California,LinkedIn,30,4052.75,0.0346
7423,Shoes,25-34,Female,New York,LinkedIn,45,7799.02,0.0488
7424,Furniture,45-54,Female,New York,LinkedIn,45,9291.43,0.0522
7425,Smartphones,18-24,Other,Florida,Google Ads,30,9187.42,0.0912
7426,Shoes,35-44,Male,Florida,YouTube,14,5740.4,0.0585
7427,Books,35-44,Other,Florida,Facebook,30,1250.69,0.0474
7428,Smartphones,35-44,Female,Texas,Google Ads,30,1196.25,0.0585
7429,Laptops,45-54,Other,California,Google Ads,45,4326.18,0.0651
7430,Smartphones,18-24,Other,California,LinkedIn,60,7462.11,0.0591
7431,Smartphones,55+,Other,Florida,Google Ads,45,5224.77,0.0563
7432,Laptops,55+,Female,Texas,Facebook,14,6459.94,0.0511
7433,Laptops,18-24,Male,Florida,Google Ads,7,8511.53,0.0835
7434,Smartphones,18-24,Other,Florida,Google Ads,7,883.19,0.0852
7435,Laptops,35-44,Female,California,LinkedIn,30,9276.26,0.0577
7436,Shoes,55+,Other,Texas,YouTube,7,3643.53,0.0619
7437,Laptops,18-24,Male,California,Facebook,60,944.48,0.0294
7438,Laptops,55+,Other,Florida,LinkedIn,45,8436.57,0.0387
7439,Smartphones,18-24,Male,Illinois,Google Ads,14,9374.46,0.1031
7440,Shoes,25-34,Female,New York,Facebook,14,7801.91,0.0633
7441,Furniture,35-44,Male,Florida,Instagram,14,8142.9,0.0662
7442,Furniture,18-24,Male,Texas,Google Ads,45,8777.43,0.0643
7443,Books,45-54,Female,Illinois,YouTube,60,5462.45,0.0609
7444,Laptops,18-24,Male,Texas,Google Ads,14,6964.4,0.0878
7445,Laptops,25-34,Male,Florida,YouTube,7,3221.29,0.0721
7446,Shoes,45-54,Female,Florida,Instagram,60,2872.15,0.0344
7447,Furniture,45-54,Male,New York,LinkedIn,60,6284.96,0.046
7448,Books,18-24,Male,Texas,LinkedIn,60,7478.77,0.0416
7449,Shoes,25-34,Other,Illinois,LinkedIn,14,4272.84,0.0433
7450,Laptops,45-54,Male,New York,Facebook,60,4302.77,0.0399
7451,Furniture,35-44,Male,Texas,YouTube,14,9565.22,0.0816
7452,Books,35-44,Male,Florida,Google Ads,7,5425.37,0.0786
7453,Smartphones,55+,Female,New York,Facebook,7,9869.7,0.0527
7454,Furniture,55+,Male,Florida,Facebook,7,8697.01,0.0722
7455,Books,25-34,Female,California,Google Ads,7,6576.75,0.0832
7456,Shoes,45-54,Female,California,Instagram,60,586.79,0.0139
7457,Smartphones,35-44,Male,New York,LinkedIn,60,3311.29,0.0283
7458,Books,35-44,Male,New York,Instagram,14,4467.62,0.0519
7459,Books,25-34,Male,Texas,Instagram,7,6701.74,0.0735
7460,Laptops,45-54,Male,Illinois,LinkedIn,30,4257.47,0.0397
7461,Furniture,25-34,Male,Illinois,Instagram,7,8364.33,0.0464
7462,Laptops,18-24,Male,California,Facebook,45,6797.6,0.037
7463,Smartphones,35-44,Male,California,Google Ads,30,3798.02,0.0738
7464,Books,25-34,Female,California,Facebook,45,7952.12,0.0425
7465,Laptops,25-34,Other,Florida,Facebook,30,3379.36,0.055
7466,Furniture,18-24,Female,Illinois,YouTube,14,1096.47,0.0266
7467,Smartphones,55+,Male,New York,LinkedIn,60,2139.28,0.0073
7468,Shoes,35-44,Other,California,LinkedIn,14,526.03,0.0228
7469,Laptops,25-34,Other,Texas,Facebook,30,8407.33,0.065
7470,Smartphones,35-44,Male,New York,LinkedIn,7,6457.53,0.0436
7471,Shoes,55+,Male,New York,YouTube,14,5920.41,0.052
7472,Laptops,25-34,Female,New York,Google Ads,30,6789.46,0.0971
7473,Smartphones,18-24,Other,Illinois,Instagram,7,6709.18,0.0782
7474,Smartphones,35-44,Other,California,LinkedIn,60,5872.25,0.0286
7475,Laptops,18-24,Male,Texas,Facebook,30,8502.9,0.0683
7476,Smartphones,55+,Male,Florida,LinkedIn,45,4689.0,0.0366
7477,Books,55+,Other,Texas,Facebook,45,8145.69,0.0712
7478,Laptops,35-44,Other,Texas,Instagram,45,7973.02,0.0503
7479,Smartphones,55+,Male,Texas,LinkedIn,7,2395.3,0.0316
7480,Shoes,45-54,Male,Florida,Instagram,7,4810.75,0.0442
7481,Shoes,35-44,Male,Texas,Facebook,14,8431.86,0.0613
7482,Books,45-54,Female,Texas,YouTube,7,8393.12,0.0764
7483,Laptops,55+,Female,California,YouTube,30,728.06,0.0347
7484,Smartphones,35-44,Male,California,Google Ads,45,2618.98,0.0567
7485,Smartphones,45-54,Female,California,Facebook,60,4526.81,0.0415
7486,Shoes,55+,Other,New York,Facebook,45,947.97,0.0161
7487,Books,25-34,Other,Texas,Facebook,30,2975.93,0.0496
7488,Shoes,25-34,Male,Illinois,YouTube,60,2953.85,0.0547
7489,Shoes,18-24,Other,Illinois,YouTube,14,2538.4,0.0714
7490,Books,25-34,Other,Illinois,YouTube,7,4268.26,0.0682
7491,Laptops,45-54,Other,Florida,LinkedIn,30,8223.6,0.0479
7492,Smartphones,25-34,Other,California,LinkedIn,7,2819.08,0.0571
7493,Laptops,35-44,Other,California,YouTube,14,6029.64,0.0738
7494,Furniture,35-44,Female,California,Instagram,60,5796.99,0.0508
7495,Furniture,35-44,Female,Florida,LinkedIn,30,8270.28,0.0657
7496,Furniture,25-34,Male,Texas,LinkedIn,60,4242.99,0.0337
7497,Books,25-34,Other,New York,LinkedIn,30,2623.9,0.038
7498,Shoes,18-24,Female,California,LinkedIn,14,8969.45,0.0697
7499,Laptops,55+,Female,Texas,Google Ads,14,8413.0,0.0785
7500,Smartphones,18-24,Female,Illinois,LinkedIn,14,6404.28,0.0607
7501,Furniture,45-54,Other,New York,Instagram,7,1385.77,0.0403
7502,Laptops,35-44,Female,Illinois,Google Ads,45,653.12,0.0586
7503,Furniture,25-34,Male,Texas,LinkedIn,60,2234.93,0.0242
7504,Furniture,55+,Male,Texas,Facebook,30,2368.07,0.0549
7505,Smartphones,55+,Other,Illinois,Google Ads,60,1794.35,0.0314
7506,Books,25-34,Male,New York,LinkedIn,45,2990.72,0.0401
7507,Shoes,18-24,Female,Illinois,Instagram,7,3709.94,0.0663
7508,Books,55+,Other,Illinois,YouTube,7,7667.16,0.0724
7509,Laptops,18-24,Male,Illinois,LinkedIn,45,7240.46,0.0426
7510,Books,25-34,Other,New York,Facebook,30,1491.6,0.0381
7511,Laptops,18-24,Female,Florida,Instagram,45,9782.52,0.061
7512,Laptops,35-44,Male,New York,Google Ads,7,7645.32,0.0792
7513,Shoes,25-34,Female,Illinois,Instagram,7,2052.62,0.0462
7514,Smartphones,25-34,Male,California,LinkedIn,60,1682.72,0.0289
7515,Shoes,55+,Other,California,Facebook,30,1331.7,0.0222
7516,Books,55+,Male,Texas,Instagram,30,7451.99,0.0688
7517,Laptops,55+,Male,Florida,Instagram,7,2744.72,0.0444
7518,Furniture,35-44,Male,Texas,YouTube,45,1193.2,0.0505
7519,Furniture,35-44,Other,Texas,YouTube,7,4507.36,0.0766
7520,Laptops,45-54,Male,California,LinkedIn,60,7232.64,0.0356
7521,Shoes,25-34,Female,New York,Google Ads,45,3393.29,0.066
7522,Smartphones,55+,Other,Texas,Google Ads,7,5085.13,0.0673
7523,Shoes,25-34,Other,Texas,Facebook,30,2330.41,0.0395
7524,Laptops,18-24,Female,Florida,LinkedIn,60,4576.91,0.0437
7525,Laptops,35-44,Other,California,Google Ads,7,3909.95,0.0819
7526,Smartphones,45-54,Male,New York,Instagram,7,4622.22,0.0525
7527,Books,18-24,Other,Florida,LinkedIn,14,4924.26,0.0416
7528,Books,25-34,Female,New York,Instagram,45,1376.84,0.0354
7529,Smartphones,35-44,Other,New York,Facebook,14,1387.0,0.0293
7530,Books,55+,Female,Texas,LinkedIn,30,2975.8,0.0363
7531,Furniture,18-24,Other,Florida,Facebook,45,1599.7,0.0238
7532,Books,35-44,Female,Texas,YouTube,60,2901.45,0.0477
7533,Books,25-34,Other,Illinois,Facebook,45,733.17,0.0398
7534,Books,25-34,Male,New York,YouTube,7,3832.02,0.0674
7535,Furniture,18-24,Female,Florida,LinkedIn,7,2527.4,0.0367
7536,Books,18-24,Female,California,Instagram,7,8975.39,0.0611
7537,Furniture,18-24,Other,Texas,Instagram,45,8652.5,0.0444
7538,Smartphones,45-54,Other,Illinois,Instagram,7,3353.98,0.0352
7539,Shoes,55+,Other,Illinois,Facebook,7,5017.11,0.0528
7540,Smartphones,35-44,Male,Illinois,LinkedIn,14,9580.03,0.0621
7541,Shoes,25-34,Other,Texas,LinkedIn,7,5478.92,0.0492
7542,Smartphones,25-34,Female,California,YouTube,14,8560.12,0.079
7543,Shoes,55+,Other,Florida,LinkedIn,30,8350.56,0.0336
7544,Shoes,18-24,Male,New York,Instagram,45,9442.25,0.0758
7545,Laptops,18-24,Other,California,LinkedIn,14,3404.16,0.0355
7546,Shoes,25-34,Other,Texas,YouTube,45,912.73,0.0475
7547,Shoes,55+,Female,Florida,LinkedIn,45,1487.56,0.0157
7548,Laptops,25-34,Other,New York,LinkedIn,60,5927.33,0.0419
7549,Books,18-24,Male,Florida,Instagram,14,5537.64,0.0677
7550,Books,35-44,Other,New York,LinkedIn,7,3335.3,0.055
7551,Laptops,18-24,Other,New York,Facebook,60,2862.78,0.0282
7552,Furniture,35-44,Female,Illinois,YouTube,14,7239.12,0.08
7553,Shoes,45-54,Other,Texas,YouTube,14,3734.78,0.0513
7554,Shoes,55+,Female,California,YouTube,30,6237.54,0.0493
7555,Laptops,45-54,Female,Illinois,LinkedIn,7,7266.79,0.0522
7556,Laptops,18-24,Other,Illinois,Facebook,30,4589.42,0.0488
7557,Furniture,55+,Female,Florida,YouTube,45,2337.36,0.0445
7558,Books,18-24,Female,New York,Google Ads,7,8677.41,0.0777
7559,Smartphones,55+,Other,New York,Instagram,30,1388.54,0.019
7560,Books,55+,Other,Florida,Google Ads,30,8379.97,0.0901
7561,Shoes,18-24,Male,Texas,Google Ads,7,8448.46,0.0973
7562,Laptops,18-24,Male,New York,YouTube,14,5924.49,0.0739
7563,Furniture,55+,Female,Illinois,Google Ads,45,6480.02,0.0772
7564,Books,55+,Female,Illinois,Google Ads,60,3901.16,0.0756
7565,Furniture,18-24,Other,New York,Facebook,60,8495.05,0.0338
7566,Books,18-24,Male,New York,Instagram,60,3005.19,0.0253
7567,Shoes,25-34,Male,Texas,LinkedIn,45,5817.87,0.054
7568,Smartphones,25-34,Other,New York,YouTube,7,517.05,0.0462
7569,Furniture,25-34,Other,Texas,YouTube,7,9428.51,0.062
7570,Furniture,45-54,Other,Illinois,Google Ads,7,9508.82,0.0976
7571,Smartphones,55+,Other,Texas,LinkedIn,60,7248.96,0.0231
7572,Furniture,35-44,Male,New York,LinkedIn,14,4520.78,0.0505
7573,Furniture,45-54,Other,California,LinkedIn,30,2196.81,0.043
7574,Books,55+,Other,New York,YouTube,60,5178.4,0.051
7575,Books,35-44,Male,California,YouTube,45,8018.4,0.052
7576,Smartphones,25-34,Other,Illinois,Facebook,7,6250.1,0.0784
7577,Shoes,35-44,Male,Florida,YouTube,30,5511.22,0.0575
7578,Furniture,18-24,Male,Illinois,YouTube,7,8569.72,0.0645
7579,Shoes,18-24,Other,Illinois,Facebook,7,3474.77,0.0721
7580,Smartphones,55+,Other,Illinois,YouTube,7,8669.66,0.061
7581,Smartphones,45-54,Female,Texas,Google Ads,14,4674.81,0.0709
7582,Books,25-34,Female,Illinois,Google Ads,30,522.93,0.0564
7583,Furniture,55+,Male,Florida,Facebook,60,7453.45,0.0608
7584,Laptops,25-34,Male,New York,Facebook,14,8839.51,0.0735
7585,Smartphones,18-24,Female,California,Google Ads,45,5101.43,0.0786
7586,Furniture,45-54,Male,Illinois,LinkedIn,45,4820.1,0.0494
7587,Shoes,45-54,Female,California,YouTube,60,8151.76,0.0404
7588,Books,18-24,Other,Illinois,Instagram,30,8905.36,0.0528
7589,Shoes,35-44,Other,Texas,Instagram,60,9756.99,0.0517
7590,Smartphones,45-54,Other,California,Facebook,14,3783.68,0.0387
7591,Smartphones,35-44,Male,Illinois,Instagram,30,6149.54,0.053
7592,Shoes,25-34,Other,Illinois,LinkedIn,45,8317.72,0.0534
7593,Smartphones,45-54,Male,Florida,Instagram,30,5552.59,0.0429
7594,Furniture,18-24,Other,Florida,Google Ads,30,4887.61,0.0647
7595,Smartphones,35-44,Male,Florida,Facebook,30,5933.35,0.054
7596,Books,25-34,Male,Texas,Instagram,60,3890.24,0.049
7597,Furniture,25-34,Female,California,YouTube,7,2324.72,0.0539
7598,Laptops,45-54,Female,Texas,Facebook,14,1133.0,0.0432
7599,Smartphones,45-54,Female,New York,LinkedIn,30,6294.82,0.029
7600,Smartphones,55+,Male,Illinois,Google Ads,30,4101.78,0.055
7601,Books,55+,Female,Illinois,Instagram,60,8888.05,0.0583
7602,Books,45-54,Female,Illinois,Google Ads,14,2618.11,0.0817
7603,Shoes,55+,Female,Florida,LinkedIn,14,3451.76,0.0285
7604,Shoes,18-24,Male,Illinois,Instagram,45,9719.81,0.0742
7605,Shoes,18-24,Male,Florida,Facebook,14,5784.77,0.0698
7606,Books,55+,Female,New York,Facebook,14,3794.15,0.0605
7607,Shoes,45-54,Female,Texas,YouTube,30,8678.5,0.0543
7608,Shoes,18-24,Male,Texas,LinkedIn,7,7562.06,0.0787
7609,Laptops,25-34,Male,Texas,Instagram,30,5944.86,0.0699
7610,Shoes,45-54,Female,Florida,Google Ads,60,8946.45,0.0659
7611,Smartphones,35-44,Female,California,Google Ads,14,1392.63,0.0576
7612,Books,35-44,Female,California,Instagram,7,4247.69,0.0454
7613,Furniture,45-54,Male,New York,LinkedIn,30,8200.23,0.0559
7614,Laptops,55+,Female,California,LinkedIn,45,4166.46,0.0271
7615,Books,18-24,Male,New York,Google Ads,60,9304.0,0.0729
7616,Books,18-24,Other,Illinois,Instagram,60,1948.95,0.0214
7617,Smartphones,45-54,Female,Texas,Instagram,60,3698.05,0.0336
7618,Shoes,25-34,Other,Florida,Google Ads,30,4544.55,0.0821
7619,Smartphones,55+,Male,New York,Instagram,7,7026.14,0.0371
7620,Shoes,25-34,Other,Florida,Instagram,7,2355.82,0.056
7621,Shoes,45-54,Female,Florida,Facebook,14,593.71,0.0257
7622,Books,45-54,Other,Texas,Facebook,7,9776.84,0.0697
7623,Shoes,25-34,Other,Illinois,YouTube,45,9038.19,0.0649
7624,Laptops,35-44,Other,Illinois,YouTube,60,3352.11,0.0511
7625,Laptops,45-54,Male,California,LinkedIn,30,5093.07,0.0453
7626,Laptops,55+,Female,Illinois,Facebook,60,5144.74,0.0356
7627,Books,25-34,Male,Texas,Facebook,60,8757.64,0.0509
7628,Smartphones,35-44,Other,Florida,Facebook,45,6172.07,0.0583
7629,Furniture,25-34,Other,New York,Facebook,60,8351.09,0.0545
7630,Shoes,35-44,Male,New York,LinkedIn,60,9163.94,0.0405
7631,Furniture,35-44,Male,Illinois,Google Ads,45,5876.55,0.089
7632,Smartphones,55+,Other,California,LinkedIn,45,3212.08,0.0181
7633,Smartphones,45-54,Female,New York,Google Ads,7,5237.72,0.0689
7634,Books,35-44,Male,California,YouTube,60,8583.26,0.0545
7635,Laptops,45-54,Other,New York,Facebook,14,6044.38,0.0623
7636,Laptops,55+,Other,California,Google Ads,14,9009.36,0.0723
7637,Smartphones,45-54,Female,California,LinkedIn,14,9006.64,0.041
7638,Books,18-24,Other,Florida,Google Ads,45,4046.92,0.0641
7639,Books,35-44,Male,Texas,Instagram,60,4757.08,0.0514
7640,Shoes,55+,Other,New York,YouTube,7,6940.18,0.0518
7641,Laptops,25-34,Other,Illinois,YouTube,60,1555.11,0.0483
7642,Smartphones,55+,Other,Texas,Facebook,14,4922.79,0.0425
7643,Furniture,35-44,Other,Florida,Facebook,30,1919.16,0.0534
7644,Laptops,55+,Female,Florida,LinkedIn,14,8555.58,0.0463
7645,Shoes,25-34,Male,Florida,Google Ads,45,9456.45,0.0932
7646,Books,18-24,Other,Illinois,Instagram,60,1844.71,0.0189
7647,Smartphones,35-44,Male,New York,YouTube,45,6839.74,0.0583
7648,Laptops,35-44,Female,New York,Google Ads,7,6547.16,0.0911
7649,Furniture,55+,Male,California,Instagram,60,7720.71,0.0354
7650,Shoes,45-54,Female,California,Google Ads,60,7109.91,0.0559
7651,Shoes,45-54,Male,California,Facebook,60,2562.73,0.0308
7652,Laptops,25-34,Male,Illinois,YouTube,30,3266.52,0.0574
7653,Furniture,18-24,Other,Texas,Instagram,60,2069.71,0.0224
7654,Shoes,18-24,Male,New York,Facebook,30,9250.87,0.0656
7655,Smartphones,55+,Other,California,LinkedIn,60,5457.32,0.0194
7656,Shoes,55+,Other,Illinois,LinkedIn,14,9773.53,0.0485
7657,Furniture,45-54,Male,Illinois,Facebook,7,4768.56,0.076
7658,Books,18-24,Other,California,Instagram,60,5750.87,0.0403
7659,Books,18-24,Male,Florida,Instagram,45,7998.29,0.0439
7660,Laptops,18-24,Other,Florida,YouTube,14,8073.62,0.0706
7661,Furniture,25-34,Other,Florida,Facebook,45,2695.92,0.0332
7662,Shoes,25-34,Female,California,LinkedIn,45,3238.69,0.0353
7663,Shoes,55+,Female,Illinois,Facebook,30,1429.16,0.0318
7664,Books,45-54,Male,Illinois,Google Ads,7,8151.91,0.0821
7665,Books,35-44,Other,New York,Instagram,45,8041.68,0.0514
7666,Smartphones,45-54,Female,Florida,Google Ads,14,1271.96,0.0522
7667,Books,25-34,Female,California,LinkedIn,7,2945.61,0.0523
7668,Smartphones,25-34,Female,New York,Instagram,14,4773.74,0.0625
7669,Shoes,55+,Other,Illinois,LinkedIn,45,5646.9,0.0314
7670,Smartphones,35-44,Male,New York,LinkedIn,7,5464.17,0.0482
7671,Smartphones,18-24,Other,Florida,LinkedIn,60,9839.22,0.066
7672,Laptops,35-44,Other,Texas,YouTube,45,7759.19,0.0747
7673,Books,35-44,Female,Florida,LinkedIn,45,1575.28,0.0333
7674,Smartphones,35-44,Other,Florida,LinkedIn,30,3288.27,0.0368
7675,Shoes,55+,Other,California,Google Ads,14,3781.56,0.0509
7676,Furniture,25-34,Female,Texas,Google Ads,60,3493.91,0.0737
7677,Smartphones,18-24,Female,Texas,Google Ads,7,7966.48,0.107
7678,Books,35-44,Other,Texas,Instagram,45,3925.33,0.0358
7679,Laptops,18-24,Female,Illinois,YouTube,45,5178.05,0.0558
7680,Shoes,35-44,Male,New York,Instagram,60,5567.81,0.0389
7681,Laptops,25-34,Male,Illinois,YouTube,45,3069.02,0.0675
7682,Furniture,18-24,Male,Texas,YouTube,14,3565.61,0.0402
7683,Smartphones,45-54,Male,California,Facebook,7,7909.98,0.0555
7684,Smartphones,25-34,Male,Florida,Facebook,60,8733.49,0.0615
7685,Books,18-24,Female,Florida,Facebook,60,852.26,0.0215
7686,Smartphones,35-44,Female,Illinois,YouTube,30,6248.97,0.0694
7687,Shoes,35-44,Male,Illinois,YouTube,7,6517.64,0.0578
7688,Furniture,25-34,Male,California,Instagram,60,7504.44,0.0499
7689,Laptops,25-34,Male,Florida,YouTube,45,7091.54,0.0595
7690,Furniture,35-44,Female,Illinois,LinkedIn,7,8835.53,0.0624
7691,Smartphones,18-24,Female,New York,LinkedIn,14,1245.49,0.0493
7692,Laptops,45-54,Other,Illinois,YouTube,60,4189.54,0.0514
7693,Books,55+,Other,Illinois,LinkedIn,14,7929.85,0.0628
7694,Furniture,25-34,Other,Texas,YouTube,60,8542.51,0.0656
7695,Laptops,35-44,Other,New York,Facebook,45,3015.3,0.0446
7696,Laptops,18-24,Female,New York,YouTube,30,6060.2,0.0683
7697,Laptops,25-34,Female,California,Facebook,45,2217.27,0.0473
7698,Shoes,18-24,Female,Texas,Google Ads,14,8583.5,0.1036
7699,Furniture,25-34,Female,New York,LinkedIn,7,7439.09,0.0524
7700,Laptops,35-44,Male,Texas,Google Ads,14,2609.62,0.0805
7701,Furniture,18-24,Other,Texas,LinkedIn,30,6425.84,0.0276
7702,Laptops,35-44,Female,Florida,Google Ads,60,5338.54,0.0683
7703,Books,18-24,Female,New York,YouTube,60,2958.85,0.0371
7704,Books,25-34,Other,Florida,Google Ads,14,8984.66,0.0909
7705,Books,55+,Female,Illinois,LinkedIn,7,1904.47,0.0427
7706,Smartphones,55+,Male,Illinois,Instagram,60,4940.87,0.0262
7707,Laptops,45-54,Female,Florida,LinkedIn,60,6036.58,0.037
7708,Smartphones,45-54,Other,Illinois,Instagram,30,8323.68,0.0563
7709,Furniture,35-44,Male,Florida,YouTube,30,1926.71,0.0642
7710,Smartphones,18-24,Male,California,LinkedIn,7,6287.16,0.0554
7711,Furniture,45-54,Other,Texas,Google Ads,60,562.32,0.0573
7712,Furniture,25-34,Other,California,YouTube,45,8314.52,0.0562
7713,Furniture,55+,Male,New York,LinkedIn,14,2729.96,0.0376
7714,Smartphones,18-24,Female,California,YouTube,60,7348.7,0.0688
7715,Laptops,55+,Other,California,Instagram,14,6217.84,0.052
7716,Smartphones,18-24,Male,Illinois,YouTube,60,976.21,0.0467
7717,Laptops,45-54,Other,Florida,Google Ads,30,2240.69,0.0653
7718,Laptops,45-54,Female,New York,LinkedIn,7,3043.54,0.0396
7719,Furniture,35-44,Female,Illinois,Instagram,45,8923.91,0.0616
7720,Smartphones,18-24,Male,New York,YouTube,30,5067.63,0.068
7721,Laptops,25-34,Female,Texas,Facebook,7,9178.28,0.0713
7722,Books,45-54,Female,Florida,Instagram,30,950.77,0.0394
7723,Laptops,35-44,Female,Illinois,Instagram,14,562.36,0.0452
7724,Books,45-54,Other,California,Google Ads,60,9508.34,0.0739
7725,Smartphones,55+,Male,Texas,Google Ads,30,7377.21,0.0647
7726,Smartphones,45-54,Male,California,YouTube,7,7941.51,0.0521
7727,Smartphones,18-24,Male,New York,Facebook,60,9200.15,0.0627
7728,Laptops,35-44,Female,Texas,Instagram,14,9853.12,0.0713
7729,Shoes,18-24,Other,Illinois,YouTube,14,1428.27,0.054
7730,Laptops,25-34,Male,California,Facebook,45,2003.77,0.0505
7731,Laptops,25-34,Other,California,YouTube,60,2291.45,0.0442
7732,Furniture,45-54,Male,New York,Instagram,14,8274.97,0.0753
7733,Furniture,35-44,Female,New York,YouTube,30,3877.72,0.0653
7734,Laptops,35-44,Male,Florida,Google Ads,14,6136.08,0.0761
7735,Books,35-44,Male,Florida,Google Ads,14,8624.61,0.0909
7736,Furniture,35-44,Female,New York,LinkedIn,14,6990.02,0.0558
7737,Laptops,45-54,Female,Florida,Facebook,45,1121.45,0.0361
7738,Shoes,18-24,Male,California,Instagram,7,4733.9,0.0755
7739,Books,45-54,Other,New York,Facebook,14,1141.25,0.0495
7740,Smartphones,18-24,Female,Texas,Google Ads,7,5049.01,0.0952
7741,Laptops,55+,Male,New York,Instagram,60,2583.38,0.0156
7742,Laptops,55+,Female,Illinois,LinkedIn,7,512.43,0.0264
7743,Books,18-24,Other,Illinois,Google Ads,60,8224.94,0.0722
7744,Furniture,45-54,Male,New York,Google Ads,45,9709.14,0.089
7745,Furniture,25-34,Male,Texas,Facebook,60,9659.26,0.0543
7746,Furniture,45-54,Other,New York,YouTube,60,3342.26,0.0534
7747,Smartphones,25-34,Other,Texas,Facebook,30,8373.35,0.0694
7748,Books,45-54,Male,California,Google Ads,45,6948.38,0.0764
7749,Books,35-44,Other,California,Facebook,14,8100.73,0.0544
7750,Furniture,35-44,Other,Texas,YouTube,45,8539.26,0.0753
7751,Furniture,55+,Male,Florida,LinkedIn,30,9812.65,0.0572
7752,Shoes,55+,Female,California,Instagram,60,1941.43,0.0122
7753,Shoes,18-24,Other,Illinois,Google Ads,45,7812.59,0.0919
7754,Laptops,25-34,Female,New York,Facebook,30,7474.46,0.0677
7755,Laptops,35-44,Female,Florida,Google Ads,14,3233.49,0.0882
7756,Books,45-54,Female,Illinois,Instagram,60,4229.58,0.0401
7757,Books,18-24,Other,New York,Facebook,45,2179.2,0.039
7758,Smartphones,45-54,Male,Illinois,LinkedIn,45,9176.1,0.0463
7759,Smartphones,35-44,Male,Florida,Instagram,60,8853.69,0.049
7760,Shoes,35-44,Male,Texas,YouTube,45,6333.33,0.0641
7761,Laptops,35-44,Male,New York,YouTube,60,5360.48,0.0506
7762,Shoes,35-44,Male,Illinois,Google Ads,30,2712.44,0.0624
7763,Shoes,45-54,Male,Illinois,YouTube,60,8001.23,0.0365
7764,Laptops,18-24,Female,Florida,Facebook,14,577.95,0.0308
7765,Smartphones,35-44,Female,Florida,YouTube,60,4896.47,0.0436
7766,Laptops,55+,Female,Florida,LinkedIn,45,8675.24,0.0481
7767,Furniture,18-24,Other,Texas,Facebook,60,6375.61,0.0314
7768,Furniture,55+,Other,California,Google Ads,60,6533.67,0.0627
7769,Furniture,45-54,Other,Illinois,Google Ads,60,1171.72,0.0614
7770,Books,35-44,Male,Texas,YouTube,14,3223.69,0.0593
7771,Smartphones,18-24,Female,Illinois,YouTube,14,6901.69,0.0897
7772,Smartphones,35-44,Other,Texas,Google Ads,45,971.36,0.0665
7773,Books,35-44,Female,New York,Facebook,45,3643.89,0.033
7774,Shoes,18-24,Male,California,Instagram,60,3862.47,0.0533
7775,Furniture,35-44,Female,Illinois,Google Ads,7,5237.82,0.0766
7776,Furniture,35-44,Male,Florida,LinkedIn,30,3942.56,0.0438
7777,Shoes,25-34,Other,California,Facebook,60,4814.12,0.0506
7778,Laptops,25-34,Male,Illinois,Instagram,30,5696.47,0.0535
7779,Laptops,18-24,Male,New York,Instagram,14,1719.3,0.0431
7780,Smartphones,18-24,Female,Illinois,Facebook,45,2214.52,0.0564
7781,Books,35-44,Male,Illinois,Google Ads,7,8408.85,0.0788
7782,Smartphones,55+,Other,Illinois,Instagram,45,4867.8,0.0355
7783,Laptops,18-24,Other,California,LinkedIn,14,3873.94,0.0445
7784,Shoes,35-44,Male,Illinois,Facebook,60,4621.87,0.0405
7785,Smartphones,55+,Female,Florida,YouTube,14,2160.78,0.0378
7786,Furniture,25-34,Other,Texas,Google Ads,7,2778.55,0.0763
7787,Furniture,18-24,Other,Florida,Facebook,60,5397.47,0.0263
7788,Shoes,35-44,Male,New York,LinkedIn,60,3909.8,0.0193
7789,Laptops,25-34,Male,California,Instagram,7,5016.83,0.0624
7790,Furniture,45-54,Other,Texas,Google Ads,45,1922.19,0.075
7791,Furniture,25-34,Male,California,Google Ads,60,1986.45,0.0495
7792,Books,35-44,Male,California,Facebook,45,4147.46,0.0505
7793,Smartphones,55+,Other,Illinois,Facebook,30,4099.15,0.0376
7794,Laptops,45-54,Female,Florida,LinkedIn,7,8891.66,0.0579
7795,Smartphones,45-54,Female,Texas,YouTube,30,817.79,0.0318
7796,Laptops,45-54,Other,Illinois,Facebook,60,9932.13,0.0507
7797,Furniture,18-24,Male,Texas,Facebook,7,9586.97,0.0541
7798,Books,35-44,Other,Florida,Facebook,60,5651.38,0.0616
7799,Smartphones,45-54,Other,Illinois,LinkedIn,7,7328.2,0.0384
7800,Furniture,25-34,Male,Texas,Instagram,45,9384.92,0.0472
7801,Laptops,55+,Female,Illinois,YouTube,14,2886.34,0.0666
7802,Smartphones,35-44,Female,California,LinkedIn,14,3498.49,0.0415
7803,Smartphones,25-34,Male,New York,Facebook,7,1553.78,0.0567
7804,Furniture,18-24,Other,Texas,Instagram,30,5856.54,0.0434
7805,Smartphones,45-54,Male,Florida,Facebook,7,2014.76,0.0474
7806,Books,25-34,Other,Texas,LinkedIn,45,9343.27,0.0559
7807,Books,35-44,Male,New York,Google Ads,30,4599.89,0.0774
7808,Furniture,25-34,Male,Texas,Facebook,7,9237.02,0.0746
7809,Laptops,18-24,Female,Texas,Instagram,7,2448.45,0.0527
7810,Furniture,55+,Female,Texas,YouTube,60,7093.35,0.0658
7811,Books,45-54,Male,Florida,Google Ads,45,6652.12,0.0917
7812,Shoes,35-44,Male,New York,Facebook,45,4296.92,0.0413
7813,Shoes,45-54,Female,New York,Facebook,14,9034.26,0.0537
7814,Smartphones,45-54,Other,Florida,Instagram,60,4630.62,0.0318
7815,Smartphones,45-54,Female,Texas,Google Ads,30,2385.09,0.0577
7816,Shoes,25-34,Other,Texas,Google Ads,14,9781.36,0.095
7817,Books,25-34,Female,New York,Google Ads,45,4694.07,0.0648
7818,Smartphones,55+,Female,Texas,Facebook,7,2476.69,0.0393
7819,Furniture,18-24,Other,California,Google Ads,60,3954.51,0.0475
7820,Furniture,35-44,Male,Texas,Facebook,45,6328.34,0.0728
7821,Books,25-34,Female,Texas,Facebook,45,5364.26,0.0486
7822,Smartphones,45-54,Female,Illinois,Google Ads,60,6533.61,0.0629
7823,Furniture,18-24,Female,New York,LinkedIn,45,6787.64,0.0219
7824,Smartphones,35-44,Male,New York,YouTube,14,1672.12,0.0529
7825,Smartphones,35-44,Female,California,YouTube,60,3491.41,0.0492
7826,Furniture,35-44,Male,California,LinkedIn,45,7612.66,0.061
7827,Shoes,35-44,Female,California,Google Ads,45,6678.49,0.0628
7828,Furniture,55+,Other,New York,Facebook,60,1339.31,0.0318
7829,Books,35-44,Female,Illinois,Instagram,7,3493.9,0.0602
7830,Laptops,18-24,Female,Illinois,LinkedIn,30,9347.56,0.0562
7831,Furniture,25-34,Male,Florida,YouTube,60,8689.12,0.0449
7832,Smartphones,18-24,Male,New York,YouTube,7,6871.11,0.0771
7833,Smartphones,45-54,Male,Florida,Facebook,45,1192.21,0.0322
7834,Furniture,55+,Other,Texas,YouTube,14,6267.02,0.0681
7835,Laptops,55+,Other,California,YouTube,45,615.79,0.0304
7836,Furniture,45-54,Male,Florida,Facebook,45,6780.7,0.0688
7837,Laptops,18-24,Other,Florida,Google Ads,7,7446.51,0.0859
7838,Laptops,18-24,Male,New York,YouTube,60,5223.81,0.0543
7839,Books,45-54,Other,California,Google Ads,30,536.16,0.0653
7840,Smartphones,35-44,Male,California,Instagram,30,6832.8,0.0565
7841,Smartphones,35-44,Male,Illinois,Google Ads,60,8287.53,0.0667
7842,Laptops,25-34,Other,Florida,Facebook,60,6065.74,0.0563
7843,Smartphones,18-24,Female,Illinois,Facebook,14,7237.38,0.0773
7844,Shoes,18-24,Male,Florida,Facebook,60,1358.05,0.0425
7845,Laptops,45-54,Male,New York,YouTube,14,7295.56,0.0686
7846,Smartphones,45-54,Female,New York,LinkedIn,60,6334.83,0.0231
7847,Shoes,35-44,Male,Texas,YouTube,14,3644.69,0.0565
7848,Books,18-24,Male,Florida,Google Ads,60,7010.67,0.0756
7849,Smartphones,18-24,Other,Florida,Instagram,60,6633.04,0.0608
7850,Shoes,55+,Female,California,Instagram,30,6194.87,0.0332
7851,Furniture,25-34,Male,California,Instagram,45,2237.98,0.0363
7852,Furniture,25-34,Male,Illinois,Instagram,45,3314.11,0.0388
7853,Shoes,35-44,Female,Texas,LinkedIn,14,9918.14,0.0622
7854,Laptops,18-24,Female,New York,Instagram,7,4614.54,0.048
7855,Laptops,55+,Other,Florida,YouTube,30,1064.55,0.024
7856,Smartphones,18-24,Other,Illinois,Instagram,60,9040.55,0.0704
7857,Furniture,45-54,Other,Texas,Facebook,30,2142.85,0.0515
7858,Laptops,35-44,Male,California,Google Ads,7,4333.44,0.0749
7859,Laptops,25-34,Female,Texas,YouTube,30,3140.99,0.0658
7860,Furniture,18-24,Other,Illinois,LinkedIn,7,9656.82,0.045
7861,Books,35-44,Female,New York,YouTube,7,4091.94,0.0585
7862,Laptops,25-34,Male,California,Facebook,7,7232.81,0.075
7863,Shoes,18-24,Male,California,Instagram,7,6184.64,0.0741
7864,Smartphones,55+,Female,New York,Instagram,7,908.26,0.0342
7865,Laptops,35-44,Female,California,LinkedIn,60,4150.99,0.0333
7866,Laptops,18-24,Other,Illinois,Google Ads,30,4205.21,0.0736
7867,Books,25-34,Female,California,Instagram,45,9903.42,0.0547
7868,Shoes,25-34,Other,Florida,LinkedIn,45,8213.32,0.051
7869,Smartphones,55+,Female,Texas,Instagram,60,8638.22,0.0392
7870,Laptops,35-44,Female,Illinois,YouTube,14,3478.45,0.0674
7871,Smartphones,35-44,Female,New York,LinkedIn,7,3626.02,0.0446
7872,Furniture,18-24,Male,Illinois,LinkedIn,30,5398.25,0.0276
7873,Laptops,25-34,Male,Florida,LinkedIn,7,6494.64,0.0603
7874,Laptops,25-34,Male,California,Instagram,7,7418.79,0.0617
7875,Furniture,55+,Other,California,LinkedIn,45,8297.62,0.0395
7876,Books,55+,Other,Illinois,YouTube,7,8795.42,0.0789
7877,Laptops,35-44,Male,California,Google Ads,30,733.95,0.0674
7878,Smartphones,25-34,Male,California,Google Ads,30,8062.91,0.0977
7879,Shoes,18-24,Female,Florida,Facebook,45,6302.95,0.0755
7880,Smartphones,45-54,Female,New York,YouTube,60,5554.81,0.0386
7881,Books,18-24,Other,Texas,YouTube,45,6470.43,0.0604
7882,Shoes,55+,Other,Illinois,LinkedIn,45,8878.41,0.0196
7883,Smartphones,18-24,Female,New York,Facebook,7,5680.26,0.072
7884,Smartphones,25-34,Other,Texas,YouTube,14,2040.79,0.0628
7885,Furniture,35-44,Male,New York,YouTube,60,4649.38,0.0686
7886,Books,45-54,Female,Illinois,YouTube,60,9282.37,0.0663
7887,Furniture,35-44,Female,Florida,Instagram,60,8237.6,0.0605
7888,Shoes,45-54,Other,Florida,YouTube,7,2428.93,0.0482
7889,Furniture,45-54,Female,Florida,Instagram,45,7284.37,0.0587
7890,Books,25-34,Female,New York,YouTube,7,2934.15,0.0607
7891,Laptops,25-34,Male,Illinois,Google Ads,30,3811.1,0.0736
7892,Laptops,55+,Female,California,Instagram,14,4954.71,0.0459
7893,Shoes,55+,Female,California,Instagram,14,4688.26,0.0445
7894,Laptops,45-54,Female,Florida,LinkedIn,7,778.16,0.0321
7895,Furniture,55+,Female,New York,YouTube,45,7853.09,0.0575
7896,Shoes,25-34,Male,California,Facebook,60,8540.67,0.0542
7897,Books,55+,Female,New York,Facebook,30,5543.96,0.0661
7898,Shoes,45-54,Male,Illinois,Facebook,30,2143.04,0.0344
7899,Shoes,35-44,Male,Florida,Facebook,14,2855.41,0.0448
7900,Smartphones,18-24,Male,Texas,Google Ads,45,1700.18,0.0806
7901,Smartphones,55+,Other,Florida,Facebook,60,2110.31,0.0197
7902,Shoes,25-34,Other,Texas,LinkedIn,14,8825.78,0.0602
7903,Laptops,35-44,Female,California,Facebook,45,5061.55,0.0534
7904,Smartphones,25-34,Male,Texas,LinkedIn,60,1554.63,0.0304
7905,Books,55+,Other,New York,Instagram,7,2920.08,0.0437
7906,Furniture,45-54,Female,Texas,YouTube,45,9520.26,0.0755
7907,Smartphones,18-24,Other,California,Facebook,30,5338.02,0.0533
7908,Shoes,18-24,Male,California,LinkedIn,45,5398.53,0.0452
7909,Laptops,35-44,Female,Florida,LinkedIn,45,5493.63,0.0527
7910,Furniture,18-24,Male,California,YouTube,45,1560.36,0.0285
7911,Smartphones,45-54,Male,New York,Instagram,60,9717.98,0.0383
7912,Laptops,25-34,Other,Texas,Facebook,60,1302.61,0.0364
7913,Laptops,45-54,Female,Illinois,LinkedIn,7,7150.37,0.0481
7914,Laptops,35-44,Female,California,Facebook,7,1048.77,0.0498
7915,Shoes,35-44,Female,Texas,Google Ads,60,4714.12,0.0617
7916,Books,18-24,Other,Florida,LinkedIn,60,9046.94,0.035
7917,Laptops,45-54,Female,Illinois,Instagram,14,7800.22,0.0517
7918,Furniture,25-34,Other,Florida,YouTube,45,3679.42,0.0508
7919,Smartphones,45-54,Female,New York,LinkedIn,45,5737.8,0.0317
7920,Furniture,25-34,Other,Florida,Google Ads,30,2070.11,0.0659
7921,Shoes,25-34,Female,Texas,YouTube,60,9583.14,0.0596
7922,Shoes,45-54,Other,Illinois,Instagram,60,7232.43,0.0447
7923,Furniture,55+,Male,Florida,Facebook,7,4055.79,0.0556
7924,Books,45-54,Male,Florida,Facebook,7,3520.38,0.0651
7925,Shoes,25-34,Male,New York,LinkedIn,45,2767.07,0.0297
7926,Shoes,35-44,Female,Texas,YouTube,45,7971.94,0.0734
7927,Furniture,35-44,Other,Florida,Google Ads,60,4628.84,0.0842
7928,Shoes,18-24,Male,Texas,Google Ads,45,3637.06,0.0767
7929,Books,35-44,Female,California,Instagram,60,9099.61,0.051
7930,Books,55+,Other,New York,YouTube,30,1927.07,0.0474
7931,Books,25-34,Male,New York,YouTube,30,3006.44,0.0499
7932,Smartphones,45-54,Male,New York,Facebook,14,3775.27,0.045
7933,Books,45-54,Female,Texas,Instagram,7,2968.59,0.0627
7934,Books,55+,Other,Florida,Instagram,14,6061.33,0.0585
7935,Smartphones,35-44,Female,Florida,Instagram,30,6209.8,0.0497
7936,Laptops,25-34,Male,Texas,YouTube,45,1020.12,0.0553
7937,Shoes,35-44,Female,Texas,Facebook,7,1873.03,0.054
7938,Books,18-24,Female,California,Instagram,7,2386.02,0.0378
7939,Shoes,35-44,Male,Illinois,Facebook,14,1168.12,0.0441
7940,Furniture,18-24,Male,Illinois,Instagram,7,1685.24,0.0227
7941,Shoes,45-54,Other,New York,YouTube,30,2776.69,0.0374
7942,Smartphones,25-34,Other,Florida,Facebook,45,3783.4,0.0509
7943,Shoes,18-24,Male,New York,LinkedIn,14,8017.44,0.0609
7944,Shoes,35-44,Male,Florida,Instagram,45,2570.1,0.0481
7945,Shoes,35-44,Other,Florida,YouTube,14,6865.25,0.0641
7946,Laptops,45-54,Female,California,Facebook,60,1049.87,0.0234
7947,Laptops,55+,Male,Texas,Google Ads,7,6753.29,0.0726
7948,Furniture,55+,Male,Texas,YouTube,60,8049.83,0.0591
7949,Smartphones,35-44,Female,Texas,YouTube,7,6245.68,0.0642
7950,Shoes,55+,Other,Illinois,Google Ads,60,2413.23,0.0441
7951,Shoes,25-34,Other,Texas,Google Ads,45,3638.88,0.0731
7952,Shoes,55+,Female,Illinois,LinkedIn,30,8149.22,0.0318
7953,Shoes,25-34,Male,New York,LinkedIn,14,4603.73,0.0454
7954,Laptops,35-44,Female,Illinois,LinkedIn,7,2924.73,0.0496
7955,Furniture,35-44,Male,Florida,YouTube,14,9360.57,0.0779
7956,Books,35-44,Other,California,YouTube,30,6554.87,0.0614
7957,Smartphones,45-54,Male,California,YouTube,60,8154.29,0.0434
7958,Shoes,55+,Male,Florida,LinkedIn,45,732.77,0.002
7959,Furniture,18-24,Male,New York,Facebook,14,3723.7,0.0415
7960,Books,18-24,Male,California,YouTube,60,4859.52,0.0348
7961,Furniture,35-44,Male,Florida,YouTube,7,6080.5,0.0681
7962,Laptops,55+,Other,California,YouTube,14,2304.73,0.0487
7963,Books,25-34,Female,Illinois,LinkedIn,14,5230.56,0.0425
7964,Furniture,18-24,Other,California,Instagram,7,7013.44,0.03
7965,Laptops,35-44,Male,Illinois,LinkedIn,30,3785.82,0.0535
7966,Furniture,18-24,Female,Illinois,Instagram,60,7068.7,0.0285
7967,Furniture,18-24,Male,California,LinkedIn,14,4201.71,0.0349
7968,Books,18-24,Other,California,Facebook,60,4959.9,0.0346
7969,Laptops,35-44,Other,Illinois,Facebook,45,1775.78,0.0343
7970,Shoes,35-44,Male,California,YouTube,60,6687.11,0.0457
7971,Smartphones,45-54,Male,New York,LinkedIn,60,2630.62,0.0099
7972,Books,45-54,Female,Texas,Instagram,7,8374.08,0.0721
7973,Laptops,45-54,Female,Texas,Instagram,60,5757.71,0.0479
7974,Furniture,18-24,Male,Florida,Facebook,30,5822.44,0.048
7975,Laptops,55+,Female,Texas,YouTube,60,9168.53,0.0507
7976,Smartphones,35-44,Male,New York,Instagram,45,2090.33,0.0419
7977,Smartphones,45-54,Male,Texas,LinkedIn,60,5537.23,0.0248
7978,Shoes,55+,Male,Texas,YouTube,7,4130.95,0.051
7979,Shoes,45-54,Other,New York,LinkedIn,45,9680.08,0.0332
7980,Smartphones,45-54,Male,Illinois,LinkedIn,7,8030.78,0.058
7981,Books,55+,Male,Texas,Facebook,30,7696.26,0.0751
7982,Books,45-54,Male,Florida,LinkedIn,30,2439.15,0.0431
7983,Furniture,18-24,Female,Texas,Google Ads,7,2754.57,0.061
7984,Shoes,18-24,Male,Texas,YouTube,30,777.22,0.0668
7985,Furniture,18-24,Other,New York,Google Ads,7,6566.09,0.0601
7986,Shoes,25-34,Other,New York,LinkedIn,14,4022.94,0.035
7987,Smartphones,45-54,Male,Florida,LinkedIn,60,3464.39,0.0192
7988,Books,25-34,Male,California,Facebook,14,6551.8,0.0564
7989,Books,35-44,Male,New York,Facebook,30,8372.53,0.0681
7990,Smartphones,55+,Other,California,Facebook,7,1763.78,0.0368
7991,Furniture,35-44,Female,Florida,Facebook,7,9227.28,0.0776
7992,Furniture,25-34,Female,Texas,Instagram,7,825.58,0.0435
7993,Laptops,18-24,Male,Texas,Facebook,7,1403.51,0.0453
7994,Shoes,45-54,Female,California,LinkedIn,60,8462.22,0.0411
7995,Furniture,45-54,Other,Florida,LinkedIn,45,5180.69,0.0566
7996,Smartphones,18-24,Male,Florida,YouTube,14,9422.92,0.0887
7997,Furniture,45-54,Female,New York,Google Ads,30,4885.7,0.0769
7998,Books,55+,Male,California,Instagram,7,9298.17,0.0722
7999,Shoes,55+,Male,New York,Instagram,14,2776.48,0.0298
8000,Laptops,55+,Other,California,YouTube,45,6356.27,0.0358
8001,Shoes,35-44,Other,New York,YouTube,14,9947.45,0.0733
8002,Books,18-24,Female,New York,Facebook,30,4072.6,0.0523
8003,Books,55+,Other,Florida,YouTube,7,513.82,0.0574
8004,Books,25-34,Male,Florida,Instagram,30,1108.5,0.0365
8005,Books,55+,Other,Texas,Google Ads,7,8661.07,0.0951
8006,Smartphones,35-44,Female,Texas,Google Ads,45,5172.91,0.0554
8007,Laptops,25-34,Female,Florida,Instagram,30,5598.82,0.0543
8008,Books,18-24,Female,Florida,Facebook,14,8094.55,0.0731
8009,Books,18-24,Other,New York,Google Ads,45,8210.0,0.073
8010,Furniture,55+,Other,Texas,Google Ads,30,5035.5,0.065
8011,Laptops,25-34,Other,Florida,Facebook,7,8651.58,0.0701
8012,Shoes,25-34,Other,California,Google Ads,45,4950.04,0.0602
8013,Laptops,55+,Other,California,LinkedIn,7,6912.7,0.0366
8014,Laptops,55+,Female,Texas,Instagram,60,816.94,0.0184
8015,Laptops,45-54,Female,California,Google Ads,14,1810.99,0.0707
8016,Books,45-54,Other,New York,Google Ads,7,8588.49,0.0927
8017,Books,55+,Male,Texas,Facebook,30,3474.63,0.0567
8018,Smartphones,35-44,Female,Florida,Google Ads,60,3680.07,0.0622
8019,Shoes,45-54,Male,California,Facebook,45,6798.42,0.0348
8020,Furniture,55+,Male,New York,Instagram,30,6129.11,0.0576
8021,Laptops,25-34,Female,Florida,LinkedIn,45,1280.79,0.0426
8022,Shoes,45-54,Male,Illinois,YouTube,60,7774.77,0.0385
8023,Shoes,35-44,Male,New York,Instagram,30,6363.61,0.0352
8024,Smartphones,18-24,Female,California,Google Ads,7,8625.65,0.0961
8025,Furniture,25-34,Female,New York,LinkedIn,30,5587.22,0.0398
8026,Laptops,35-44,Other,Illinois,YouTube,14,4436.09,0.0688
8027,Furniture,35-44,Female,Illinois,YouTube,7,4027.73,0.0619
8028,Smartphones,35-44,Male,New York,Google Ads,14,541.98,0.0503
8029,Books,25-34,Female,Florida,YouTube,30,877.95,0.0459
8030,Shoes,35-44,Other,Florida,YouTube,30,1746.51,0.041
8031,Laptops,18-24,Female,Illinois,Instagram,45,9330.61,0.0607
8032,Books,45-54,Male,Texas,Instagram,30,8866.18,0.0758
8033,Smartphones,25-34,Female,Texas,YouTube,7,5223.37,0.0737
8034,Furniture,35-44,Male,Florida,Facebook,14,2211.87,0.0652
8035,Shoes,55+,Female,Texas,Google Ads,60,1888.06,0.0408
8036,Laptops,45-54,Other,Florida,Facebook,14,2933.24,0.0452
8037,Books,25-34,Other,California,Facebook,45,9132.87,0.051
8038,Books,55+,Female,Florida,YouTube,60,5453.95,0.0668
8039,Shoes,55+,Male,California,Google Ads,60,8138.4,0.0502
8040,Furniture,35-44,Other,Illinois,Facebook,30,5314.17,0.0607
8041,Smartphones,25-34,Male,Texas,Instagram,45,6289.75,0.0538
8042,Furniture,35-44,Female,Illinois,Instagram,45,6295.97,0.0624
8043,Furniture,18-24,Other,New York,Google Ads,30,797.71,0.0415
8044,Furniture,55+,Other,New York,Facebook,7,4730.05,0.0655
8045,Shoes,18-24,Male,Illinois,LinkedIn,30,8708.47,0.067
8046,Shoes,35-44,Other,Florida,LinkedIn,45,5146.44,0.0397
8047,Smartphones,45-54,Male,Florida,Google Ads,60,4635.69,0.0618
8048,Furniture,55+,Male,Texas,Google Ads,7,5502.18,0.082
8049,Shoes,45-54,Female,Illinois,LinkedIn,45,4117.29,0.0273
8050,Smartphones,25-34,Male,New York,Facebook,45,5396.3,0.0624
8051,Smartphones,55+,Other,Illinois,Facebook,30,1785.78,0.023
8052,Furniture,18-24,Male,Illinois,YouTube,14,9695.49,0.067
8053,Laptops,45-54,Other,Texas,Google Ads,45,824.23,0.0561
8054,Furniture,25-34,Male,Florida,Facebook,14,5090.47,0.071
8055,Laptops,55+,Female,New York,LinkedIn,7,2494.93,0.0228
8056,Smartphones,25-34,Female,Texas,LinkedIn,60,1054.38,0.0251
8057,Shoes,18-24,Male,New York,Instagram,14,6691.2,0.0704
8058,Books,55+,Male,New York,Facebook,14,9859.22,0.0707
8059,Smartphones,25-34,Male,Florida,YouTube,14,7621.25,0.077
8060,Shoes,35-44,Female,Florida,YouTube,14,2913.2,0.0471
8061,Smartphones,55+,Male,Texas,Google Ads,14,5187.2,0.0635
8062,Furniture,55+,Male,California,Instagram,7,972.92,0.0401
8063,Laptops,55+,Other,Texas,LinkedIn,45,5550.87,0.0263
8064,Smartphones,55+,Female,Texas,LinkedIn,60,1444.9,0.0081
8065,Shoes,35-44,Female,California,Google Ads,45,8048.77,0.07
8066,Furniture,18-24,Male,New York,YouTube,7,1038.71,0.037
8067,Books,35-44,Male,Illinois,YouTube,7,588.93,0.0481
8068,Furniture,35-44,Other,California,LinkedIn,14,8684.79,0.0556
8069,Laptops,25-34,Male,Illinois,Google Ads,7,9454.15,0.0949
8070,Furniture,45-54,Female,New York,Facebook,7,1322.26,0.0489
8071,Books,45-54,Other,California,Instagram,14,3149.71,0.0427
8072,Shoes,25-34,Female,Florida,YouTube,7,7546.12,0.0747
8073,Smartphones,35-44,Male,Texas,YouTube,7,5626.71,0.0643
8074,Laptops,25-34,Other,California,YouTube,7,9517.75,0.0774
8075,Books,55+,Female,California,Facebook,30,4197.21,0.0512
8076,Laptops,25-34,Female,New York,Facebook,45,531.57,0.0315
8077,Furniture,25-34,Female,Florida,Instagram,30,687.58,0.0328
8078,Laptops,55+,Male,California,YouTube,45,5866.12,0.0496
8079,Books,45-54,Male,Florida,LinkedIn,14,7645.0,0.0603
8080,Smartphones,55+,Male,Illinois,YouTube,14,8010.86,0.0703
8081,Smartphones,18-24,Male,California,Instagram,45,9159.41,0.0587
8082,Laptops,25-34,Female,Florida,Instagram,45,2676.21,0.0545
8083,Shoes,25-34,Other,Texas,LinkedIn,60,7514.86,0.0476
8084,Laptops,45-54,Male,New York,Facebook,45,8357.43,0.0418
8085,Furniture,35-44,Other,Florida,LinkedIn,45,8444.62,0.055
8086,Smartphones,55+,Female,New York,Instagram,14,4409.66,0.0261
8087,Smartphones,35-44,Male,California,LinkedIn,14,6446.84,0.0472
8088,Smartphones,18-24,Female,California,YouTube,7,5739.87,0.0772
8089,Shoes,55+,Male,Illinois,Instagram,7,6176.12,0.0398
8090,Shoes,18-24,Male,New York,Facebook,14,3179.3,0.0562
8091,Books,18-24,Other,Texas,Facebook,7,6990.73,0.0685
8092,Laptops,18-24,Female,Texas,LinkedIn,30,7245.16,0.0502
8093,Laptops,55+,Female,Florida,LinkedIn,30,2361.51,0.0298
8094,Furniture,55+,Female,Texas,LinkedIn,7,4714.51,0.0528
8095,Smartphones,45-54,Other,New York,YouTube,7,4510.0,0.0529
8096,Shoes,25-34,Other,California,Facebook,45,7615.03,0.055
8097,Furniture,35-44,Female,New York,Instagram,45,6831.78,0.0657
8098,Furniture,35-44,Female,New York,Instagram,30,5023.86,0.0701
8099,Shoes,18-24,Male,California,Facebook,30,6699.05,0.0758
8100,Laptops,55+,Male,New York,LinkedIn,45,2997.19,0.0224
8101,Smartphones,55+,Other,Texas,Google Ads,45,2707.3,0.0499
8102,Laptops,18-24,Male,Florida,LinkedIn,45,2779.24,0.043
8103,Furniture,25-34,Female,Florida,Facebook,7,780.23,0.0389
8104,Smartphones,35-44,Female,New York,YouTube,14,7065.22,0.0741
8105,Books,45-54,Male,California,LinkedIn,30,9865.56,0.0587
8106,Furniture,25-34,Male,Illinois,Instagram,60,3435.81,0.0363
8107,Laptops,55+,Other,New York,YouTube,45,9333.42,0.0532
8108,Laptops,18-24,Male,New York,Facebook,7,6262.15,0.0638
8109,Laptops,35-44,Other,Illinois,Google Ads,30,2636.88,0.0691
8110,Shoes,18-24,Male,Florida,LinkedIn,45,612.71,0.0427
8111,Furniture,55+,Male,Florida,YouTube,7,7375.45,0.0807
8112,Smartphones,18-24,Male,Illinois,YouTube,30,7117.46,0.0773
8113,Laptops,35-44,Male,California,Instagram,30,2677.91,0.043
8114,Laptops,18-24,Female,New York,LinkedIn,60,3660.7,0.03
8115,Shoes,35-44,Female,Texas,Google Ads,60,9031.44,0.0634
8116,Smartphones,18-24,Female,Florida,YouTube,30,1993.72,0.0569
8117,Furniture,18-24,Male,Florida,Instagram,7,8436.72,0.0471
8118,Books,35-44,Other,Florida,LinkedIn,45,2107.62,0.0299
8119,Shoes,18-24,Male,California,LinkedIn,45,5076.41,0.0607
8120,Furniture,25-34,Female,Illinois,Google Ads,30,5240.17,0.0705
8121,Books,45-54,Other,California,Instagram,45,4984.85,0.0516
8122,Laptops,25-34,Other,Florida,Google Ads,60,3235.33,0.0665
8123,Laptops,45-54,Female,New York,YouTube,45,2906.96,0.0546
8124,Smartphones,25-34,Male,Florida,Facebook,14,7464.97,0.0723
8125,Books,45-54,Other,New York,Facebook,60,3118.93,0.0354
8126,Laptops,18-24,Other,New York,Google Ads,60,6294.2,0.0709
8127,Laptops,35-44,Female,Florida,Google Ads,30,8543.08,0.0887
8128,Smartphones,35-44,Other,Florida,Facebook,30,8451.83,0.0682
8129,Furniture,55+,Other,New York,YouTube,45,2087.94,0.0437
8130,Laptops,45-54,Other,California,Google Ads,45,6720.01,0.0681
8131,Shoes,55+,Male,California,YouTube,30,6221.65,0.0352
8132,Shoes,55+,Male,California,YouTube,7,3178.85,0.0474
8133,Furniture,45-54,Female,Texas,Instagram,45,4218.81,0.0543
8134,Books,35-44,Male,New York,YouTube,7,3208.57,0.0597
8135,Smartphones,45-54,Other,Texas,LinkedIn,60,5602.12,0.0291
8136,Shoes,18-24,Male,Texas,Facebook,14,8134.46,0.0768
8137,Shoes,55+,Other,New York,Facebook,7,8836.28,0.0534
8138,Furniture,55+,Other,Texas,Google Ads,45,7366.82,0.072
8139,Books,45-54,Male,New York,Google Ads,30,5092.78,0.0803
8140,Books,55+,Male,Illinois,Instagram,30,9601.91,0.056
8141,Furniture,35-44,Male,Illinois,Instagram,14,5856.85,0.054
8142,Shoes,55+,Male,New York,LinkedIn,14,5046.19,0.0382
8143,Smartphones,45-54,Female,New York,Google Ads,60,8639.35,0.0547
8144,Shoes,35-44,Male,New York,Facebook,7,2253.92,0.0435
8145,Books,35-44,Female,California,LinkedIn,14,1999.84,0.0363
8146,Shoes,55+,Other,New York,Google Ads,60,7934.15,0.0558
8147,Smartphones,45-54,Female,Florida,LinkedIn,60,8770.42,0.0363
8148,Laptops,55+,Other,Illinois,YouTube,60,1191.36,0.0353
8149,Shoes,18-24,Female,Illinois,YouTube,45,7758.82,0.0656
8150,Furniture,18-24,Female,New York,LinkedIn,14,4532.39,0.0325
8151,Laptops,35-44,Other,Illinois,Google Ads,30,7185.4,0.0827
8152,Furniture,55+,Female,New York,YouTube,60,1782.21,0.0302
8153,Furniture,18-24,Other,New York,YouTube,30,9743.62,0.0466
8154,Furniture,25-34,Male,Illinois,LinkedIn,45,8872.16,0.0363
8155,Shoes,18-24,Other,Illinois,YouTube,7,4356.74,0.0668
8156,Books,55+,Female,Florida,Facebook,45,8986.91,0.0634
8157,Laptops,55+,Male,Texas,YouTube,45,9001.79,0.0632
8158,Smartphones,18-24,Female,Florida,LinkedIn,14,4881.9,0.0663
8159,Books,55+,Male,Florida,YouTube,60,9495.41,0.0768
8160,Shoes,55+,Other,Illinois,YouTube,45,9780.14,0.0496
8161,Furniture,25-34,Male,Florida,Instagram,60,2563.52,0.0462
8162,Smartphones,35-44,Male,Illinois,LinkedIn,30,1133.33,0.0369
8163,Laptops,55+,Male,California,LinkedIn,7,3645.92,0.0281
8164,Books,45-54,Female,New York,Instagram,7,5143.93,0.0592
8165,Books,35-44,Male,Texas,Instagram,30,1380.43,0.0384
8166,Smartphones,35-44,Other,California,Facebook,14,1836.27,0.0423
8167,Shoes,45-54,Other,New York,YouTube,30,9731.14,0.0637
8168,Laptops,18-24,Other,New York,Google Ads,30,7504.36,0.0727
8169,Smartphones,25-34,Male,Texas,Google Ads,14,8811.91,0.0884
8170,Furniture,55+,Other,Florida,Instagram,14,9725.97,0.0591
8171,Laptops,18-24,Female,New York,LinkedIn,45,4092.37,0.0332
8172,Books,45-54,Other,Texas,LinkedIn,60,7034.71,0.0697
8173,Smartphones,25-34,Male,Illinois,Facebook,7,2248.21,0.0687
8174,Books,25-34,Other,New York,Google Ads,14,5740.84,0.0601
8175,Books,25-34,Male,New York,LinkedIn,14,2493.85,0.0379
8176,Books,45-54,Male,Florida,Facebook,45,2024.09,0.0435
8177,Shoes,18-24,Other,Florida,Facebook,45,1435.21,0.0582
8178,Books,55+,Female,Illinois,Instagram,60,6007.5,0.0453
8179,Furniture,25-34,Female,New York,Google Ads,14,9523.59,0.0753
8180,Furniture,25-34,Other,Florida,Facebook,14,1661.11,0.0438
8181,Laptops,18-24,Male,Texas,Facebook,45,5271.99,0.0494
8182,Books,25-34,Other,New York,Facebook,30,7027.15,0.0596
8183,Books,25-34,Male,Texas,Google Ads,60,5210.69,0.0676
8184,Smartphones,45-54,Male,California,Instagram,14,9161.87,0.0561
8185,Shoes,35-44,Male,Illinois,YouTube,7,2079.81,0.0462
8186,Laptops,18-24,Female,Florida,LinkedIn,7,729.55,0.0402
8187,Books,18-24,Female,California,Google Ads,45,4139.62,0.0548
8188,Smartphones,18-24,Other,Florida,Google Ads,7,5777.14,0.1018
8189,Shoes,45-54,Female,California,Google Ads,45,2917.82,0.0469
8190,Laptops,45-54,Male,Florida,YouTube,30,2100.12,0.0548
8191,Laptops,55+,Male,Illinois,LinkedIn,45,8145.96,0.0222
8192,Books,45-54,Other,New York,LinkedIn,14,2291.46,0.0366
8193,Laptops,18-24,Male,Texas,Facebook,7,4705.48,0.0687
8194,Smartphones,55+,Other,California,Facebook,14,9567.57,0.0464
8195,Laptops,35-44,Other,Texas,Instagram,7,6320.7,0.056
8196,Furniture,25-34,Male,Texas,Google Ads,7,5228.37,0.0767
8197,Smartphones,25-34,Female,Florida,Instagram,45,3922.38,0.0574
8198,Shoes,55+,Male,New York,Google Ads,60,5443.66,0.0443
8199,Shoes,35-44,Male,Florida,LinkedIn,7,7475.92,0.0582
8200,Books,25-34,Other,Texas,Instagram,7,8314.01,0.0721
8201,Books,55+,Female,Illinois,LinkedIn,60,6673.55,0.0506
8202,Furniture,45-54,Other,New York,Facebook,14,8008.01,0.0735
8203,Shoes,18-24,Male,New York,LinkedIn,7,1339.97,0.0431
8204,Shoes,35-44,Other,Texas,YouTube,45,636.56,0.0436
8205,Shoes,25-34,Other,Florida,Instagram,60,7476.9,0.0615
8206,Shoes,18-24,Male,Illinois,Google Ads,60,2986.19,0.0727
8207,Laptops,55+,Other,California,LinkedIn,7,8837.94,0.0346
8208,Smartphones,25-34,Male,Florida,Instagram,14,5590.58,0.0528
8209,Smartphones,18-24,Other,New York,Google Ads,14,5045.95,0.0957
8210,Furniture,45-54,Female,Florida,Instagram,30,7841.78,0.0554
8211,Laptops,35-44,Male,California,Instagram,30,7540.41,0.0521
8212,Shoes,55+,Female,Illinois,YouTube,45,7190.63,0.0481
8213,Shoes,25-34,Other,Illinois,LinkedIn,7,7054.06,0.0507
8214,Books,45-54,Female,California,YouTube,14,5396.26,0.0812
8215,Books,35-44,Female,California,Facebook,30,9301.52,0.0627
8216,Furniture,35-44,Female,Texas,Instagram,7,8961.09,0.0834
8217,Shoes,45-54,Other,New York,LinkedIn,7,3629.35,0.038
8218,Furniture,25-34,Male,Texas,Facebook,14,8144.6,0.0493
8219,Laptops,35-44,Other,Florida,Facebook,7,8965.53,0.078
8220,Smartphones,55+,Other,California,YouTube,60,6373.42,0.0369
8221,Shoes,18-24,Other,Texas,Facebook,30,5778.0,0.07
8222,Laptops,55+,Male,New York,Google Ads,45,6882.92,0.0616
8223,Shoes,35-44,Other,New York,Google Ads,30,2049.08,0.0625
8224,Books,18-24,Other,California,Google Ads,7,1329.76,0.07
8225,Furniture,45-54,Male,Texas,Facebook,60,8291.43,0.0541
8226,Books,18-24,Male,Illinois,Instagram,30,5946.6,0.0502
8227,Smartphones,18-24,Male,California,LinkedIn,14,1663.76,0.0567
8228,Books,18-24,Female,Florida,Google Ads,60,4455.02,0.0626
8229,Shoes,35-44,Male,Texas,Google Ads,30,3333.23,0.0673
8230,Books,25-34,Female,Texas,Google Ads,7,8817.04,0.0906
8231,Shoes,35-44,Female,California,YouTube,14,5318.59,0.0691
8232,Smartphones,25-34,Other,Texas,YouTube,7,5986.37,0.083
8233,Books,45-54,Female,Texas,Google Ads,7,2735.26,0.0922
8234,Furniture,45-54,Other,Florida,Google Ads,14,8091.1,0.1029
8235,Furniture,45-54,Female,Florida,YouTube,60,9335.96,0.0674
8236,Furniture,45-54,Male,Illinois,LinkedIn,30,8028.7,0.0582
8237,Books,45-54,Other,Florida,Instagram,60,5182.16,0.0629
8238,Books,55+,Female,Illinois,LinkedIn,14,8433.34,0.0541
8239,Books,35-44,Other,Florida,Instagram,30,2285.61,0.0518
8240,Shoes,25-34,Male,Illinois,Facebook,14,1577.43,0.0555
8241,Smartphones,45-54,Female,Florida,Facebook,45,4663.08,0.0404
8242,Furniture,55+,Female,Florida,LinkedIn,45,2224.58,0.0319
8243,Shoes,55+,Male,California,YouTube,60,2962.03,0.0269
8244,Furniture,55+,Female,Florida,Google Ads,14,6058.61,0.0871
8245,Shoes,35-44,Female,Illinois,Facebook,30,4337.08,0.0559
8246,Books,45-54,Other,California,YouTube,60,8725.84,0.0654
8247,Furniture,55+,Female,Illinois,YouTube,45,2643.32,0.0424
8248,Books,55+,Male,Florida,Instagram,45,9969.51,0.0734
8249,Furniture,45-54,Female,Florida,Facebook,45,3914.24,0.0633
8250,Laptops,35-44,Other,Illinois,LinkedIn,60,5396.33,0.0406
8251,Shoes,55+,Female,Texas,YouTube,30,1757.16,0.0318
8252,Laptops,25-34,Other,California,LinkedIn,45,6003.34,0.0406
8253,Shoes,18-24,Female,California,LinkedIn,60,9632.21,0.0606
8254,Smartphones,18-24,Other,Florida,Facebook,60,7619.28,0.057
8255,Furniture,18-24,Other,California,LinkedIn,7,2818.52,0.0317
8256,Smartphones,35-44,Female,Illinois,LinkedIn,7,4704.81,0.045
8257,Smartphones,55+,Male,Florida,Google Ads,30,4541.62,0.0613
8258,Shoes,18-24,Male,California,LinkedIn,45,1430.5,0.0167
8259,Laptops,18-24,Female,New York,Google Ads,7,8915.58,0.0738
8260,Books,45-54,Female,California,Facebook,30,4123.83,0.0494
8261,Shoes,55+,Female,Illinois,LinkedIn,7,5195.47,0.0294
8262,Books,55+,Female,California,YouTube,45,3266.85,0.0597
8263,Smartphones,45-54,Female,Texas,LinkedIn,60,1947.76,0.021
8264,Books,55+,Male,Texas,Google Ads,45,9070.05,0.0978
8265,Laptops,25-34,Other,Florida,YouTube,7,855.28,0.0611
8266,Shoes,35-44,Other,Texas,Facebook,45,4298.86,0.0413
8267,Laptops,45-54,Male,Illinois,Instagram,60,7441.61,0.0523
8268,Laptops,18-24,Male,New York,Instagram,14,3434.15,0.0456
8269,Shoes,55+,Other,New York,Google Ads,60,4737.27,0.0444
8270,Laptops,25-34,Male,Florida,Facebook,7,5862.53,0.0703
8271,Furniture,25-34,Female,Florida,Facebook,60,9953.28,0.0653
8272,Furniture,35-44,Male,Texas,LinkedIn,30,7703.86,0.0662
8273,Furniture,25-34,Male,Illinois,Instagram,45,9687.6,0.0601
8274,Books,55+,Male,Texas,LinkedIn,14,7084.88,0.0726
8275,Laptops,55+,Male,Illinois,Facebook,14,3056.0,0.0492
8276,Shoes,25-34,Other,Illinois,Google Ads,45,3231.14,0.0626
8277,Shoes,55+,Other,New York,Google Ads,45,8313.41,0.0613
8278,Books,55+,Other,Illinois,YouTube,30,4563.28,0.0753
8279,Shoes,18-24,Other,California,Google Ads,60,4017.13,0.0645
8280,Furniture,45-54,Female,Illinois,Instagram,14,9478.39,0.0694
8281,Laptops,55+,Female,New York,YouTube,7,625.72,0.0287
8282,Shoes,55+,Other,Texas,Instagram,45,5487.19,0.0358
8283,Shoes,35-44,Other,Illinois,LinkedIn,45,7863.23,0.0472
8284,Smartphones,45-54,Other,California,LinkedIn,14,7493.61,0.0486
8285,Smartphones,45-54,Male,Florida,Google Ads,45,3991.96,0.0592
8286,Smartphones,45-54,Female,Texas,YouTube,14,5588.66,0.0619
8287,Laptops,25-34,Female,Florida,Instagram,7,552.98,0.0375
8288,Furniture,18-24,Male,California,Instagram,7,5580.89,0.0292
8289,Furniture,18-24,Male,New York,Facebook,14,6108.81,0.0487
8290,Furniture,35-44,Male,New York,Google Ads,45,8810.52,0.0646
8291,Laptops,45-54,Female,Texas,LinkedIn,30,2502.0,0.031
8292,Laptops,45-54,Male,Illinois,Facebook,30,8338.88,0.0609
8293,Smartphones,55+,Male,Illinois,LinkedIn,60,7321.63,0.0271
8294,Shoes,25-34,Male,Florida,LinkedIn,30,6827.29,0.0374
8295,Books,25-34,Other,New York,Instagram,45,4246.68,0.0462
8296,Books,35-44,Male,Illinois,LinkedIn,30,3990.63,0.0389
8297,Shoes,18-24,Other,Illinois,YouTube,60,7180.98,0.0702
8298,Smartphones,45-54,Female,New York,LinkedIn,7,9907.12,0.042
8299,Shoes,35-44,Female,New York,YouTube,14,4350.86,0.0499
8300,Shoes,25-34,Female,California,LinkedIn,30,9226.7,0.0423
8301,Books,25-34,Other,Florida,Facebook,14,6072.18,0.0608
8302,Smartphones,25-34,Male,New York,Instagram,14,8747.57,0.0749
8303,Laptops,45-54,Female,California,Facebook,7,2563.31,0.0436
8304,Books,45-54,Male,New York,Instagram,60,7741.2,0.0482
8305,Laptops,45-54,Other,Texas,Facebook,45,8431.96,0.051
8306,Smartphones,55+,Female,Texas,Google Ads,45,8405.61,0.0555
8307,Shoes,18-24,Male,Texas,LinkedIn,45,7954.76,0.0545
8308,Furniture,25-34,Male,New York,LinkedIn,60,3389.86,0.0291
8309,Furniture,25-34,Female,Illinois,Google Ads,60,5458.53,0.0809
8310,Smartphones,55+,Male,Illinois,Google Ads,60,3347.2,0.0525
8311,Furniture,25-34,Other,Texas,YouTube,30,3758.18,0.0611
8312,Laptops,25-34,Female,Florida,Facebook,14,3361.58,0.0741
8313,Furniture,45-54,Female,California,LinkedIn,60,3200.16,0.038
8314,Smartphones,45-54,Female,Texas,YouTube,60,7087.51,0.0558
8315,Smartphones,18-24,Female,California,LinkedIn,30,6677.51,0.0604
8316,Laptops,25-34,Other,California,Google Ads,14,2440.51,0.0766
8317,Furniture,35-44,Other,Texas,YouTube,45,7069.43,0.0626
8318,Furniture,25-34,Male,Illinois,YouTube,7,3265.15,0.0578
8319,Shoes,25-34,Other,Florida,YouTube,60,2416.32,0.0479
8320,Books,18-24,Male,Texas,Facebook,60,7598.89,0.0465
8321,Smartphones,35-44,Male,California,YouTube,7,3947.25,0.0547
8322,Shoes,25-34,Female,New York,LinkedIn,60,5908.83,0.0487
8323,Smartphones,35-44,Male,New York,Facebook,60,2401.18,0.032
8324,Shoes,45-54,Female,California,LinkedIn,60,6330.09,0.0241
8325,Books,45-54,Male,Texas,YouTube,7,2475.94,0.0784
8326,Shoes,35-44,Other,Illinois,YouTube,30,2085.33,0.05
8327,Smartphones,25-34,Female,Texas,LinkedIn,30,4172.02,0.0526
8328,Furniture,35-44,Male,Florida,Instagram,7,8005.59,0.0794
8329,Smartphones,35-44,Other,New York,YouTube,30,2177.08,0.0427
8330,Laptops,45-54,Other,California,YouTube,45,1611.75,0.0357
8331,Laptops,35-44,Female,Illinois,Facebook,45,800.65,0.0359
8332,Laptops,55+,Female,Texas,LinkedIn,7,4451.67,0.0426
8333,Laptops,55+,Female,Florida,YouTube,14,3179.24,0.0544
8334,Books,45-54,Male,Texas,LinkedIn,60,3275.03,0.0327
8335,Furniture,25-34,Female,Florida,Facebook,14,9828.45,0.0694
8336,Furniture,25-34,Other,Texas,LinkedIn,60,2344.17,0.0326
8337,Smartphones,45-54,Other,Illinois,LinkedIn,30,4855.06,0.0315
8338,Shoes,25-34,Female,Illinois,Facebook,30,9870.5,0.066
8339,Smartphones,18-24,Female,California,YouTube,45,790.87,0.0442
8340,Smartphones,55+,Other,Illinois,LinkedIn,14,7118.25,0.0278
8341,Smartphones,18-24,Male,Florida,Instagram,7,4025.29,0.064
8342,Smartphones,18-24,Other,California,YouTube,60,9107.93,0.0758
8343,Furniture,18-24,Other,Illinois,Facebook,30,9163.44,0.0492
8344,Shoes,45-54,Other,New York,Google Ads,60,4178.52,0.0617
8345,Smartphones,18-24,Female,Florida,Instagram,7,2603.9,0.0665
8346,Furniture,35-44,Male,California,YouTube,60,4566.03,0.0574
8347,Smartphones,25-34,Male,Florida,Facebook,45,9670.41,0.071
8348,Laptops,45-54,Female,California,Instagram,7,3173.29,0.0389
8349,Smartphones,35-44,Other,Florida,YouTube,7,9822.52,0.0801
8350,Smartphones,35-44,Female,New York,Google Ads,60,8284.22,0.0706
8351,Books,55+,Female,Illinois,YouTube,60,3040.8,0.0479
8352,Laptops,55+,Male,Texas,Google Ads,30,8015.16,0.0746
8353,Shoes,35-44,Male,Texas,Google Ads,60,973.09,0.0521
8354,Smartphones,55+,Female,Texas,LinkedIn,7,5706.6,0.03
8355,Shoes,25-34,Female,California,Facebook,60,3894.82,0.0517
8356,Laptops,25-34,Male,Illinois,LinkedIn,30,4555.89,0.0469
8357,Smartphones,55+,Male,California,Google Ads,14,4992.12,0.0412
8358,Books,18-24,Other,California,Facebook,45,5275.77,0.0504
8359,Furniture,35-44,Female,California,Facebook,7,6735.92,0.077
8360,Books,25-34,Other,California,Facebook,30,7119.38,0.0492
8361,Books,55+,Other,Illinois,Instagram,45,9769.19,0.0521
8362,Furniture,55+,Other,Texas,YouTube,60,7746.4,0.0684
8363,Furniture,25-34,Male,Florida,Google Ads,60,7034.08,0.0675
8364,Furniture,25-34,Other,California,Facebook,14,4228.36,0.0598
8365,Smartphones,18-24,Male,Illinois,Instagram,60,1619.18,0.0358
8366,Shoes,55+,Male,New York,Instagram,45,1058.49,0.0224
8367,Shoes,55+,Male,Florida,Google Ads,30,5038.0,0.0672
8368,Furniture,45-54,Female,California,LinkedIn,14,6848.44,0.0587
8369,Books,18-24,Other,California,Instagram,45,6676.52,0.0323
8370,Laptops,25-34,Male,Florida,Google Ads,30,9552.18,0.0884
8371,Furniture,25-34,Female,Florida,Instagram,45,4133.08,0.0518
8372,Books,35-44,Female,California,Google Ads,60,6463.95,0.0591
8373,Books,25-34,Female,Illinois,Facebook,45,8934.8,0.0548
8374,Smartphones,55+,Male,New York,LinkedIn,14,4338.74,0.0304
8375,Smartphones,25-34,Male,Illinois,Instagram,45,5038.56,0.049
8376,Shoes,55+,Male,Texas,Instagram,7,9268.24,0.0587
8377,Shoes,55+,Female,Texas,Instagram,60,5727.3,0.0384
8378,Laptops,18-24,Male,Texas,YouTube,45,8096.29,0.0662
8379,Laptops,25-34,Other,California,YouTube,30,9388.43,0.0739
8380,Laptops,18-24,Male,New York,Facebook,60,5925.05,0.0429
8381,Laptops,55+,Male,New York,Instagram,30,1537.28,0.0301
8382,Books,25-34,Other,California,LinkedIn,14,8306.15,0.0482
8383,Books,25-34,Male,California,YouTube,7,8268.93,0.0683
8384,Shoes,18-24,Male,California,Google Ads,45,1592.36,0.0652
8385,Smartphones,18-24,Male,New York,Google Ads,60,5707.12,0.0883
8386,Smartphones,55+,Male,California,Google Ads,45,5127.31,0.0594
8387,Furniture,55+,Female,Florida,Facebook,45,8548.05,0.0534
8388,Books,25-34,Male,Florida,Instagram,60,3108.96,0.0489
8389,Laptops,25-34,Other,Florida,Instagram,7,4549.64,0.0595
8390,Laptops,45-54,Other,California,YouTube,7,6245.51,0.0732
8391,Furniture,45-54,Female,Florida,Google Ads,14,5413.83,0.097
8392,Smartphones,35-44,Male,California,Facebook,60,9572.83,0.0632
8393,Laptops,55+,Other,Florida,LinkedIn,60,9626.24,0.0389
8394,Smartphones,35-44,Female,California,Instagram,30,1274.94,0.0314
8395,Furniture,35-44,Male,Illinois,Instagram,30,3329.55,0.0533
8396,Smartphones,18-24,Female,Texas,Facebook,30,571.58,0.0542
8397,Smartphones,18-24,Male,Illinois,YouTube,7,4469.67,0.073
8398,Smartphones,45-54,Female,Texas,Facebook,14,6790.32,0.0399
8399,Laptops,35-44,Female,Texas,YouTube,14,4977.21,0.0682
8400,Shoes,45-54,Other,Florida,Instagram,45,1138.23,0.0237
8401,Books,55+,Other,Texas,YouTube,14,2361.58,0.0679
8402,Smartphones,25-34,Female,Texas,YouTube,30,2146.27,0.064
8403,Smartphones,18-24,Male,Illinois,YouTube,60,5355.72,0.0688
8404,Smartphones,55+,Male,Texas,YouTube,45,6937.96,0.0538
8405,Shoes,55+,Male,California,Google Ads,7,3505.09,0.0522
8406,Furniture,18-24,Male,California,Google Ads,14,1739.37,0.0446
8407,Laptops,18-24,Male,Florida,Google Ads,60,8086.68,0.0876
8408,Shoes,35-44,Other,Illinois,Google Ads,30,8654.44,0.0562
8409,Smartphones,45-54,Female,New York,Facebook,7,3126.64,0.0489
8410,Shoes,55+,Other,Illinois,LinkedIn,7,4497.1,0.0366
8411,Shoes,35-44,Male,New York,YouTube,14,1278.35,0.0421
8412,Shoes,35-44,Female,Texas,Facebook,60,2663.12,0.0416
8413,Furniture,55+,Male,New York,Google Ads,30,7786.5,0.0813
8414,Books,55+,Male,Texas,YouTube,30,3969.38,0.0573
8415,Laptops,25-34,Female,Illinois,LinkedIn,30,6244.58,0.0475
8416,Furniture,45-54,Male,Illinois,YouTube,30,9488.75,0.0716
8417,Furniture,55+,Other,Florida,Instagram,14,7374.56,0.0496
8418,Books,18-24,Other,Florida,Instagram,14,4807.8,0.0532
8419,Furniture,25-34,Other,Texas,Facebook,60,3985.36,0.0484
8420,Shoes,45-54,Male,Texas,LinkedIn,45,2310.01,0.0296
8421,Shoes,18-24,Other,California,Facebook,14,7683.33,0.0733
8422,Smartphones,18-24,Male,California,YouTube,30,1568.04,0.0553
8423,Furniture,45-54,Male,California,LinkedIn,60,1083.24,0.0267
8424,Smartphones,25-34,Other,Illinois,Facebook,30,1495.87,0.0499
8425,Laptops,18-24,Other,New York,YouTube,14,2807.6,0.06
8426,Shoes,35-44,Male,Texas,Google Ads,60,6457.67,0.0659
8427,Laptops,45-54,Male,Florida,YouTube,30,8682.64,0.0707
8428,Books,45-54,Male,Texas,Facebook,45,9929.91,0.0637
8429,Shoes,55+,Male,New York,LinkedIn,7,7449.1,0.0439
8430,Laptops,25-34,Other,Texas,LinkedIn,7,1886.78,0.0492
8431,Books,35-44,Male,Florida,Google Ads,30,3138.2,0.0699
8432,Laptops,35-44,Male,Florida,Facebook,7,1753.87,0.0535
8433,Books,55+,Male,New York,Google Ads,45,1597.74,0.0666
8434,Books,18-24,Male,Florida,Instagram,45,5893.46,0.0402
8435,Shoes,18-24,Male,Illinois,YouTube,30,9113.87,0.0792
8436,Smartphones,35-44,Female,Florida,Instagram,45,7001.1,0.0584
8437,Books,25-34,Female,New York,Instagram,7,8106.18,0.0634
8438,Books,18-24,Female,New York,Google Ads,30,5326.92,0.0615
8439,Shoes,45-54,Other,Texas,Google Ads,7,5015.55,0.0723
8440,Smartphones,55+,Male,Florida,YouTube,45,9406.1,0.0426
8441,Furniture,25-34,Other,Florida,Google Ads,45,7358.66,0.0767
8442,Furniture,18-24,Male,New York,Google Ads,60,4863.74,0.0561
8443,Smartphones,35-44,Female,Texas,Google Ads,14,3659.53,0.0756
8444,Laptops,55+,Male,Texas,Google Ads,14,1384.71,0.0509
8445,Shoes,18-24,Other,Illinois,Google Ads,30,8299.34,0.0916
8446,Smartphones,35-44,Other,Illinois,Instagram,7,2108.58,0.0474
8447,Furniture,18-24,Male,New York,Instagram,14,5392.65,0.0441
8448,Books,55+,Other,Texas,YouTube,30,6554.15,0.0784
8449,Furniture,45-54,Female,Texas,LinkedIn,45,7568.74,0.0474
8450,Books,45-54,Male,Illinois,YouTube,14,1291.76,0.0532
8451,Shoes,35-44,Female,Illinois,Facebook,7,601.52,0.0383
8452,Books,45-54,Female,New York,YouTube,60,7207.08,0.0549
8453,Smartphones,55+,Other,Texas,YouTube,60,4816.72,0.0417
8454,Books,35-44,Male,New York,Google Ads,14,2220.79,0.0609
8455,Laptops,18-24,Female,Illinois,Google Ads,60,9829.26,0.077
8456,Smartphones,25-34,Female,Florida,Google Ads,30,8017.86,0.0965
8457,Shoes,18-24,Male,Illinois,LinkedIn,7,5995.87,0.0649
8458,Smartphones,55+,Other,Texas,Google Ads,45,7170.02,0.0623
8459,Laptops,35-44,Female,New York,Facebook,7,1972.72,0.0566
8460,Shoes,18-24,Male,Texas,Instagram,45,9641.14,0.0673
8461,Furniture,35-44,Male,Illinois,Facebook,60,9965.49,0.0673
8462,Laptops,45-54,Female,Illinois,LinkedIn,30,6660.23,0.0439
8463,Shoes,25-34,Female,California,Google Ads,45,6848.97,0.0702
8464,Books,55+,Female,Illinois,YouTube,60,7192.36,0.0689
8465,Smartphones,18-24,Other,Texas,Instagram,45,6824.97,0.076
8466,Shoes,25-34,Other,New York,LinkedIn,14,4666.14,0.0558
8467,Smartphones,55+,Male,New York,Facebook,7,5636.42,0.0482
8468,Books,55+,Male,California,Google Ads,30,3185.9,0.0757
8469,Shoes,45-54,Female,Texas,LinkedIn,60,4745.06,0.0287
8470,Furniture,35-44,Male,Illinois,LinkedIn,30,4642.98,0.0512
8471,Laptops,35-44,Other,Florida,YouTube,7,3237.33,0.0636
8472,Shoes,25-34,Male,New York,YouTube,45,7973.7,0.0511
8473,Books,45-54,Male,Texas,YouTube,45,4391.88,0.052
8474,Shoes,55+,Female,California,Facebook,30,5741.3,0.0374
8475,Smartphones,45-54,Female,Florida,YouTube,45,1982.86,0.0315
8476,Shoes,45-54,Other,Texas,LinkedIn,45,5012.19,0.0334
8477,Furniture,25-34,Male,Illinois,LinkedIn,45,7733.83,0.0546
8478,Shoes,35-44,Male,New York,LinkedIn,14,4722.99,0.0196
8479,Laptops,45-54,Male,Illinois,Instagram,60,5798.54,0.0361
8480,Shoes,45-54,Female,California,Instagram,60,7166.21,0.0466
8481,Smartphones,45-54,Other,New York,Facebook,7,4195.27,0.0504
8482,Shoes,18-24,Male,Florida,YouTube,45,3856.18,0.0673
8483,Furniture,45-54,Male,New York,LinkedIn,30,1314.55,0.0311
8484,Books,45-54,Male,Illinois,YouTube,45,6031.59,0.0666
8485,Shoes,55+,Male,Texas,LinkedIn,7,7216.11,0.0467
8486,Shoes,18-24,Other,Texas,Instagram,45,6021.9,0.0565
8487,Laptops,45-54,Other,Texas,LinkedIn,14,3193.49,0.0506
8488,Furniture,45-54,Other,California,Facebook,7,2992.2,0.0601
8489,Books,25-34,Female,California,Google Ads,60,2015.13,0.0602
8490,Smartphones,25-34,Male,Texas,LinkedIn,60,946.41,0.0375
8491,Shoes,18-24,Male,Florida,Facebook,14,4555.34,0.0735
8492,Books,55+,Male,Illinois,Instagram,60,2024.94,0.0432
8493,Smartphones,18-24,Male,Florida,Instagram,14,7062.58,0.0789
8494,Furniture,18-24,Other,Texas,Google Ads,60,9636.46,0.059
8495,Furniture,25-34,Female,Illinois,YouTube,60,1198.07,0.041
8496,Books,25-34,Female,California,YouTube,45,8983.08,0.0595
8497,Smartphones,55+,Male,New York,LinkedIn,7,6748.3,0.035
8498,Furniture,45-54,Other,New York,Instagram,60,8672.65,0.0632
8499,Books,55+,Female,Illinois,Facebook,7,1972.11,0.0564
8500,Furniture,45-54,Female,Florida,Google Ads,7,9111.58,0.0982
8501,Furniture,35-44,Male,Illinois,YouTube,60,9599.78,0.0681
8502,Furniture,25-34,Female,Florida,LinkedIn,7,9113.78,0.0555
8503,Laptops,35-44,Male,Florida,LinkedIn,14,7962.25,0.0718
8504,Smartphones,35-44,Other,New York,Instagram,30,1357.89,0.0248
8505,Books,25-34,Male,California,Facebook,14,2596.95,0.0488
8506,Books,35-44,Female,Texas,Facebook,60,9174.78,0.0513
8507,Smartphones,18-24,Male,California,YouTube,14,2679.53,0.0763
8508,Smartphones,45-54,Male,Texas,LinkedIn,30,3803.28,0.0332
8509,Smartphones,55+,Male,New York,Instagram,14,979.53,0.0183
8510,Smartphones,25-34,Male,Texas,Facebook,7,6466.88,0.0625
8511,Shoes,18-24,Male,Florida,LinkedIn,60,5851.36,0.0625
8512,Books,55+,Male,Illinois,Facebook,7,9636.83,0.0665
8513,Shoes,55+,Female,Texas,Google Ads,7,8977.27,0.0764
8514,Furniture,55+,Male,California,Facebook,60,5306.47,0.0504
8515,Furniture,35-44,Female,New York,Facebook,60,6288.7,0.0679
8516,Books,35-44,Male,New York,LinkedIn,45,4425.37,0.0352
8517,Furniture,35-44,Other,Illinois,Facebook,30,1758.36,0.0466
8518,Smartphones,35-44,Male,Florida,Facebook,7,8744.01,0.0646
8519,Shoes,18-24,Female,Florida,Google Ads,7,5720.62,0.0925
8520,Smartphones,35-44,Female,New York,Facebook,60,4541.23,0.0297
8521,Furniture,25-34,Other,Florida,Facebook,60,1150.42,0.0426
8522,Shoes,55+,Male,Illinois,LinkedIn,14,6821.14,0.0339
8523,Smartphones,18-24,Other,New York,Instagram,7,4296.82,0.0657
8524,Books,35-44,Male,Florida,Google Ads,7,2910.11,0.0822
8525,Smartphones,55+,Male,Texas,Facebook,60,8829.16,0.0484
8526,Furniture,18-24,Female,Texas,Instagram,7,2244.5,0.0278
8527,Shoes,55+,Other,Florida,LinkedIn,30,5392.69,0.0337
8528,Books,18-24,Other,Texas,Google Ads,45,8059.68,0.0674
8529,Shoes,45-54,Female,Illinois,LinkedIn,60,8566.21,0.0337
8530,Books,18-24,Female,California,Instagram,60,8277.7,0.045
8531,Shoes,35-44,Other,Illinois,Google Ads,7,9017.95,0.0787
8532,Furniture,55+,Female,Illinois,Facebook,45,1852.4,0.0419
8533,Books,55+,Male,Florida,Instagram,45,9434.36,0.0652
8534,Laptops,55+,Other,Illinois,LinkedIn,60,602.63,0.0082
8535,Shoes,25-34,Other,Florida,Google Ads,60,2931.09,0.066
8536,Shoes,25-34,Female,New York,Instagram,60,1298.37,0.0235
8537,Smartphones,35-44,Male,Florida,Instagram,30,9482.56,0.0529
8538,Books,45-54,Other,Florida,LinkedIn,7,4527.39,0.0516
8539,Laptops,25-34,Other,New York,LinkedIn,30,3495.06,0.0376
8540,Furniture,18-24,Male,California,Facebook,60,2087.33,0.0154
8541,Smartphones,35-44,Female,New York,Facebook,45,1980.27,0.0357
8542,Laptops,45-54,Female,Florida,Instagram,7,6332.35,0.0587
8543,Books,18-24,Female,Texas,LinkedIn,7,947.3,0.036
8544,Laptops,55+,Female,Florida,Instagram,60,6146.14,0.0395
8545,Shoes,25-34,Male,New York,YouTube,60,7859.17,0.0603
8546,Shoes,18-24,Male,Florida,LinkedIn,60,6209.64,0.0569
8547,Smartphones,45-54,Other,New York,YouTube,60,8352.5,0.0409
8548,Books,35-44,Other,Illinois,YouTube,60,3019.96,0.0446
8549,Books,18-24,Male,California,LinkedIn,60,1233.13,0.0141
8550,Laptops,35-44,Other,California,Facebook,7,7349.41,0.0619
8551,Smartphones,55+,Male,New York,Instagram,30,8367.24,0.0284
8552,Books,45-54,Female,California,Google Ads,45,5265.93,0.076
8553,Shoes,45-54,Male,Texas,Google Ads,60,8295.86,0.0573
8554,Laptops,25-34,Male,Texas,LinkedIn,45,4850.23,0.0594
8555,Furniture,45-54,Other,California,Facebook,7,2386.01,0.0564
8556,Shoes,18-24,Male,New York,Facebook,45,5006.74,0.0509
8557,Smartphones,18-24,Female,Texas,Facebook,7,2551.53,0.0731
8558,Books,18-24,Female,California,Google Ads,14,4984.3,0.0718
8559,Shoes,55+,Other,Florida,YouTube,30,1901.74,0.0382
8560,Furniture,45-54,Other,Texas,Google Ads,14,2262.84,0.0751
8561,Furniture,45-54,Male,Illinois,Facebook,7,8887.67,0.0678
8562,Smartphones,18-24,Other,Texas,Google Ads,14,1600.65,0.0742
8563,Shoes,25-34,Female,California,Google Ads,7,2630.61,0.0667
8564,Laptops,25-34,Other,California,Instagram,14,9957.44,0.0589
8565,Shoes,45-54,Other,California,LinkedIn,7,5972.18,0.0354
8566,Furniture,45-54,Female,New York,YouTube,30,6065.28,0.0656
8567,Smartphones,35-44,Male,New York,Instagram,30,8527.22,0.0438
8568,Smartphones,45-54,Male,Florida,LinkedIn,30,5481.04,0.0432
8569,Laptops,18-24,Other,Florida,Facebook,7,2606.93,0.0561
8570,Smartphones,55+,Female,Texas,Instagram,45,4513.43,0.0473
8571,Smartphones,45-54,Female,California,LinkedIn,14,7672.51,0.0384
8572,Smartphones,45-54,Female,Florida,Instagram,14,8788.26,0.0679
8573,Smartphones,18-24,Male,California,Google Ads,14,3095.44,0.0888
8574,Smartphones,35-44,Female,Texas,Google Ads,14,2988.77,0.0612
8575,Furniture,45-54,Female,New York,Instagram,30,3612.28,0.0438
8576,Shoes,25-34,Male,Florida,Instagram,45,6164.0,0.0583
8577,Books,25-34,Female,Illinois,YouTube,14,3145.84,0.049
8578,Smartphones,25-34,Male,Illinois,Facebook,45,8984.8,0.0607
8579,Books,55+,Other,Illinois,Google Ads,7,9791.07,0.0851
8580,Books,55+,Other,Illinois,Instagram,7,6951.64,0.0802
8581,Furniture,45-54,Other,Illinois,LinkedIn,14,9717.85,0.0694
8582,Smartphones,45-54,Other,Illinois,Facebook,60,3234.58,0.0302
8583,Books,45-54,Other,Illinois,LinkedIn,30,8244.12,0.0638
8584,Smartphones,55+,Male,Florida,Facebook,14,6945.22,0.0561
8585,Laptops,45-54,Male,Illinois,LinkedIn,30,3000.32,0.0428
8586,Laptops,18-24,Male,Illinois,Google Ads,14,3524.87,0.0714
8587,Laptops,35-44,Female,Texas,Instagram,30,5141.94,0.0561
8588,Books,25-34,Other,Florida,Instagram,60,8020.61,0.0453
8589,Laptops,25-34,Female,Texas,YouTube,60,8786.11,0.0673
8590,Furniture,18-24,Female,California,Instagram,7,6522.5,0.0367
8591,Furniture,45-54,Female,Illinois,Google Ads,14,7354.98,0.0828
8592,Books,55+,Other,New York,Facebook,60,3006.57,0.0513
8593,Smartphones,45-54,Female,Illinois,Facebook,60,7540.18,0.0461
8594,Shoes,45-54,Other,Illinois,Instagram,14,6247.31,0.041
8595,Smartphones,25-34,Other,Texas,LinkedIn,14,2617.75,0.0572
8596,Smartphones,25-34,Other,California,Instagram,7,9526.78,0.0721
8597,Smartphones,55+,Female,Texas,Facebook,60,5372.17,0.0321
8598,Smartphones,25-34,Other,Florida,YouTube,30,8047.39,0.086
8599,Shoes,45-54,Other,California,Facebook,14,5493.32,0.0466
8600,Laptops,18-24,Male,California,LinkedIn,14,9362.9,0.064
8601,Smartphones,55+,Female,California,LinkedIn,14,1842.15,0.0226
8602,Furniture,18-24,Male,Texas,YouTube,14,5688.47,0.0561
8603,Books,45-54,Male,Illinois,LinkedIn,60,738.97,0.0174
8604,Books,55+,Female,Illinois,Instagram,30,2375.24,0.0463
8605,Furniture,18-24,Male,Illinois,Instagram,7,3169.75,0.0451
8606,Smartphones,55+,Other,Illinois,Facebook,45,4989.8,0.0419
8607,Shoes,45-54,Male,Illinois,Google Ads,60,8291.64,0.0591
8608,Laptops,55+,Male,Florida,Instagram,60,4933.22,0.0279
8609,Books,45-54,Other,New York,Instagram,45,5831.28,0.0607
8610,Laptops,55+,Male,California,YouTube,45,9278.52,0.0578
8611,Shoes,55+,Other,New York,Instagram,14,7687.06,0.035
8612,Books,25-34,Female,Florida,Facebook,30,976.93,0.0342
8613,Laptops,45-54,Male,Illinois,YouTube,60,2176.39,0.0513
8614,Shoes,35-44,Female,Florida,Instagram,60,863.07,0.0207
8615,Laptops,55+,Male,Florida,Facebook,7,1156.03,0.0351
8616,Smartphones,18-24,Other,New York,YouTube,45,3719.12,0.0605
8617,Shoes,25-34,Male,California,Google Ads,45,7414.66,0.0788
8618,Laptops,25-34,Female,Texas,Facebook,60,2821.35,0.0404
8619,Smartphones,55+,Other,Texas,Instagram,45,4226.72,0.0334
8620,Smartphones,35-44,Other,California,YouTube,14,4241.81,0.0493
8621,Shoes,25-34,Female,Illinois,Google Ads,7,6107.91,0.0784
8622,Furniture,45-54,Female,Florida,Facebook,60,8982.73,0.0541
8623,Books,55+,Male,Illinois,Google Ads,7,9840.66,0.0867
8624,Shoes,55+,Male,Florida,Facebook,14,6243.8,0.0516
8625,Smartphones,35-44,Other,Texas,Instagram,7,5298.17,0.0624
8626,Smartphones,45-54,Female,California,Facebook,45,6977.82,0.0409
8627,Shoes,45-54,Female,New York,Instagram,60,6846.3,0.0291
8628,Furniture,35-44,Male,New York,Facebook,7,5477.49,0.0748
8629,Books,18-24,Male,California,YouTube,30,7501.08,0.0627
8630,Laptops,45-54,Other,Texas,Facebook,60,5167.08,0.0385
8631,Shoes,18-24,Female,Florida,Facebook,7,9966.36,0.085
8632,Books,18-24,Female,New York,LinkedIn,60,965.47,0.0163
8633,Books,55+,Female,Texas,LinkedIn,7,4710.55,0.062
8634,Smartphones,55+,Female,California,Facebook,7,4271.73,0.0561
8635,Laptops,25-34,Male,Illinois,LinkedIn,45,7817.89,0.0474
8636,Shoes,55+,Male,Texas,Instagram,7,2312.84,0.0384
8637,Smartphones,45-54,Male,Texas,LinkedIn,30,4623.72,0.0447
8638,Smartphones,45-54,Other,Illinois,Facebook,45,7130.47,0.0555
8639,Furniture,18-24,Female,Texas,Google Ads,30,6230.32,0.0644
8640,Books,45-54,Male,New York,Google Ads,30,5678.66,0.0693
8641,Shoes,55+,Female,New York,Facebook,14,4632.07,0.028
8642,Shoes,55+,Male,New York,Facebook,30,7644.08,0.0457
8643,Shoes,55+,Other,Texas,Google Ads,7,6641.04,0.0718
8644,Smartphones,35-44,Male,Texas,YouTube,60,8809.75,0.0608
8645,Furniture,45-54,Other,Texas,LinkedIn,45,7463.49,0.0554
8646,Laptops,25-34,Female,California,YouTube,45,1833.87,0.0553
8647,Smartphones,45-54,Male,Illinois,Instagram,45,6385.61,0.0441
8648,Laptops,45-54,Male,Texas,Google Ads,60,923.12,0.0515
8649,Furniture,35-44,Male,Illinois,Google Ads,30,4180.02,0.077
8650,Books,45-54,Female,Florida,YouTube,14,4413.41,0.0755
8651,Shoes,18-24,Other,New York,Instagram,7,8621.39,0.0696
8652,Laptops,55+,Other,California,YouTube,45,2213.53,0.041
8653,Smartphones,55+,Male,Illinois,Instagram,7,6613.64,0.0424
8654,Laptops,35-44,Female,New York,Facebook,30,2327.68,0.0509
8655,Books,55+,Other,California,Facebook,14,9512.37,0.0801
8656,Shoes,18-24,Other,New York,Google Ads,45,5530.22,0.0851
8657,Laptops,35-44,Other,Texas,Facebook,30,7228.03,0.0736
8658,Books,25-34,Other,Texas,YouTube,14,6642.18,0.0678
8659,Smartphones,55+,Other,New York,Instagram,45,3384.57,0.0251
8660,Furniture,45-54,Male,California,Google Ads,30,9061.38,0.0828
8661,Smartphones,18-24,Male,New York,Facebook,7,6458.86,0.0645
8662,Shoes,18-24,Male,Florida,Google Ads,60,5348.02,0.0884
8663,Smartphones,55+,Other,California,Google Ads,45,5519.43,0.0565
8664,Smartphones,25-34,Other,California,Instagram,14,8961.56,0.0707
8665,Smartphones,45-54,Other,New York,YouTube,14,1061.63,0.0441
8666,Smartphones,25-34,Male,Illinois,YouTube,60,4196.09,0.0523
8667,Shoes,25-34,Other,New York,LinkedIn,60,8495.46,0.0363
8668,Books,55+,Male,Illinois,YouTube,30,856.39,0.0577
8669,Laptops,45-54,Other,California,Facebook,60,6572.22,0.043
8670,Furniture,55+,Male,Texas,LinkedIn,45,4331.01,0.0425
8671,Laptops,55+,Female,Texas,LinkedIn,60,2443.54,0.0126
8672,Laptops,18-24,Other,New York,LinkedIn,45,6308.35,0.0495
8673,Furniture,55+,Other,Illinois,LinkedIn,7,8395.08,0.0607
8674,Shoes,35-44,Male,New York,YouTube,60,4939.73,0.0406
8675,Furniture,45-54,Other,Florida,LinkedIn,7,1894.01,0.0607
8676,Shoes,18-24,Male,New York,Facebook,14,3408.44,0.0552
8677,Laptops,45-54,Male,New York,Facebook,60,9822.86,0.0464
8678,Shoes,18-24,Female,New York,Google Ads,14,1555.37,0.0816
8679,Books,35-44,Female,New York,Facebook,7,2026.79,0.0567
8680,Furniture,55+,Other,Illinois,Google Ads,14,9906.69,0.0781
8681,Books,18-24,Other,Illinois,Facebook,7,8879.96,0.0617
8682,Laptops,18-24,Male,Illinois,LinkedIn,30,7217.72,0.0535
8683,Furniture,18-24,Male,Florida,Instagram,7,1934.34,0.0422
8684,Laptops,35-44,Male,Florida,LinkedIn,30,2785.22,0.0525
8685,Books,45-54,Male,New York,YouTube,14,2211.73,0.0611
8686,Laptops,35-44,Other,Illinois,Google Ads,7,6494.07,0.0881
8687,Furniture,18-24,Female,Florida,Instagram,30,4289.25,0.0348
8688,Furniture,18-24,Other,Texas,Facebook,7,953.9,0.0337
8689,Laptops,55+,Other,New York,LinkedIn,45,3267.28,0.0317
8690,Furniture,35-44,Other,California,Google Ads,45,8676.21,0.0813
8691,Furniture,35-44,Female,Illinois,Google Ads,14,8062.4,0.0908
8692,Laptops,25-34,Other,New York,Facebook,45,6608.61,0.0641
8693,Books,45-54,Female,New York,Google Ads,60,1312.66,0.0612
8694,Furniture,25-34,Male,California,Facebook,30,8886.51,0.0537
8695,Furniture,25-34,Other,Texas,Facebook,60,5577.92,0.0405
8696,Furniture,45-54,Male,Florida,LinkedIn,45,5198.47,0.0391
8697,Furniture,55+,Male,Florida,Google Ads,14,9373.6,0.0891
8698,Laptops,55+,Male,California,YouTube,60,584.02,0.0149
8699,Books,45-54,Other,California,YouTube,14,5781.02,0.0727
8700,Books,45-54,Male,Florida,LinkedIn,7,8016.82,0.0518
8701,Shoes,35-44,Other,Texas,LinkedIn,60,1105.06,0.0282
8702,Furniture,35-44,Male,Texas,Facebook,7,3893.13,0.0655
8703,Furniture,35-44,Other,New York,YouTube,60,9786.11,0.0616
8704,Shoes,35-44,Other,California,Google Ads,30,2511.97,0.0549
8705,Books,18-24,Other,California,YouTube,14,5546.2,0.0537
8706,Smartphones,18-24,Male,California,LinkedIn,7,7587.66,0.0755
8707,Smartphones,55+,Other,Florida,LinkedIn,45,4208.55,0.029
8708,Books,18-24,Male,Florida,Facebook,60,4374.8,0.0442
8709,Furniture,18-24,Female,Florida,Google Ads,7,1101.05,0.0445
8710,Smartphones,35-44,Male,Texas,LinkedIn,60,2305.89,0.0285
8711,Laptops,35-44,Male,Florida,Google Ads,60,8865.79,0.0755
8712,Laptops,45-54,Other,New York,YouTube,60,8274.02,0.0365
8713,Shoes,35-44,Male,Florida,Facebook,7,3394.07,0.0479
8714,Books,45-54,Female,Texas,YouTube,7,4126.26,0.0738
8715,Books,45-54,Other,California,LinkedIn,60,4683.9,0.0348
8716,Smartphones,18-24,Male,New York,LinkedIn,45,3786.46,0.0479
8717,Furniture,35-44,Male,Texas,Google Ads,14,6712.16,0.0984
8718,Books,18-24,Other,Illinois,LinkedIn,60,621.87,0.02
8719,Smartphones,35-44,Other,California,Google Ads,45,8861.6,0.0846
8720,Smartphones,18-24,Male,Florida,Instagram,14,3356.17,0.054
8721,Books,18-24,Male,Texas,LinkedIn,60,8787.55,0.037
8722,Smartphones,18-24,Other,Illinois,YouTube,14,4816.67,0.0837
8723,Shoes,55+,Other,Texas,YouTube,60,7875.14,0.0472
8724,Shoes,18-24,Female,Florida,Google Ads,7,8344.91,0.1012
8725,Books,25-34,Female,Texas,Instagram,60,3362.24,0.0381
8726,Furniture,25-34,Female,Illinois,LinkedIn,60,6583.09,0.0398
8727,Shoes,25-34,Other,Texas,Facebook,60,6270.43,0.0569
8728,Shoes,45-54,Other,New York,Facebook,60,5022.13,0.0211
8729,Books,18-24,Other,New York,YouTube,45,4960.9,0.0511
8730,Laptops,25-34,Male,Florida,LinkedIn,30,3399.43,0.0452
8731,Smartphones,45-54,Other,Illinois,Facebook,45,3446.81,0.0418
8732,Shoes,25-34,Male,Illinois,Google Ads,45,5707.44,0.0785
8733,Laptops,35-44,Other,Illinois,LinkedIn,7,806.57,0.0493
8734,Furniture,55+,Other,Illinois,YouTube,60,9369.81,0.0608
8735,Laptops,18-24,Male,Illinois,Instagram,45,6674.8,0.0448
8736,Books,55+,Other,California,Google Ads,14,4712.71,0.066
8737,Furniture,55+,Other,Texas,Google Ads,60,1087.16,0.0487
8738,Furniture,35-44,Other,Illinois,LinkedIn,7,6485.12,0.0638
8739,Laptops,35-44,Female,New York,Instagram,7,668.56,0.0443
8740,Books,35-44,Other,Texas,Google Ads,14,6958.74,0.083
8741,Shoes,45-54,Male,Florida,Instagram,7,1188.98,0.0307
8742,Laptops,25-34,Male,Florida,YouTube,60,6732.97,0.0651
8743,Shoes,18-24,Male,Illinois,Google Ads,30,4355.93,0.0873
8744,Laptops,35-44,Other,California,Facebook,30,6794.97,0.0654
8745,Shoes,18-24,Male,California,YouTube,45,1815.72,0.0518
8746,Laptops,18-24,Female,Texas,YouTube,7,1615.14,0.0523
8747,Furniture,18-24,Male,California,Google Ads,60,2850.53,0.0541
8748,Smartphones,35-44,Other,Florida,Facebook,14,4409.36,0.0679
8749,Furniture,35-44,Female,Illinois,Instagram,14,2903.79,0.0545
8750,Shoes,25-34,Male,New York,Facebook,60,1279.15,0.0415
8751,Books,35-44,Female,Florida,YouTube,60,3587.77,0.0666
8752,Furniture,35-44,Male,Florida,Google Ads,14,7204.73,0.1009
8753,Smartphones,18-24,Other,Texas,Facebook,7,6039.32,0.0741
8754,Shoes,25-34,Female,California,Facebook,45,9651.58,0.0606
8755,Furniture,55+,Male,New York,YouTube,45,4641.26,0.0425
8756,Laptops,35-44,Male,New York,Instagram,45,3661.62,0.0396
8757,Books,35-44,Female,California,Facebook,60,7089.96,0.0503
8758,Shoes,55+,Female,Illinois,Facebook,14,4413.61,0.0425
8759,Furniture,18-24,Female,California,LinkedIn,14,6373.94,0.0284
8760,Shoes,25-34,Female,Illinois,YouTube,14,9489.73,0.06
8761,Laptops,18-24,Male,New York,LinkedIn,14,5242.3,0.0474
8762,Smartphones,45-54,Male,Texas,YouTube,14,5232.66,0.0616
8763,Furniture,35-44,Male,Florida,YouTube,30,7864.08,0.0807
8764,Shoes,45-54,Other,New York,LinkedIn,60,7682.73,0.0261
8765,Shoes,35-44,Female,New York,Instagram,60,5404.2,0.0353
8766,Shoes,45-54,Male,New York,Instagram,30,1114.84,0.0235
8767,Smartphones,55+,Female,Florida,YouTube,45,9817.48,0.0536
8768,Shoes,35-44,Female,Illinois,LinkedIn,7,4084.54,0.0415
8769,Books,35-44,Male,Texas,Facebook,60,3508.71,0.0332
8770,Books,45-54,Female,Texas,YouTube,60,9824.69,0.0758
8771,Shoes,25-34,Female,Texas,YouTube,30,8785.28,0.0707
8772,Books,45-54,Female,Illinois,Google Ads,60,3637.06,0.0602
8773,Furniture,35-44,Female,California,Instagram,60,3428.94,0.0426
8774,Books,35-44,Female,California,LinkedIn,45,7349.06,0.0452
8775,Shoes,25-34,Male,Texas,Facebook,30,3676.0,0.0535
8776,Laptops,18-24,Male,New York,Facebook,60,2888.6,0.0348
8777,Furniture,25-34,Female,New York,YouTube,14,9806.87,0.0659
8778,Smartphones,18-24,Female,Florida,Facebook,30,5874.25,0.0747
8779,Shoes,35-44,Female,California,Facebook,45,7743.73,0.0424
8780,Smartphones,55+,Other,New York,YouTube,7,7274.02,0.0539
8781,Laptops,55+,Female,Texas,Instagram,60,7677.5,0.033
8782,Smartphones,45-54,Other,Florida,Google Ads,14,9082.2,0.09
8783,Shoes,25-34,Other,California,Instagram,14,5257.3,0.0637
8784,Shoes,25-34,Other,Florida,Instagram,7,7657.09,0.0669
8785,Laptops,55+,Male,New York,Google Ads,30,8069.73,0.0695
8786,Shoes,18-24,Other,Texas,YouTube,45,9490.65,0.0717
8787,Laptops,25-34,Female,Texas,Instagram,60,7274.42,0.06
8788,Laptops,18-24,Female,Texas,LinkedIn,60,8979.85,0.0514
8789,Shoes,18-24,Male,New York,LinkedIn,60,1402.86,0.0349
8790,Books,18-24,Male,Illinois,Google Ads,14,1697.92,0.0689
8791,Laptops,18-24,Female,Texas,LinkedIn,30,2004.29,0.0369
8792,Shoes,45-54,Male,Illinois,YouTube,7,1875.72,0.0435
8793,Books,45-54,Male,Texas,Facebook,30,1331.43,0.0435
8794,Laptops,55+,Other,Illinois,YouTube,45,1664.45,0.0389
8795,Books,45-54,Other,California,Google Ads,45,9961.15,0.0753
8796,Furniture,25-34,Male,California,Facebook,7,3085.76,0.0525
8797,Furniture,45-54,Female,Texas,LinkedIn,14,5041.46,0.0586
8798,Books,25-34,Other,Florida,Instagram,7,8305.35,0.0736
8799,Laptops,25-34,Female,Florida,LinkedIn,45,1623.89,0.0408
8800,Shoes,18-24,Male,New York,YouTube,14,3514.97,0.0591
8801,Smartphones,55+,Female,California,YouTube,30,2013.22,0.028
8802,Shoes,18-24,Female,California,Google Ads,45,1094.28,0.061
8803,Smartphones,18-24,Female,Florida,Instagram,14,9627.16,0.0753
8804,Smartphones,45-54,Female,Texas,Instagram,14,8654.4,0.0601
8805,Laptops,45-54,Male,New York,Facebook,60,8853.33,0.0339
8806,Books,25-34,Male,California,Facebook,30,8752.46,0.067
8807,Shoes,45-54,Other,New York,YouTube,14,1968.38,0.0458
8808,Books,45-54,Other,California,Google Ads,7,7957.47,0.0881
8809,Furniture,35-44,Other,Illinois,YouTube,30,7414.78,0.0755
8810,Laptops,25-34,Other,Illinois,Instagram,30,9291.45,0.0657
8811,Laptops,25-34,Female,New York,Instagram,45,2583.56,0.0446
8812,Furniture,35-44,Other,Florida,YouTube,30,4433.42,0.076
8813,Shoes,25-34,Other,Florida,Instagram,30,3301.82,0.0517
8814,Furniture,55+,Female,California,Facebook,60,2950.22,0.0419
8815,Shoes,55+,Male,Illinois,Instagram,30,6697.63,0.0339
8816,Smartphones,35-44,Other,Illinois,Facebook,14,2057.46,0.0504
8817,Laptops,45-54,Male,New York,LinkedIn,7,4915.67,0.0416
8818,Shoes,55+,Other,New York,Google Ads,60,6643.08,0.0541
8819,Books,35-44,Male,Florida,Google Ads,60,1737.88,0.055
8820,Books,55+,Other,Florida,Instagram,60,2941.31,0.049
8821,Laptops,18-24,Male,Florida,Google Ads,60,9689.98,0.077
8822,Furniture,35-44,Male,Texas,LinkedIn,45,8056.58,0.0661
8823,Furniture,25-34,Other,Illinois,Instagram,60,6931.07,0.0476
8824,Shoes,55+,Male,Illinois,Facebook,45,8631.71,0.0445
8825,Furniture,25-34,Other,New York,LinkedIn,45,632.7,0.015
8826,Laptops,35-44,Other,Illinois,LinkedIn,30,557.71,0.0317
8827,Shoes,55+,Female,New York,Google Ads,7,1962.68,0.0544
8828,Smartphones,25-34,Other,Texas,Facebook,30,5204.94,0.063
8829,Furniture,45-54,Other,Florida,YouTube,45,5914.75,0.0643
8830,Furniture,45-54,Other,Texas,LinkedIn,30,1580.04,0.036
8831,Shoes,18-24,Other,Florida,Google Ads,14,1186.71,0.0781
8832,Books,35-44,Female,Florida,LinkedIn,60,8369.17,0.0435
8833,Furniture,25-34,Female,New York,Facebook,60,4912.45,0.0437
8834,Laptops,18-24,Female,Florida,Facebook,45,9928.7,0.0566
8835,Furniture,35-44,Female,Texas,Instagram,30,2678.79,0.0541
8836,Smartphones,45-54,Male,California,YouTube,14,6648.41,0.0494
8837,Furniture,25-34,Other,New York,YouTube,14,8141.69,0.0724
8838,Books,55+,Female,Florida,Google Ads,14,8790.06,0.0937
8839,Furniture,45-54,Other,Florida,YouTube,45,3410.03,0.0607
8840,Shoes,55+,Female,Illinois,Facebook,30,2336.16,0.034
8841,Furniture,55+,Other,New York,YouTube,14,2647.9,0.0653
8842,Books,25-34,Male,New York,Google Ads,14,6834.06,0.0799
8843,Shoes,25-34,Female,Texas,LinkedIn,30,5462.13,0.0428
8844,Laptops,55+,Male,California,YouTube,30,6190.42,0.0573
8845,Shoes,18-24,Male,Texas,YouTube,60,695.02,0.0413
8846,Smartphones,55+,Other,Texas,Facebook,7,4214.25,0.0415
8847,Shoes,55+,Female,Texas,Facebook,7,3446.41,0.0494
8848,Laptops,25-34,Male,California,LinkedIn,14,8705.92,0.0564
8849,Furniture,35-44,Other,Texas,Instagram,30,7874.46,0.0637
8850,Shoes,45-54,Other,New York,YouTube,60,4580.93,0.0388
8851,Shoes,25-34,Other,California,Facebook,45,6490.03,0.0551
8852,Shoes,18-24,Male,Florida,Instagram,7,952.95,0.0515
8853,Shoes,45-54,Other,Illinois,YouTube,7,6553.89,0.0629
8854,Laptops,25-34,Other,Illinois,YouTube,30,1423.45,0.0613
8855,Books,25-34,Other,New York,Instagram,45,7283.18,0.0578
8856,Books,35-44,Male,Illinois,Facebook,7,5951.47,0.0678
8857,Shoes,18-24,Other,Illinois,LinkedIn,60,3354.69,0.0405
8858,Laptops,18-24,Male,Illinois,YouTube,7,4022.98,0.0564
8859,Laptops,25-34,Other,Florida,Google Ads,30,1355.87,0.0557
8860,Shoes,35-44,Male,Illinois,Google Ads,30,3566.49,0.071
8861,Smartphones,25-34,Male,Texas,Google Ads,45,9685.01,0.0902
8862,Shoes,55+,Female,New York,LinkedIn,7,5118.76,0.0292
8863,Smartphones,55+,Female,New York,YouTube,45,5005.29,0.0263
8864,Shoes,35-44,Female,New York,Facebook,7,6477.67,0.0474
8865,Smartphones,25-34,Male,Florida,Facebook,14,5102.22,0.0583
8866,Smartphones,35-44,Other,Florida,LinkedIn,7,3877.34,0.0562
8867,Shoes,25-34,Other,Illinois,YouTube,30,1825.45,0.0579
8868,Smartphones,25-34,Male,Texas,Instagram,30,6487.99,0.0569
8869,Furniture,55+,Other,Illinois,Instagram,14,7614.76,0.0705
8870,Books,45-54,Male,New York,YouTube,7,9269.48,0.0706
8871,Laptops,18-24,Other,Texas,YouTube,7,528.63,0.0514
8872,Smartphones,18-24,Male,New York,Facebook,30,1133.27,0.0533
8873,Smartphones,35-44,Female,Texas,LinkedIn,14,9044.35,0.0553
8874,Laptops,18-24,Female,California,LinkedIn,30,6495.98,0.043
8875,Smartphones,55+,Other,Florida,Facebook,14,9600.15,0.0528
8876,Laptops,45-54,Other,Florida,Google Ads,30,4593.02,0.07
8877,Shoes,25-34,Other,New York,Instagram,60,4458.53,0.0453
8878,Furniture,25-34,Other,New York,YouTube,7,3770.51,0.0599
8879,Furniture,55+,Female,California,Instagram,45,1856.78,0.0314
8880,Books,18-24,Female,Illinois,Instagram,60,4097.01,0.0445
8881,Smartphones,25-34,Male,Texas,LinkedIn,30,639.16,0.0315
8882,Books,18-24,Other,California,Facebook,14,5338.48,0.0548
8883,Shoes,55+,Female,California,Google Ads,45,8548.5,0.0564
8884,Furniture,25-34,Male,New York,Google Ads,14,3551.37,0.0646
8885,Shoes,35-44,Male,New York,Facebook,14,1399.08,0.0352
8886,Shoes,45-54,Male,Illinois,Instagram,7,9750.73,0.0496
8887,Smartphones,18-24,Female,Illinois,Facebook,30,1725.29,0.0616
8888,Shoes,18-24,Male,New York,Facebook,7,5522.63,0.07
8889,Furniture,18-24,Other,Florida,YouTube,14,8187.26,0.0648
8890,Books,18-24,Male,Illinois,YouTube,7,2897.28,0.0507
8891,Furniture,55+,Male,California,Instagram,60,8494.15,0.0344
8892,Smartphones,55+,Female,New York,LinkedIn,14,5791.74,0.0338
8893,Furniture,55+,Male,Texas,Google Ads,14,3653.39,0.0874
8894,Laptops,55+,Female,Texas,YouTube,60,8724.05,0.0549
8895,Books,25-34,Female,Florida,Instagram,14,6409.0,0.055
8896,Laptops,55+,Other,New York,Facebook,45,6346.15,0.0346
8897,Laptops,25-34,Male,California,YouTube,45,5288.09,0.0727
8898,Smartphones,35-44,Other,Florida,Facebook,30,3110.01,0.0471
8899,Shoes,55+,Other,California,Facebook,30,3396.17,0.0252
8900,Laptops,35-44,Male,Texas,YouTube,7,1336.75,0.0663
8901,Furniture,55+,Male,California,Instagram,7,2815.38,0.0472
8902,Shoes,35-44,Female,Texas,Google Ads,60,3139.34,0.0458
8903,Furniture,45-54,Male,Illinois,Instagram,60,1057.66,0.0477
8904,Furniture,35-44,Female,Texas,LinkedIn,14,1547.99,0.0502
8905,Shoes,25-34,Other,Texas,LinkedIn,30,3067.4,0.0361
8906,Shoes,18-24,Other,Florida,Google Ads,30,6933.9,0.1009
8907,Furniture,35-44,Female,Florida,LinkedIn,30,2250.23,0.0398
8908,Smartphones,18-24,Male,New York,Facebook,30,5457.57,0.06
8909,Books,45-54,Male,New York,LinkedIn,7,5325.08,0.0468
8910,Books,45-54,Female,Texas,YouTube,45,8423.36,0.0809
8911,Smartphones,25-34,Other,Illinois,Facebook,60,6287.06,0.0702
8912,Shoes,25-34,Female,New York,Instagram,60,9211.49,0.0493
8913,Furniture,35-44,Male,Texas,Google Ads,30,6466.96,0.098
8914,Books,55+,Male,Florida,YouTube,30,742.4,0.0376
8915,Furniture,45-54,Female,New York,YouTube,7,4124.17,0.0727
8916,Smartphones,18-24,Male,New York,Google Ads,7,7140.96,0.1039
8917,Furniture,55+,Other,Texas,LinkedIn,60,5013.66,0.0482
8918,Smartphones,45-54,Female,Texas,Google Ads,30,4484.28,0.0659
8919,Shoes,35-44,Other,California,Google Ads,30,6879.68,0.0729
8920,Smartphones,45-54,Other,California,LinkedIn,60,3214.46,0.0149
8921,Smartphones,25-34,Female,Illinois,Instagram,7,9135.29,0.0729
8922,Books,18-24,Female,New York,Google Ads,60,4424.86,0.0578
8923,Furniture,18-24,Male,California,LinkedIn,7,6496.57,0.0332
8924,Books,25-34,Male,Texas,YouTube,7,9832.17,0.0835
8925,Laptops,55+,Female,New York,Google Ads,7,7962.06,0.0743
8926,Smartphones,25-34,Female,California,Google Ads,30,5550.42,0.091
8927,Laptops,18-24,Male,Illinois,Instagram,60,8664.18,0.0523
8928,Books,35-44,Male,Illinois,Instagram,7,5824.16,0.0744
8929,Furniture,55+,Male,Illinois,YouTube,45,4695.71,0.0635
8930,Books,45-54,Female,Illinois,Instagram,7,8797.8,0.0678
8931,Furniture,35-44,Female,Texas,YouTube,7,757.98,0.0603
8932,Furniture,55+,Male,Illinois,Google Ads,7,4370.93,0.0738
8933,Shoes,18-24,Other,Florida,LinkedIn,14,3758.43,0.0604
8934,Smartphones,18-24,Other,Illinois,Instagram,45,7283.82,0.0605
8935,Books,35-44,Male,California,YouTube,30,619.57,0.0493
8936,Furniture,55+,Female,New York,Instagram,60,6778.1,0.0427
8937,Books,45-54,Female,California,Instagram,60,3790.43,0.0441
8938,Books,45-54,Other,New York,Facebook,60,1429.99,0.0218
8939,Furniture,25-34,Male,Texas,Google Ads,30,9813.14,0.0813
8940,Laptops,35-44,Other,New York,Instagram,7,2516.17,0.0487
8941,Smartphones,55+,Other,Florida,LinkedIn,45,3816.73,0.0294
8942,Smartphones,35-44,Male,Illinois,Facebook,60,2466.94,0.0406
8943,Shoes,45-54,Other,California,YouTube,14,6788.92,0.0594
8944,Shoes,55+,Female,New York,YouTube,14,7933.9,0.0539
8945,Shoes,18-24,Other,California,LinkedIn,45,8676.09,0.064
8946,Smartphones,18-24,Male,Illinois,LinkedIn,60,3454.48,0.0495
8947,Laptops,55+,Female,Texas,Google Ads,7,5483.26,0.0652
8948,Smartphones,35-44,Female,Illinois,LinkedIn,60,6800.95,0.0383
8949,Smartphones,35-44,Other,Texas,YouTube,7,6480.45,0.0693
8950,Smartphones,18-24,Female,California,Google Ads,60,7302.26,0.0631
8951,Smartphones,18-24,Male,Texas,LinkedIn,14,7812.41,0.0639
8952,Laptops,45-54,Other,Texas,LinkedIn,30,1426.0,0.0422
8953,Shoes,55+,Female,Texas,YouTube,45,2098.95,0.032
8954,Books,35-44,Male,Texas,Google Ads,7,7476.05,0.0886
8955,Shoes,45-54,Other,Texas,Facebook,30,5028.42,0.0317
8956,Shoes,35-44,Male,New York,Facebook,7,4556.82,0.0423
8957,Books,18-24,Female,Texas,Google Ads,45,4826.68,0.0714
8958,Smartphones,55+,Other,Texas,LinkedIn,30,4034.25,0.0254
8959,Laptops,25-34,Other,Illinois,LinkedIn,30,6115.14,0.0464
8960,Laptops,55+,Female,Illinois,Google Ads,45,3571.59,0.0649
8961,Shoes,25-34,Male,Illinois,Facebook,45,6549.75,0.0539
8962,Books,45-54,Female,Texas,Instagram,7,2425.05,0.0478
8963,Furniture,25-34,Other,Illinois,YouTube,30,7698.04,0.0641
8964,Smartphones,25-34,Other,New York,Google Ads,45,7925.2,0.0766
8965,Shoes,45-54,Female,California,Instagram,7,5995.95,0.0397
8966,Laptops,55+,Male,Illinois,YouTube,60,4008.57,0.0403
8967,Books,45-54,Female,Illinois,Instagram,45,636.77,0.0299
8968,Books,18-24,Male,New York,Instagram,30,1654.56,0.0232
8969,Shoes,18-24,Male,Florida,YouTube,60,1257.03,0.0568
8970,Furniture,25-34,Other,Florida,Instagram,45,596.95,0.0346
8971,Laptops,45-54,Male,New York,Facebook,14,7361.09,0.0548
8972,Shoes,45-54,Other,Illinois,Google Ads,30,9582.63,0.0743
8973,Furniture,45-54,Male,California,Facebook,30,606.1,0.037
8974,Books,55+,Male,Illinois,Facebook,7,1570.56,0.0431
8975,Smartphones,35-44,Other,New York,YouTube,14,8676.42,0.0717
8976,Laptops,35-44,Male,New York,YouTube,45,7040.77,0.0614
8977,Laptops,35-44,Female,Texas,YouTube,14,4344.75,0.0699
8978,Furniture,55+,Male,New York,Instagram,45,9931.57,0.0527
8979,Shoes,45-54,Other,Texas,Instagram,7,5949.4,0.0484
8980,Books,35-44,Other,New York,Google Ads,60,6861.19,0.0708
8981,Furniture,45-54,Female,Texas,Instagram,14,6705.18,0.0681
8982,Smartphones,25-34,Male,Texas,Google Ads,30,2615.67,0.0851
8983,Smartphones,35-44,Female,Illinois,Facebook,45,5137.18,0.0519
8984,Smartphones,25-34,Male,Texas,Google Ads,14,2555.91,0.0884
8985,Furniture,55+,Female,Florida,Google Ads,45,5339.91,0.0827
8986,Books,18-24,Other,New York,YouTube,14,792.42,0.0311
8987,Laptops,55+,Other,California,Instagram,30,4128.61,0.0441
8988,Shoes,55+,Female,New York,LinkedIn,45,4036.0,0.0234
8989,Laptops,55+,Male,Illinois,LinkedIn,45,3270.49,0.0291
8990,Books,35-44,Male,Illinois,YouTube,60,1252.67,0.0474
8991,Laptops,25-34,Other,Texas,Facebook,7,7824.19,0.0722
8992,Furniture,35-44,Male,Illinois,Facebook,14,4494.32,0.069
8993,Smartphones,18-24,Female,Illinois,Facebook,30,8232.75,0.0683
8994,Books,55+,Female,New York,Google Ads,60,8439.41,0.068
8995,Books,45-54,Male,Florida,Instagram,60,2529.18,0.0459
8996,Laptops,18-24,Other,Florida,Facebook,7,4502.64,0.0608
8997,Furniture,25-34,Other,Texas,LinkedIn,30,7349.25,0.0493
8998,Laptops,18-24,Other,Illinois,Google Ads,14,5245.21,0.0744
8999,Laptops,35-44,Other,Illinois,Facebook,45,8623.15,0.0639
9000,Books,45-54,Other,Florida,Facebook,7,5929.91,0.0659
9001,Laptops,35-44,Female,Texas,Instagram,45,6481.02,0.0567
9002,Smartphones,55+,Male,Illinois,Instagram,60,7976.72,0.0309
9003,Laptops,55+,Female,Texas,Google Ads,45,1661.11,0.0467
9004,Smartphones,18-24,Other,New York,LinkedIn,14,6050.36,0.0607
9005,Books,55+,Other,Illinois,YouTube,14,1311.58,0.0644
9006,Furniture,55+,Male,Illinois,LinkedIn,45,2975.24,0.0323
9007,Smartphones,25-34,Male,Illinois,Instagram,45,2519.43,0.0477
9008,Furniture,25-34,Male,Florida,Instagram,7,5887.22,0.0577
9009,Furniture,35-44,Female,Florida,YouTube,14,8517.07,0.0773
9010,Smartphones,35-44,Male,Illinois,LinkedIn,45,1761.69,0.0354
9011,Books,25-34,Female,Illinois,LinkedIn,30,7799.77,0.0418
9012,Shoes,18-24,Other,New York,YouTube,7,1859.13,0.0645
9013,Furniture,25-34,Female,New York,Instagram,7,2301.88,0.039
9014,Furniture,35-44,Male,Texas,Google Ads,7,9210.93,0.1013
9015,Books,45-54,Female,Texas,LinkedIn,7,592.43,0.0386
9016,Books,55+,Female,Florida,Facebook,45,2372.87,0.0579
9017,Laptops,45-54,Female,California,LinkedIn,60,2547.78,0.0272
9018,Books,45-54,Male,New York,LinkedIn,30,3177.87,0.0411
9019,Furniture,55+,Female,Texas,LinkedIn,60,3952.41,0.0409
9020,Smartphones,25-34,Male,New York,Instagram,60,1480.19,0.0418
9021,Shoes,18-24,Female,New York,Facebook,45,4950.32,0.0543
9022,Laptops,45-54,Female,California,LinkedIn,7,4293.83,0.0463
9023,Smartphones,18-24,Female,New York,Google Ads,7,6436.87,0.0962
9024,Shoes,35-44,Male,California,Facebook,45,8741.42,0.0516
9025,Shoes,45-54,Male,California,YouTube,45,3328.34,0.0349
9026,Shoes,35-44,Male,New York,Google Ads,14,5691.63,0.0661
9027,Smartphones,25-34,Other,New York,YouTube,7,4028.09,0.0627
9028,Laptops,45-54,Male,Texas,LinkedIn,30,882.38,0.006
9029,Laptops,35-44,Female,New York,Instagram,14,8300.22,0.0585
9030,Shoes,35-44,Other,New York,LinkedIn,60,6525.06,0.046
9031,Smartphones,25-34,Male,New York,LinkedIn,7,520.64,0.0411
9032,Shoes,18-24,Male,Texas,YouTube,45,2870.93,0.0667
9033,Books,18-24,Other,California,LinkedIn,45,3435.4,0.0354
9034,Laptops,45-54,Other,Texas,Google Ads,45,8209.55,0.0733
9035,Furniture,25-34,Male,New York,Instagram,7,7726.78,0.0553
9036,Shoes,45-54,Other,Illinois,YouTube,30,4263.37,0.0451
9037,Books,18-24,Female,New York,Facebook,45,1994.75,0.0298
9038,Laptops,25-34,Female,Texas,LinkedIn,7,4167.31,0.0524
9039,Smartphones,55+,Female,Texas,YouTube,60,8196.39,0.045
9040,Laptops,25-34,Male,Florida,LinkedIn,14,4797.72,0.0566
9041,Smartphones,25-34,Female,Illinois,LinkedIn,7,1600.77,0.0547
9042,Smartphones,55+,Other,Texas,YouTube,7,866.2,0.0422
9043,Shoes,35-44,Female,California,Google Ads,45,3666.69,0.0495
9044,Shoes,35-44,Other,New York,Facebook,14,1909.45,0.0378
9045,Laptops,35-44,Female,California,LinkedIn,14,7577.89,0.048
9046,Books,18-24,Other,Texas,Google Ads,45,3148.19,0.0481
9047,Laptops,25-34,Female,Texas,LinkedIn,30,8835.8,0.0601
9048,Furniture,55+,Female,California,LinkedIn,7,6364.82,0.0537
9049,Smartphones,18-24,Female,California,Google Ads,45,4239.81,0.0804
9050,Smartphones,55+,Other,Florida,LinkedIn,30,6295.55,0.036
9051,Shoes,18-24,Other,New York,Facebook,45,3304.15,0.0532
9052,Books,18-24,Female,California,YouTube,60,1842.58,0.0295
9053,Shoes,18-24,Other,New York,Google Ads,30,9659.69,0.0895
9054,Furniture,55+,Other,Illinois,Instagram,30,5850.03,0.0617
9055,Laptops,45-54,Male,Texas,LinkedIn,14,569.62,0.0301
9056,Laptops,18-24,Female,California,YouTube,7,3447.98,0.0501
9057,Books,35-44,Other,Illinois,Facebook,45,2015.58,0.0441
9058,Shoes,25-34,Other,Texas,Facebook,45,2952.74,0.0587
9059,Shoes,45-54,Other,Florida,Instagram,7,1029.3,0.0368
9060,Furniture,45-54,Other,Texas,Facebook,7,2828.31,0.0698
9061,Laptops,55+,Male,California,YouTube,14,6988.65,0.0467
9062,Shoes,45-54,Other,Illinois,Instagram,7,8295.79,0.0523
9063,Books,55+,Other,Illinois,Google Ads,60,3800.22,0.0679
9064,Laptops,55+,Male,Illinois,Instagram,14,5463.42,0.0503
9065,Furniture,35-44,Female,Texas,Google Ads,30,897.01,0.0634
9066,Books,18-24,Female,New York,Facebook,7,1362.61,0.0352
9067,Smartphones,45-54,Male,New York,YouTube,30,5743.28,0.0493
9068,Furniture,18-24,Female,Texas,LinkedIn,14,8485.48,0.0355
9069,Books,18-24,Female,California,Instagram,60,1335.89,0.0255
9070,Shoes,18-24,Male,Texas,Facebook,60,4476.19,0.0476
9071,Smartphones,55+,Other,New York,YouTube,7,9719.03,0.0626
9072,Furniture,18-24,Male,Texas,LinkedIn,60,7518.53,0.0114
9073,Shoes,45-54,Male,Illinois,Instagram,45,2377.23,0.0333
9074,Smartphones,55+,Male,California,YouTube,14,3209.16,0.0372
9075,Laptops,45-54,Male,California,Facebook,60,9505.2,0.0393
9076,Shoes,55+,Male,Florida,Instagram,14,2599.38,0.0355
9077,Books,25-34,Other,Texas,Instagram,14,4688.62,0.0622
9078,Furniture,25-34,Female,Illinois,Google Ads,45,3878.3,0.073
9079,Smartphones,25-34,Male,Texas,Google Ads,7,5155.37,0.0975
9080,Shoes,25-34,Other,Florida,Instagram,14,2747.51,0.0499
9081,Laptops,55+,Male,Florida,YouTube,45,6849.33,0.0539
9082,Furniture,18-24,Other,Texas,Facebook,60,2728.61,0.0158
9083,Furniture,35-44,Female,Texas,LinkedIn,30,6219.96,0.0577
9084,Shoes,35-44,Other,Texas,Google Ads,7,3898.81,0.0756
9085,Laptops,25-34,Other,New York,Facebook,30,2889.02,0.0493
9086,Smartphones,18-24,Female,Florida,Instagram,45,7102.52,0.0571
9087,Shoes,45-54,Female,California,Facebook,14,9669.78,0.0482
9088,Smartphones,18-24,Other,New York,Facebook,45,8759.07,0.0802
9089,Furniture,45-54,Male,Illinois,Facebook,7,1324.94,0.0555
9090,Smartphones,35-44,Male,California,Instagram,7,4816.93,0.0491
9091,Laptops,18-24,Female,California,Google Ads,60,7100.41,0.0674
9092,Books,18-24,Male,California,LinkedIn,45,5844.85,0.0381
9093,Laptops,35-44,Female,Florida,YouTube,7,7400.39,0.0678
9094,Smartphones,18-24,Other,Illinois,Google Ads,45,9763.64,0.0841
9095,Shoes,45-54,Other,New York,LinkedIn,60,3751.58,0.0145
9096,Furniture,18-24,Male,Illinois,Instagram,60,7823.3,0.0305
9097,Books,45-54,Female,New York,LinkedIn,45,1393.68,0.0398
9098,Shoes,25-34,Male,Florida,Instagram,7,8762.61,0.0706
9099,Shoes,18-24,Male,Illinois,LinkedIn,14,7895.11,0.0631
9100,Laptops,45-54,Other,California,Google Ads,14,5449.19,0.073
9101,Smartphones,35-44,Male,Illinois,Instagram,60,8299.82,0.0361
9102,Laptops,25-34,Other,Florida,Facebook,7,6832.92,0.0667
9103,Smartphones,18-24,Female,Florida,Instagram,60,5746.15,0.0573
9104,Laptops,45-54,Male,Florida,Instagram,60,9487.0,0.0439
9105,Shoes,18-24,Other,New York,LinkedIn,60,1737.52,0.0426
9106,Furniture,45-54,Male,Illinois,Instagram,60,9933.19,0.0625
9107,Smartphones,18-24,Female,California,LinkedIn,45,1967.11,0.0348
9108,Books,25-34,Male,California,Google Ads,45,5061.67,0.0605
9109,Books,25-34,Male,Texas,Instagram,7,2698.4,0.0451
9110,Shoes,18-24,Other,Florida,Facebook,7,3083.18,0.0679
9111,Laptops,18-24,Female,California,Facebook,30,6502.4,0.056
9112,Laptops,55+,Female,Florida,Google Ads,14,829.75,0.0565
9113,Shoes,18-24,Female,California,Facebook,45,9437.09,0.0616
9114,Books,18-24,Male,Illinois,LinkedIn,7,3156.41,0.0402
9115,Books,25-34,Other,Texas,Instagram,60,3089.06,0.0405
9116,Laptops,18-24,Male,Florida,YouTube,45,8703.86,0.0728
9117,Smartphones,35-44,Male,New York,Instagram,14,7765.94,0.0606
9118,Furniture,18-24,Male,New York,Instagram,45,6881.36,0.0241
9119,Smartphones,55+,Female,California,YouTube,14,1890.41,0.0241
9120,Books,45-54,Other,Illinois,Facebook,30,7811.36,0.0634
9121,Smartphones,25-34,Female,Florida,Facebook,7,3927.28,0.0638
9122,Furniture,35-44,Male,Texas,Instagram,14,9941.94,0.0683
9123,Smartphones,45-54,Male,Illinois,Facebook,30,6876.87,0.0439
9124,Smartphones,35-44,Other,California,LinkedIn,45,8440.98,0.0457
9125,Smartphones,25-34,Female,Illinois,LinkedIn,7,7470.96,0.0542
9126,Smartphones,55+,Male,Texas,YouTube,14,6145.26,0.0642
9127,Shoes,25-34,Male,Illinois,Instagram,14,7305.03,0.0599
9128,Books,35-44,Other,Florida,LinkedIn,7,6176.1,0.0607
9129,Furniture,35-44,Male,California,Google Ads,45,986.39,0.0564
9130,Books,25-34,Female,Texas,Facebook,45,3782.47,0.0406
9131,Shoes,18-24,Female,California,Instagram,60,3505.97,0.0483
9132,Shoes,25-34,Male,Florida,LinkedIn,45,7282.75,0.0439
9133,Shoes,55+,Male,Texas,YouTube,7,5973.65,0.0554
9134,Shoes,25-34,Male,Texas,LinkedIn,30,6299.64,0.0533
9135,Smartphones,45-54,Other,California,Google Ads,7,8546.33,0.0697
9136,Books,18-24,Other,Illinois,LinkedIn,14,5490.42,0.0467
9137,Laptops,45-54,Female,Illinois,Instagram,60,2573.63,0.0391
9138,Furniture,25-34,Female,New York,YouTube,60,618.18,0.0292
9139,Shoes,18-24,Male,New York,YouTube,30,2015.23,0.0557
9140,Books,45-54,Male,Texas,Google Ads,14,790.5,0.0701
9141,Shoes,45-54,Male,California,Instagram,45,2752.12,0.029
9142,Shoes,18-24,Other,Texas,Google Ads,45,6532.47,0.0864
9143,Shoes,18-24,Other,California,Google Ads,45,1938.48,0.0782
9144,Shoes,35-44,Male,Florida,Google Ads,7,1278.27,0.0611
9145,Shoes,18-24,Male,New York,LinkedIn,45,9723.12,0.067
9146,Furniture,25-34,Female,Texas,Facebook,14,9970.6,0.0632
9147,Books,55+,Other,Florida,LinkedIn,60,6551.72,0.0535
9148,Shoes,35-44,Male,Illinois,Instagram,7,1531.38,0.038
9149,Shoes,18-24,Other,New York,Google Ads,45,8304.45,0.0877
9150,Shoes,55+,Male,California,Google Ads,14,5622.53,0.0489
9151,Shoes,35-44,Male,Illinois,Facebook,30,2229.7,0.053
9152,Smartphones,25-34,Female,Illinois,YouTube,14,5969.08,0.0767
9153,Smartphones,55+,Female,Florida,Google Ads,60,874.13,0.043
9154,Laptops,18-24,Female,Texas,LinkedIn,14,9738.48,0.0505
9155,Shoes,18-24,Male,Texas,Google Ads,14,8346.67,0.0999
9156,Laptops,25-34,Female,Florida,Instagram,7,2977.38,0.0586
9157,Furniture,35-44,Male,Illinois,Facebook,60,4479.66,0.0475
9158,Laptops,55+,Other,New York,YouTube,45,4255.19,0.0498
9159,Books,25-34,Other,Illinois,Instagram,60,8684.19,0.0517
9160,Smartphones,35-44,Male,Florida,LinkedIn,30,3869.03,0.0414
9161,Smartphones,45-54,Female,Illinois,Instagram,60,955.81,0.0222
9162,Shoes,45-54,Female,Illinois,Google Ads,7,2539.54,0.0559
9163,Shoes,35-44,Other,Illinois,Facebook,45,2547.91,0.0385
9164,Furniture,18-24,Male,Illinois,Google Ads,60,9517.79,0.0596
9165,Furniture,18-24,Male,New York,Facebook,45,9278.52,0.0402
9166,Books,45-54,Male,California,LinkedIn,7,3355.64,0.0531
9167,Shoes,18-24,Other,California,Instagram,14,526.29,0.0429
9168,Shoes,18-24,Other,Texas,Facebook,30,5411.48,0.0664
9169,Furniture,35-44,Female,California,Instagram,60,8073.78,0.0513
9170,Furniture,35-44,Male,California,Facebook,45,3051.75,0.0465
9171,Furniture,18-24,Male,California,Google Ads,60,4670.92,0.054
9172,Smartphones,35-44,Male,Illinois,Facebook,7,2141.5,0.0489
9173,Laptops,55+,Male,Illinois,Facebook,14,3610.26,0.0511
9174,Laptops,45-54,Other,New York,YouTube,7,7709.1,0.0663
9175,Shoes,55+,Female,Illinois,LinkedIn,45,4568.67,0.0186
9176,Smartphones,55+,Other,Illinois,Google Ads,60,4749.07,0.0415
9177,Furniture,18-24,Female,California,Google Ads,45,8000.74,0.0489
9178,Shoes,18-24,Male,New York,Instagram,7,7748.24,0.0663
9179,Smartphones,55+,Male,New York,Facebook,60,2277.95,0.0258
9180,Books,55+,Male,California,Facebook,45,4445.09,0.0604
9181,Smartphones,25-34,Male,California,Facebook,60,8564.15,0.0592
9182,Shoes,25-34,Male,New York,Google Ads,30,4839.01,0.0808
9183,Laptops,45-54,Other,Florida,YouTube,7,6786.75,0.0647
9184,Furniture,55+,Female,California,Instagram,7,3406.64,0.0463
9185,Books,35-44,Other,California,Facebook,30,1065.81,0.0434
9186,Smartphones,25-34,Male,New York,YouTube,14,2066.54,0.0613
9187,Shoes,18-24,Female,Florida,LinkedIn,45,4316.35,0.0576
9188,Shoes,55+,Female,Florida,Google Ads,14,3857.94,0.062
9189,Furniture,35-44,Male,Texas,LinkedIn,60,9008.59,0.0521
9190,Shoes,35-44,Female,Florida,Google Ads,45,5683.42,0.0671
9191,Shoes,35-44,Other,California,Instagram,45,6457.98,0.0438
9192,Furniture,18-24,Other,Illinois,LinkedIn,45,7042.49,0.0304
9193,Books,25-34,Other,New York,Instagram,30,5550.45,0.0443
9194,Laptops,35-44,Other,California,Instagram,7,7811.63,0.0631
9195,Laptops,25-34,Female,New York,Instagram,30,7939.45,0.0511
9196,Smartphones,45-54,Other,Florida,LinkedIn,30,3838.17,0.0316
9197,Books,18-24,Female,New York,LinkedIn,30,1305.46,0.0187
9198,Smartphones,25-34,Male,California,LinkedIn,14,9870.37,0.0437
9199,Laptops,25-34,Other,Illinois,Facebook,30,6604.9,0.0772
9200,Furniture,35-44,Male,California,Instagram,7,7234.7,0.0622
9201,Shoes,35-44,Other,Texas,Facebook,45,7688.61,0.0464
9202,Laptops,18-24,Male,New York,Google Ads,14,6323.15,0.0882
9203,Books,25-34,Male,California,LinkedIn,30,4973.56,0.0346
9204,Laptops,55+,Male,Florida,YouTube,30,9854.36,0.0522
9205,Books,35-44,Male,Florida,Google Ads,45,7412.75,0.0784
9206,Books,35-44,Male,California,Instagram,45,8535.56,0.0504
9207,Books,45-54,Female,Texas,Instagram,14,4676.92,0.057
9208,Smartphones,18-24,Female,New York,Facebook,7,9095.39,0.0732
9209,Furniture,25-34,Other,Texas,LinkedIn,14,7455.43,0.0523
9210,Laptops,25-34,Female,Illinois,LinkedIn,45,7588.22,0.0617
9211,Furniture,25-34,Male,California,Google Ads,7,1325.85,0.0525
9212,Shoes,35-44,Female,Texas,Google Ads,30,6365.84,0.0786
9213,Laptops,18-24,Female,Illinois,Google Ads,30,3684.56,0.0804
9214,Furniture,25-34,Male,Texas,YouTube,60,6855.52,0.0532
9215,Furniture,55+,Female,Illinois,YouTube,45,5898.03,0.0611
9216,Shoes,45-54,Male,Florida,Instagram,60,1556.3,0.0215
9217,Books,45-54,Female,Florida,Instagram,14,5534.88,0.0525
9218,Laptops,25-34,Male,California,Instagram,14,4786.96,0.0655
9219,Laptops,35-44,Other,Texas,LinkedIn,7,7876.21,0.0621
9220,Shoes,45-54,Female,Florida,Instagram,45,5275.06,0.0354
9221,Books,45-54,Other,New York,Facebook,7,5071.04,0.0524
9222,Laptops,45-54,Male,Florida,Google Ads,7,7335.16,0.0861
9223,Laptops,45-54,Male,Florida,LinkedIn,14,6851.58,0.0513
9224,Laptops,25-34,Other,Texas,YouTube,14,9922.62,0.0847
9225,Books,18-24,Male,Illinois,Google Ads,45,3843.55,0.0672
9226,Shoes,18-24,Male,New York,Instagram,14,7039.39,0.0639
9227,Laptops,35-44,Male,New York,YouTube,45,2088.96,0.0281
9228,Furniture,55+,Male,Illinois,YouTube,60,8143.33,0.0584
9229,Books,18-24,Male,Texas,YouTube,30,7968.48,0.0632
9230,Smartphones,55+,Male,Florida,Google Ads,60,7395.3,0.0588
9231,Shoes,18-24,Male,Illinois,LinkedIn,14,1630.98,0.0582
9232,Furniture,18-24,Male,New York,Google Ads,30,9881.67,0.0637
9233,Laptops,35-44,Other,New York,Facebook,30,9454.8,0.0676
9234,Smartphones,45-54,Female,Florida,Instagram,7,4015.87,0.0492
9235,Shoes,35-44,Male,Florida,LinkedIn,30,5984.5,0.0345
9236,Books,18-24,Other,California,LinkedIn,45,8944.43,0.0332
9237,Smartphones,45-54,Male,Illinois,Instagram,14,5199.12,0.053
9238,Smartphones,45-54,Female,Florida,Facebook,14,6192.05,0.0479
9239,Furniture,45-54,Male,California,YouTube,7,6230.81,0.0742
9240,Shoes,55+,Other,Texas,Instagram,7,6667.92,0.0407
9241,Furniture,18-24,Other,New York,YouTube,14,5967.25,0.0522
9242,Furniture,25-34,Female,Illinois,Instagram,7,4356.47,0.0553
9243,Laptops,35-44,Male,Texas,Google Ads,30,5625.05,0.0803
9244,Books,55+,Other,Illinois,Facebook,30,8778.71,0.0715
9245,Smartphones,35-44,Female,Illinois,Facebook,45,8708.98,0.0572
9246,Shoes,25-34,Female,Florida,Instagram,7,7839.18,0.0645
9247,Books,45-54,Male,California,Facebook,14,4434.02,0.0583
9248,Books,25-34,Other,Illinois,YouTube,60,7966.74,0.0628
9249,Shoes,35-44,Male,Texas,Facebook,14,4184.64,0.0593
9250,Books,25-34,Male,Illinois,Facebook,60,6808.65,0.0501
9251,Laptops,18-24,Male,California,Facebook,60,5890.57,0.0568
9252,Books,25-34,Other,New York,LinkedIn,45,3350.23,0.0289
9253,Laptops,18-24,Female,Illinois,Instagram,60,4802.34,0.0343
9254,Smartphones,25-34,Male,Texas,Google Ads,30,8388.44,0.0825
9255,Smartphones,18-24,Male,New York,Google Ads,30,9171.15,0.093
9256,Furniture,18-24,Other,New York,LinkedIn,45,2450.31,0.0142
9257,Laptops,25-34,Male,Florida,LinkedIn,14,4834.04,0.057
9258,Smartphones,55+,Female,Florida,Google Ads,14,4618.3,0.0597
9259,Books,45-54,Male,Illinois,YouTube,14,5145.65,0.0823
9260,Shoes,45-54,Female,Texas,Google Ads,14,9777.94,0.0859
9261,Shoes,45-54,Male,Florida,Google Ads,30,5428.05,0.0588
9262,Laptops,18-24,Male,California,Instagram,30,8385.73,0.0543
9263,Furniture,45-54,Male,California,Google Ads,45,6807.4,0.0779
9264,Books,18-24,Female,New York,Google Ads,45,1518.31,0.0559
9265,Laptops,55+,Male,New York,Facebook,45,7108.74,0.033
9266,Shoes,25-34,Male,New York,LinkedIn,14,6647.06,0.0428
9267,Laptops,25-34,Male,California,Google Ads,14,7705.45,0.0796
9268,Books,18-24,Female,Florida,Google Ads,30,1207.26,0.0677
9269,Smartphones,18-24,Male,Florida,YouTube,30,2792.42,0.0663
9270,Books,55+,Other,Illinois,Google Ads,7,7808.24,0.0966
9271,Smartphones,45-54,Female,Texas,Instagram,7,4020.85,0.0504
9272,Smartphones,55+,Other,California,YouTube,14,9152.78,0.0519
9273,Smartphones,25-34,Male,New York,Google Ads,30,5417.87,0.0856
9274,Laptops,25-34,Female,Texas,Instagram,14,509.76,0.037
9275,Shoes,45-54,Female,New York,LinkedIn,60,7138.94,0.0236
9276,Laptops,25-34,Male,Texas,Google Ads,7,5377.91,0.076
9277,Shoes,18-24,Other,Texas,LinkedIn,45,3512.4,0.0515
9278,Books,25-34,Female,Florida,Google Ads,14,694.19,0.0582
9279,Furniture,35-44,Female,Illinois,YouTube,60,2388.09,0.0663
9280,Books,45-54,Female,Illinois,YouTube,45,2035.14,0.0517
9281,Laptops,45-54,Female,New York,Instagram,60,6037.11,0.0443
9282,Laptops,45-54,Female,California,Facebook,30,7810.76,0.057
9283,Shoes,35-44,Male,Illinois,Instagram,30,2728.76,0.0385
9284,Laptops,55+,Female,California,Google Ads,30,7128.37,0.0719
9285,Smartphones,18-24,Other,New York,LinkedIn,45,9048.33,0.0593
9286,Laptops,45-54,Female,California,LinkedIn,45,6405.07,0.0397
9287,Shoes,25-34,Male,Texas,Google Ads,30,7868.65,0.1003
9288,Shoes,18-24,Male,Texas,Facebook,45,2440.2,0.0583
9289,Smartphones,25-34,Other,New York,Facebook,30,1211.92,0.0425
9290,Shoes,18-24,Female,California,Facebook,14,3971.18,0.0608
9291,Furniture,18-24,Other,California,Google Ads,30,7235.57,0.0596
9292,Books,25-34,Other,New York,YouTube,7,7017.94,0.0682
9293,Laptops,25-34,Other,Illinois,YouTube,14,9573.25,0.0789
9294,Furniture,18-24,Other,Florida,Google Ads,30,6484.79,0.0543
9295,Laptops,45-54,Female,Illinois,YouTube,7,4407.2,0.0474
9296,Furniture,25-34,Male,Florida,Facebook,30,8072.75,0.0546
9297,Laptops,35-44,Male,California,YouTube,14,1954.15,0.0561
9298,Smartphones,35-44,Female,Florida,Google Ads,30,8223.71,0.0811
9299,Shoes,18-24,Other,Florida,YouTube,45,3976.34,0.071
9300,Shoes,55+,Female,California,YouTube,30,1963.1,0.034
9301,Smartphones,18-24,Other,Texas,YouTube,14,2040.34,0.0681
9302,Furniture,18-24,Other,Florida,YouTube,60,9844.18,0.0413
9303,Books,45-54,Female,New York,Google Ads,30,6420.62,0.0818
9304,Furniture,45-54,Female,Illinois,Instagram,45,2155.51,0.0463
9305,Shoes,55+,Other,California,YouTube,14,3051.34,0.0336
9306,Books,55+,Other,California,Instagram,7,4034.76,0.0617
9307,Laptops,55+,Other,Florida,Google Ads,60,1031.04,0.0497
9308,Books,55+,Other,Texas,LinkedIn,30,1529.95,0.0453
9309,Furniture,55+,Female,Texas,Instagram,14,7736.67,0.0687
9310,Smartphones,18-24,Male,Illinois,Google Ads,45,7975.3,0.086
9311,Laptops,18-24,Male,Illinois,LinkedIn,45,9888.23,0.0544
9312,Furniture,35-44,Other,Texas,YouTube,14,1142.17,0.0593
9313,Laptops,35-44,Male,Texas,Google Ads,45,8947.25,0.0963
9314,Books,25-34,Male,Texas,Facebook,60,3513.55,0.0505
9315,Shoes,18-24,Male,Florida,LinkedIn,7,3614.58,0.0633
9316,Furniture,55+,Male,New York,Facebook,45,1709.18,0.0471
9317,Smartphones,25-34,Male,Illinois,YouTube,45,9869.85,0.0702
9318,Books,45-54,Male,California,YouTube,7,9819.4,0.079
9319,Furniture,18-24,Other,Texas,Instagram,60,8715.88,0.0503
9320,Smartphones,35-44,Other,Texas,YouTube,60,1362.41,0.045
9321,Furniture,18-24,Other,New York,Instagram,60,8495.67,0.0325
9322,Books,18-24,Female,Texas,LinkedIn,45,6528.83,0.0405
9323,Furniture,18-24,Male,Illinois,Facebook,45,1723.37,0.018
9324,Laptops,18-24,Male,Texas,LinkedIn,60,2986.7,0.0317
9325,Books,45-54,Female,New York,Facebook,45,7047.63,0.0511
9326,Furniture,35-44,Male,Florida,Google Ads,30,8132.69,0.0892
9327,Shoes,18-24,Other,Illinois,LinkedIn,45,8556.83,0.0588
9328,Furniture,45-54,Other,Florida,Google Ads,60,5666.39,0.0826
9329,Laptops,25-34,Female,California,Facebook,14,5578.89,0.0605
9330,Smartphones,18-24,Other,New York,Instagram,60,6999.99,0.0556
9331,Smartphones,45-54,Female,California,LinkedIn,14,7888.36,0.0465
9332,Smartphones,55+,Other,California,LinkedIn,45,2120.56,0.0169
9333,Shoes,25-34,Male,California,Instagram,45,7528.46,0.0524
9334,Laptops,35-44,Other,California,Instagram,14,3746.02,0.057
9335,Books,18-24,Female,New York,YouTube,60,4145.71,0.0424
9336,Smartphones,18-24,Male,Florida,YouTube,7,1238.27,0.0673
9337,Laptops,45-54,Female,Texas,Facebook,7,6090.0,0.0701
9338,Furniture,35-44,Male,California,LinkedIn,60,1387.49,0.0284
9339,Shoes,55+,Male,Texas,Instagram,45,9174.79,0.0389
9340,Laptops,25-34,Other,Texas,Instagram,14,6399.22,0.0667
9341,Laptops,35-44,Other,California,Google Ads,14,9907.68,0.0762
9342,Books,18-24,Male,Illinois,YouTube,60,2833.7,0.0419
9343,Laptops,45-54,Other,Texas,Google Ads,60,6956.21,0.0706
9344,Books,55+,Other,Illinois,Instagram,30,9662.08,0.0776
9345,Shoes,45-54,Female,Florida,LinkedIn,14,3336.49,0.0347
9346,Shoes,25-34,Other,Texas,LinkedIn,30,1415.07,0.0405
9347,Furniture,35-44,Male,New York,Google Ads,45,6522.78,0.0812
9348,Books,45-54,Other,Florida,YouTube,14,3977.94,0.0817
9349,Books,45-54,Male,Florida,Facebook,60,3094.05,0.0538
9350,Smartphones,18-24,Male,Illinois,LinkedIn,60,9939.08,0.0509
9351,Smartphones,45-54,Female,California,Facebook,45,7664.04,0.0504
9352,Furniture,55+,Male,New York,YouTube,7,5111.25,0.058
9353,Shoes,35-44,Male,New York,Google Ads,30,975.03,0.0462
9354,Smartphones,25-34,Female,Illinois,YouTube,60,2320.35,0.0451
9355,Laptops,45-54,Male,Illinois,Instagram,14,3338.4,0.0581
9356,Shoes,55+,Female,Florida,YouTube,14,5128.37,0.0581
9357,Laptops,25-34,Male,Illinois,Google Ads,14,5223.87,0.0926
9358,Books,55+,Other,California,Google Ads,45,734.97,0.0628
9359,Shoes,45-54,Female,Florida,YouTube,7,9461.88,0.0683
9360,Furniture,45-54,Female,Florida,Google Ads,30,5656.67,0.0822
9361,Books,35-44,Male,Florida,Instagram,14,687.41,0.0431
9362,Books,18-24,Female,New York,Facebook,14,7162.68,0.0529
9363,Laptops,55+,Male,New York,YouTube,60,1177.84,0.0209
9364,Books,18-24,Female,Florida,Google Ads,7,7351.12,0.0792
9365,Smartphones,18-24,Female,California,Facebook,60,7164.18,0.0766
9366,Shoes,25-34,Other,Texas,Instagram,45,9856.77,0.0599
9367,Smartphones,25-34,Male,Florida,YouTube,45,3749.36,0.0696
9368,Laptops,55+,Other,Illinois,Google Ads,30,1871.11,0.0668
9369,Laptops,18-24,Female,Texas,Facebook,45,1372.76,0.0446
9370,Shoes,35-44,Male,New York,Instagram,30,1181.4,0.0238
9371,Books,18-24,Other,New York,LinkedIn,60,8198.17,0.0317
9372,Furniture,25-34,Female,Texas,Google Ads,14,7326.21,0.084
9373,Laptops,18-24,Other,Illinois,Instagram,14,9771.19,0.0774
9374,Shoes,45-54,Female,New York,Facebook,7,3437.27,0.0497
9375,Furniture,45-54,Female,New York,YouTube,45,8129.47,0.069
9376,Books,35-44,Male,Florida,Facebook,7,1383.63,0.0503
9377,Laptops,55+,Male,California,YouTube,7,9086.86,0.063
9378,Shoes,18-24,Male,Illinois,Instagram,14,992.39,0.0534
9379,Shoes,45-54,Female,Florida,Instagram,45,7984.89,0.0447
9380,Shoes,55+,Other,California,Facebook,14,3419.88,0.0301
9381,Laptops,45-54,Male,New York,Facebook,7,2221.33,0.0393
9382,Furniture,55+,Male,California,YouTube,45,7192.89,0.0602
9383,Shoes,55+,Male,New York,Google Ads,14,9010.84,0.0599
9384,Books,45-54,Male,Florida,Facebook,30,7759.2,0.0622
9385,Shoes,25-34,Female,New York,Google Ads,30,3474.45,0.0717
9386,Furniture,55+,Other,California,Google Ads,60,3858.92,0.0632
9387,Laptops,18-24,Female,Florida,Google Ads,60,2298.39,0.0675
9388,Shoes,45-54,Female,California,Instagram,45,8328.59,0.0316
9389,Shoes,25-34,Female,California,Instagram,60,1517.39,0.0255
9390,Books,45-54,Male,Texas,Google Ads,45,9080.53,0.092
9391,Books,35-44,Other,New York,Google Ads,7,6210.78,0.092
9392,Shoes,18-24,Female,New York,Instagram,30,6094.12,0.0567
9393,Shoes,35-44,Female,California,YouTube,45,8459.3,0.0492
9394,Books,55+,Female,New York,LinkedIn,7,6841.57,0.0604
9395,Furniture,55+,Male,Illinois,Facebook,30,3390.27,0.0506
9396,Smartphones,35-44,Male,New York,Google Ads,14,3820.39,0.0709
9397,Smartphones,35-44,Female,Florida,Instagram,7,2144.01,0.0437
9398,Shoes,55+,Male,New York,Google Ads,14,4908.6,0.0638
9399,Books,25-34,Other,Illinois,Google Ads,60,1546.47,0.0537
9400,Laptops,18-24,Male,California,Google Ads,45,6703.85,0.0698
9401,Laptops,45-54,Female,New York,Google Ads,30,2107.67,0.0517
9402,Smartphones,35-44,Other,Florida,YouTube,60,8707.35,0.0646
9403,Furniture,18-24,Male,Illinois,Facebook,7,7154.39,0.0465
9404,Smartphones,45-54,Female,Texas,Facebook,60,8969.36,0.046
9405,Shoes,45-54,Other,California,Instagram,14,1326.79,0.0345
9406,Furniture,35-44,Other,California,YouTube,14,8085.84,0.0692
9407,Laptops,25-34,Other,California,YouTube,45,8867.64,0.0664
9408,Books,25-34,Male,Illinois,Facebook,60,923.41,0.0219
9409,Books,18-24,Other,New York,Instagram,30,9991.22,0.05
9410,Shoes,18-24,Male,New York,YouTube,14,3356.12,0.0769
9411,Smartphones,55+,Female,New York,Instagram,7,2511.35,0.0217
9412,Shoes,25-34,Male,New York,Facebook,60,4441.6,0.0482
9413,Books,18-24,Male,California,Google Ads,30,582.04,0.0586
9414,Laptops,55+,Female,Texas,YouTube,30,8916.11,0.063
9415,Books,45-54,Male,California,Instagram,30,3050.66,0.0437
9416,Furniture,18-24,Male,Texas,Google Ads,30,5455.12,0.055
9417,Books,55+,Female,Texas,Facebook,14,6423.82,0.0581
9418,Books,25-34,Other,New York,LinkedIn,45,8015.37,0.053
9419,Furniture,45-54,Female,Florida,YouTube,60,2876.96,0.0525
9420,Smartphones,18-24,Other,Illinois,YouTube,14,7312.89,0.0724
9421,Books,25-34,Male,Florida,Instagram,45,1617.78,0.0322
9422,Shoes,45-54,Female,Texas,Facebook,30,7190.23,0.0425
9423,Books,35-44,Other,Florida,Facebook,7,9233.31,0.0689
9424,Shoes,25-34,Male,Texas,YouTube,30,1307.75,0.0676
9425,Furniture,35-44,Male,California,YouTube,45,1608.68,0.0558
9426,Books,18-24,Male,California,Instagram,45,5793.66,0.0456
9427,Furniture,55+,Other,New York,Instagram,7,940.8,0.0458
9428,Furniture,18-24,Other,Illinois,LinkedIn,14,2280.21,0.0352
9429,Smartphones,25-34,Other,California,Google Ads,7,2306.83,0.0802
9430,Books,35-44,Male,Illinois,Instagram,30,5071.85,0.0625
9431,Shoes,35-44,Other,New York,Google Ads,60,2860.63,0.0481
9432,Shoes,45-54,Female,Illinois,YouTube,14,5017.47,0.0475
9433,Books,18-24,Other,California,LinkedIn,60,5451.17,0.025
9434,Smartphones,18-24,Other,California,LinkedIn,60,7441.12,0.0547
9435,Smartphones,25-34,Male,Florida,LinkedIn,14,9486.93,0.0507
9436,Smartphones,35-44,Female,Florida,Facebook,30,5285.6,0.0633
9437,Shoes,25-34,Female,Florida,YouTube,45,3872.55,0.057
9438,Furniture,25-34,Female,Illinois,Facebook,30,2957.68,0.0518
9439,Smartphones,35-44,Other,California,Facebook,45,6529.24,0.0407
9440,Shoes,25-34,Male,New York,LinkedIn,45,9457.71,0.0564
9441,Shoes,35-44,Other,Texas,Facebook,14,7764.22,0.0683
9442,Furniture,25-34,Male,California,YouTube,14,2457.98,0.0526
9443,Books,55+,Female,Florida,YouTube,7,8986.39,0.0847
9444,Books,25-34,Other,Florida,Facebook,60,7487.38,0.0479
9445,Smartphones,25-34,Male,Illinois,YouTube,60,1715.48,0.0503
9446,Smartphones,55+,Other,Florida,Google Ads,60,7271.62,0.0635
9447,Furniture,18-24,Male,Illinois,Facebook,60,3248.88,0.0245
9448,Smartphones,35-44,Female,New York,LinkedIn,7,5168.27,0.055
9449,Furniture,45-54,Other,Florida,LinkedIn,45,3352.2,0.0337
9450,Shoes,55+,Female,Illinois,YouTube,7,1298.56,0.035
9451,Smartphones,18-24,Other,Florida,YouTube,14,7801.54,0.0745
9452,Shoes,25-34,Other,Illinois,LinkedIn,30,8372.5,0.0568
9453,Laptops,18-24,Male,California,Google Ads,45,2703.8,0.0599
9454,Furniture,55+,Male,Illinois,LinkedIn,45,2776.56,0.0334
9455,Laptops,25-34,Male,Texas,Facebook,7,4584.6,0.0718
9456,Smartphones,18-24,Female,New York,LinkedIn,14,8208.96,0.064
9457,Shoes,45-54,Female,California,Instagram,14,1234.05,0.0437
9458,Smartphones,35-44,Other,New York,Google Ads,45,8182.76,0.0767
9459,Laptops,35-44,Male,California,Google Ads,7,9265.87,0.0891
9460,Smartphones,55+,Female,Florida,LinkedIn,60,5834.29,0.0209
9461,Books,25-34,Other,Illinois,Instagram,45,1073.72,0.0276
9462,Laptops,25-34,Female,Florida,Facebook,60,3060.75,0.0523
9463,Smartphones,35-44,Other,New York,LinkedIn,30,1558.17,0.0246
9464,Shoes,18-24,Male,New York,Facebook,14,2963.19,0.0678
9465,Smartphones,25-34,Other,California,Instagram,45,8211.93,0.0584
9466,Shoes,45-54,Other,New York,LinkedIn,30,1028.84,0.014
9467,Books,45-54,Male,Illinois,LinkedIn,60,3196.32,0.0368
9468,Smartphones,25-34,Male,New York,Facebook,45,5411.03,0.0559
9469,Books,25-34,Other,Florida,LinkedIn,30,8803.39,0.0552
9470,Laptops,35-44,Female,Illinois,Instagram,45,2874.83,0.0582
9471,Shoes,55+,Male,New York,LinkedIn,30,7894.11,0.0344
9472,Laptops,35-44,Other,Texas,YouTube,30,6043.91,0.0714
9473,Shoes,55+,Male,Texas,Instagram,60,6925.51,0.0388
9474,Books,45-54,Male,Florida,Google Ads,14,8686.8,0.0907
9475,Furniture,55+,Female,California,Facebook,7,750.95,0.0344
9476,Smartphones,35-44,Male,California,Instagram,30,5532.47,0.0297
9477,Books,25-34,Other,New York,Google Ads,14,7598.53,0.0684
9478,Shoes,55+,Other,Illinois,Google Ads,7,8903.73,0.0759
9479,Shoes,35-44,Male,California,Instagram,60,1760.59,0.0265
9480,Shoes,45-54,Male,Texas,Google Ads,45,3743.79,0.0567
9481,Shoes,55+,Female,California,Google Ads,14,1246.28,0.0601
9482,Smartphones,45-54,Female,Texas,YouTube,45,8431.87,0.055
9483,Laptops,45-54,Female,California,LinkedIn,45,8644.98,0.0264
9484,Furniture,18-24,Other,Florida,YouTube,7,5094.06,0.0571
9485,Smartphones,55+,Female,Illinois,LinkedIn,14,697.56,0.0219
9486,Shoes,35-44,Other,New York,Google Ads,30,1470.88,0.0576
9487,Smartphones,55+,Female,Texas,LinkedIn,7,6431.4,0.0465
9488,Books,55+,Other,California,YouTube,14,9834.88,0.0654
9489,Shoes,45-54,Male,New York,Facebook,30,8469.21,0.0466
9490,Furniture,45-54,Other,Texas,Facebook,45,8080.26,0.0597
9491,Shoes,45-54,Male,Texas,LinkedIn,60,4470.71,0.029
9492,Furniture,45-54,Other,Florida,Facebook,60,9859.52,0.0726
9493,Furniture,35-44,Other,California,Instagram,7,8337.24,0.0664
9494,Laptops,25-34,Male,New York,Facebook,30,3688.7,0.0581
9495,Laptops,18-24,Other,California,LinkedIn,30,7610.66,0.0415
9496,Smartphones,45-54,Other,California,Google Ads,60,4608.97,0.0531
9497,Smartphones,45-54,Female,Illinois,YouTube,30,6774.33,0.0512
9498,Furniture,18-24,Male,Texas,Facebook,14,9715.51,0.0636
9499,Shoes,45-54,Male,Texas,LinkedIn,14,2841.29,0.0259
9500,Books,25-34,Female,Illinois,YouTube,60,8052.52,0.0594
9501,Books,55+,Female,Illinois,Instagram,45,6108.56,0.0645
9502,Shoes,18-24,Male,California,Google Ads,45,9524.72,0.0761
9503,Shoes,35-44,Male,Texas,YouTube,45,1777.4,0.0447
9504,Laptops,18-24,Male,New York,YouTube,60,7337.24,0.0554
9505,Books,25-34,Female,Florida,LinkedIn,7,852.95,0.0319
9506,Furniture,35-44,Female,Illinois,Instagram,30,2842.26,0.0607
9507,Smartphones,55+,Other,New York,Facebook,14,3548.12,0.0461
9508,Laptops,45-54,Female,New York,Instagram,14,4606.43,0.0517
9509,Books,18-24,Other,California,Google Ads,7,9670.35,0.0797
9510,Shoes,35-44,Other,Illinois,Facebook,30,1142.21,0.0256
9511,Books,18-24,Female,New York,Instagram,45,2105.34,0.0328
9512,Furniture,55+,Female,Florida,Google Ads,14,2428.95,0.0719
9513,Laptops,18-24,Female,New York,YouTube,45,4527.97,0.0522
9514,Shoes,35-44,Female,Florida,YouTube,45,1076.65,0.0351
9515,Furniture,25-34,Male,Florida,YouTube,60,9671.49,0.0577
9516,Smartphones,35-44,Female,Florida,YouTube,60,5818.59,0.0551
9517,Laptops,18-24,Other,Illinois,Facebook,30,8226.23,0.0533
9518,Furniture,55+,Other,Florida,YouTube,14,7838.74,0.0783
9519,Furniture,45-54,Male,Illinois,Facebook,60,6777.84,0.0522
9520,Shoes,45-54,Male,New York,Facebook,30,9091.89,0.0476
9521,Smartphones,55+,Female,Florida,Instagram,7,9072.65,0.0487
9522,Furniture,18-24,Male,Texas,YouTube,45,1713.83,0.0357
9523,Laptops,55+,Female,New York,LinkedIn,14,9068.32,0.0465
9524,Furniture,18-24,Female,Texas,YouTube,14,5476.96,0.0548
9525,Books,35-44,Male,Texas,LinkedIn,30,3046.66,0.0361
9526,Laptops,25-34,Male,California,YouTube,60,6280.75,0.0577
9527,Laptops,18-24,Other,Illinois,Facebook,45,3168.58,0.0554
9528,Furniture,45-54,Male,California,YouTube,45,5050.57,0.058
9529,Shoes,45-54,Male,Illinois,YouTube,14,8256.16,0.065
9530,Laptops,25-34,Male,California,YouTube,14,805.88,0.0508
9531,Books,18-24,Other,New York,YouTube,45,2239.35,0.0394
9532,Shoes,25-34,Female,Texas,Instagram,7,9587.54,0.0725
9533,Shoes,35-44,Other,New York,Instagram,30,4728.43,0.037
9534,Shoes,25-34,Male,Illinois,Facebook,7,3381.58,0.0654
9535,Laptops,35-44,Male,Texas,Facebook,60,9271.16,0.0556
9536,Shoes,45-54,Male,Texas,LinkedIn,7,9156.53,0.0511
9537,Furniture,35-44,Female,Illinois,Facebook,7,920.3,0.0589
9538,Shoes,18-24,Other,New York,Instagram,60,3943.54,0.053
9539,Books,18-24,Other,Texas,Facebook,30,9171.81,0.0566
9540,Smartphones,18-24,Female,New York,LinkedIn,45,2207.83,0.0443
9541,Books,18-24,Other,New York,LinkedIn,7,5993.03,0.0411
9542,Laptops,55+,Female,New York,Instagram,30,3547.39,0.0335
9543,Shoes,35-44,Female,Texas,Facebook,60,7497.37,0.0449
9544,Shoes,18-24,Other,Florida,LinkedIn,30,2003.49,0.0444
9545,Furniture,25-34,Other,California,Facebook,7,6162.51,0.0617
9546,Shoes,25-34,Female,Illinois,Facebook,45,500.08,0.0414
9547,Books,55+,Other,New York,Instagram,60,2899.36,0.0474
9548,Laptops,35-44,Female,Texas,Instagram,60,2040.57,0.0421
9549,Smartphones,35-44,Other,Illinois,Facebook,7,2493.39,0.0597
9550,Shoes,35-44,Other,Florida,YouTube,30,8674.05,0.0593
9551,Smartphones,55+,Other,Florida,YouTube,45,9190.57,0.058
9552,Shoes,35-44,Other,Texas,Google Ads,60,7672.8,0.0738
9553,Laptops,35-44,Other,New York,Google Ads,7,6106.01,0.084
9554,Books,18-24,Male,Florida,Google Ads,7,2693.14,0.073
9555,Laptops,35-44,Male,Florida,Instagram,14,3109.85,0.0626
9556,Smartphones,18-24,Other,Florida,Facebook,14,3443.95,0.0744
9557,Shoes,18-24,Other,Texas,LinkedIn,30,7881.55,0.0657
9558,Smartphones,35-44,Other,Illinois,Facebook,7,2902.4,0.0497
9559,Books,25-34,Female,California,Facebook,30,9747.2,0.0543
9560,Laptops,45-54,Male,Texas,Google Ads,30,8066.4,0.0791
9561,Smartphones,25-34,Female,New York,Facebook,45,9997.32,0.0575
9562,Smartphones,35-44,Male,Texas,Google Ads,14,4862.2,0.0827
9563,Books,35-44,Male,Texas,Facebook,30,6098.62,0.0504
9564,Shoes,25-34,Other,California,LinkedIn,45,3163.81,0.0386
9565,Smartphones,35-44,Other,California,YouTube,45,6235.57,0.0529
9566,Books,18-24,Female,California,YouTube,14,9752.05,0.0632
9567,Shoes,55+,Female,Illinois,Instagram,14,788.61,0.0211
9568,Shoes,35-44,Other,Texas,LinkedIn,7,3248.24,0.0243
9569,Laptops,35-44,Other,New York,Facebook,30,3172.29,0.0479
9570,Books,25-34,Male,California,LinkedIn,45,9832.51,0.041
9571,Shoes,18-24,Male,California,Facebook,7,1760.17,0.0534
9572,Laptops,25-34,Other,Texas,LinkedIn,30,8217.42,0.0774
9573,Furniture,25-34,Male,New York,LinkedIn,30,3108.26,0.026
9574,Books,35-44,Female,California,YouTube,7,8675.73,0.0745
9575,Furniture,18-24,Male,Texas,LinkedIn,45,5133.63,0.0224
9576,Shoes,35-44,Other,Florida,Instagram,7,2801.48,0.0415
9577,Books,35-44,Male,Illinois,Facebook,30,7242.46,0.053
9578,Laptops,35-44,Other,Texas,Google Ads,7,8495.02,0.0996
9579,Shoes,35-44,Male,California,LinkedIn,7,4966.32,0.0486
9580,Books,55+,Female,New York,Google Ads,30,7282.9,0.0785
9581,Books,45-54,Female,Florida,YouTube,14,2225.03,0.0674
9582,Furniture,18-24,Other,New York,Google Ads,45,9407.32,0.0534
9583,Shoes,55+,Other,New York,Instagram,30,1416.27,0.0175
9584,Laptops,45-54,Other,New York,Instagram,14,2608.53,0.0456
9585,Laptops,45-54,Male,Texas,YouTube,7,3239.42,0.0535
9586,Shoes,45-54,Male,Texas,Instagram,14,1951.15,0.0313
9587,Shoes,55+,Male,Illinois,Facebook,30,4363.46,0.0372
9588,Smartphones,18-24,Female,Florida,Instagram,30,4848.49,0.0675
9589,Furniture,25-34,Other,New York,LinkedIn,7,5426.6,0.0399
9590,Shoes,45-54,Male,California,Instagram,30,887.6,0.0339
9591,Shoes,25-34,Female,New York,Facebook,60,2581.51,0.0359
9592,Smartphones,25-34,Other,Florida,YouTube,14,8173.75,0.0863
9593,Smartphones,35-44,Female,New York,Instagram,60,8200.74,0.0487
9594,Books,25-34,Other,Texas,Facebook,60,3635.06,0.0407
9595,Laptops,35-44,Male,Texas,LinkedIn,14,4881.16,0.0572
9596,Furniture,18-24,Female,Florida,Google Ads,30,2242.8,0.047
9597,Books,18-24,Female,Illinois,Google Ads,14,8310.33,0.0812
9598,Shoes,35-44,Female,New York,YouTube,7,9588.5,0.0703
9599,Smartphones,18-24,Other,Florida,YouTube,60,3267.85,0.061
9600,Laptops,45-54,Other,California,Google Ads,60,7928.41,0.0682
9601,Books,18-24,Female,California,Google Ads,30,3847.7,0.0612
9602,Laptops,35-44,Other,Illinois,YouTube,14,525.02,0.0505
9603,Smartphones,45-54,Female,Texas,Google Ads,45,6197.41,0.0661
9604,Books,25-34,Male,Florida,Instagram,30,4398.79,0.05
9605,Books,25-34,Female,New York,Facebook,30,7705.13,0.0459
9606,Laptops,25-34,Female,Florida,YouTube,30,7613.26,0.0784
9607,Smartphones,35-44,Other,Illinois,Facebook,14,9487.3,0.0764
9608,Shoes,25-34,Other,Florida,LinkedIn,30,4659.28,0.0507
9609,Books,18-24,Other,Illinois,LinkedIn,7,5083.86,0.0429
9610,Shoes,25-34,Male,Illinois,Instagram,7,4303.85,0.0609
9611,Smartphones,55+,Male,Illinois,LinkedIn,60,3320.92,0.0234
9612,Books,55+,Male,Florida,YouTube,60,6559.5,0.0721
9613,Books,25-34,Other,California,Instagram,14,8366.35,0.0644
9614,Shoes,25-34,Female,New York,Instagram,45,1999.2,0.0419
9615,Furniture,55+,Female,Illinois,YouTube,60,9827.47,0.0655
9616,Shoes,25-34,Female,Texas,Google Ads,60,6996.17,0.0779
9617,Shoes,45-54,Other,Illinois,Facebook,60,7911.05,0.035
9618,Furniture,55+,Other,Florida,YouTube,60,9989.12,0.0614
9619,Smartphones,35-44,Male,Illinois,Google Ads,30,5288.3,0.0714
9620,Smartphones,55+,Other,Texas,Google Ads,60,1177.27,0.0407
9621,Books,18-24,Female,California,LinkedIn,14,8007.77,0.0368
9622,Laptops,45-54,Male,Florida,Instagram,30,8772.28,0.0596
9623,Laptops,35-44,Male,Florida,Instagram,30,2042.77,0.0361
9624,Books,25-34,Other,Florida,LinkedIn,14,729.31,0.0357
9625,Laptops,18-24,Male,Texas,LinkedIn,45,1790.32,0.0392
9626,Shoes,18-24,Male,Florida,Instagram,60,3577.68,0.0597
9627,Shoes,45-54,Other,California,YouTube,7,9280.67,0.0536
9628,Furniture,35-44,Male,New York,YouTube,45,523.44,0.0465
9629,Furniture,18-24,Female,New York,YouTube,60,8136.08,0.0443
9630,Books,35-44,Other,Illinois,YouTube,7,8621.12,0.0853
9631,Books,35-44,Female,New York,LinkedIn,30,8205.0,0.0518
9632,Books,18-24,Female,Texas,Facebook,30,1281.04,0.0453
9633,Shoes,35-44,Female,New York,Facebook,30,6952.3,0.047
9634,Laptops,45-54,Female,Texas,Instagram,60,9562.08,0.045
9635,Books,18-24,Male,Texas,Facebook,14,1643.45,0.0504
9636,Books,45-54,Male,Illinois,YouTube,30,800.98,0.0531
9637,Shoes,45-54,Other,New York,LinkedIn,30,8799.76,0.0327
9638,Shoes,35-44,Other,Illinois,YouTube,30,6626.83,0.0507
9639,Shoes,35-44,Female,Florida,Google Ads,60,6641.14,0.0673
9640,Laptops,18-24,Female,California,LinkedIn,7,9662.1,0.0557
9641,Books,25-34,Other,New York,Google Ads,45,7812.77,0.0747
9642,Smartphones,18-24,Other,Florida,Google Ads,30,4275.73,0.0942
9643,Smartphones,45-54,Other,Florida,Instagram,45,4640.49,0.0452
9644,Books,35-44,Other,Illinois,Google Ads,14,1874.58,0.0704
9645,Books,45-54,Female,Illinois,Facebook,14,3388.47,0.0523
9646,Books,55+,Other,California,Facebook,14,4731.34,0.0567
9647,Books,55+,Male,California,Google Ads,30,2980.31,0.0683
9648,Laptops,45-54,Female,California,Instagram,45,9200.79,0.0476
9649,Smartphones,25-34,Male,California,Google Ads,7,612.13,0.0639
9650,Furniture,25-34,Other,Illinois,LinkedIn,60,6076.71,0.036
9651,Smartphones,18-24,Male,Texas,LinkedIn,45,7830.28,0.0628
9652,Smartphones,18-24,Other,Illinois,LinkedIn,60,7455.04,0.0521
9653,Shoes,18-24,Male,Texas,LinkedIn,45,6615.46,0.0602
9654,Books,35-44,Female,Illinois,Google Ads,30,4398.19,0.0861
9655,Books,25-34,Male,Illinois,YouTube,7,9225.53,0.0729
9656,Books,45-54,Female,California,YouTube,30,3624.99,0.0539
9657,Shoes,55+,Male,Texas,LinkedIn,14,7626.27,0.0416
9658,Laptops,25-34,Male,Florida,Instagram,7,9303.18,0.0682
9659,Laptops,25-34,Female,Florida,Instagram,45,1719.64,0.0439
9660,Furniture,25-34,Female,Florida,Google Ads,30,9497.27,0.0784
9661,Laptops,18-24,Other,California,YouTube,60,7872.31,0.0492
9662,Laptops,35-44,Female,Florida,Google Ads,30,6357.62,0.0782
9663,Books,45-54,Female,Illinois,Facebook,30,4047.29,0.0523
9664,Smartphones,18-24,Other,California,LinkedIn,45,9090.52,0.0529
9665,Laptops,35-44,Female,Florida,Facebook,45,918.41,0.0486
9666,Laptops,25-34,Female,California,Facebook,14,4602.38,0.0633
9667,Shoes,35-44,Male,Illinois,Instagram,7,7688.02,0.0622
9668,Furniture,18-24,Other,California,YouTube,30,8205.83,0.0395
9669,Shoes,25-34,Other,Florida,LinkedIn,60,2421.65,0.0335
9670,Books,18-24,Male,California,Google Ads,45,952.24,0.0507
9671,Smartphones,45-54,Other,New York,LinkedIn,45,8127.09,0.0437
9672,Furniture,25-34,Male,Florida,Google Ads,14,4507.98,0.0729
9673,Shoes,35-44,Female,Illinois,Google Ads,7,1863.48,0.0563
9674,Laptops,18-24,Other,Texas,YouTube,14,1312.9,0.0545
9675,Laptops,55+,Female,California,Facebook,45,6586.08,0.0371
9676,Furniture,35-44,Other,California,Google Ads,60,6036.77,0.0846
9677,Laptops,35-44,Female,Florida,YouTube,14,8612.91,0.0805
9678,Shoes,25-34,Other,Florida,Facebook,30,799.89,0.0421
9679,Shoes,35-44,Other,New York,Facebook,45,8750.06,0.047
9680,Laptops,18-24,Female,Illinois,LinkedIn,45,8928.81,0.0472
9681,Laptops,55+,Male,California,LinkedIn,14,4739.85,0.0241
9682,Books,45-54,Other,California,LinkedIn,60,1228.33,0.0245
9683,Smartphones,55+,Male,Texas,Instagram,14,9494.06,0.0466
9684,Furniture,18-24,Male,California,Facebook,60,1184.28,0.0178
9685,Shoes,25-34,Male,California,Instagram,45,6111.42,0.0459
9686,Furniture,18-24,Male,New York,LinkedIn,14,5184.99,0.0342
9687,Books,35-44,Male,Texas,YouTube,7,8433.32,0.08
9688,Shoes,25-34,Male,California,LinkedIn,14,5274.77,0.0512
9689,Books,45-54,Other,California,Google Ads,14,4956.64,0.0871
9690,Books,45-54,Male,Illinois,YouTube,7,8866.18,0.0661
9691,Laptops,18-24,Other,California,YouTube,7,9658.1,0.0741
9692,Furniture,35-44,Other,New York,Facebook,30,5718.07,0.061
9693,Furniture,45-54,Other,California,Instagram,7,4819.88,0.0595
9694,Laptops,55+,Female,California,Google Ads,60,8395.4,0.0545
9695,Furniture,25-34,Male,Florida,YouTube,30,8395.39,0.0584
9696,Laptops,55+,Female,California,Instagram,60,3534.13,0.0326
9697,Shoes,45-54,Male,Texas,Instagram,30,5974.12,0.0485
9698,Books,45-54,Female,Florida,Google Ads,30,1964.11,0.0816
9699,Books,18-24,Other,Texas,Google Ads,60,6537.65,0.0801
9700,Furniture,18-24,Female,Texas,LinkedIn,45,8422.9,0.0239
9701,Smartphones,25-34,Other,New York,LinkedIn,45,2281.39,0.0365
9702,Books,18-24,Female,California,YouTube,14,3568.95,0.0553
9703,Laptops,35-44,Male,Texas,YouTube,45,4764.88,0.0681
9704,Smartphones,25-34,Male,California,YouTube,14,8528.26,0.0847
9705,Smartphones,35-44,Female,California,LinkedIn,45,7448.02,0.0345
9706,Books,18-24,Female,New York,YouTube,14,3510.27,0.0504
9707,Books,25-34,Male,New York,YouTube,14,2808.82,0.0635
9708,Books,45-54,Female,Texas,LinkedIn,7,7109.19,0.0506
9709,Laptops,55+,Female,Texas,LinkedIn,14,5058.93,0.0343
9710,Smartphones,45-54,Male,Florida,YouTube,60,6138.77,0.0502
9711,Furniture,35-44,Other,California,YouTube,60,6662.63,0.0739
9712,Laptops,45-54,Male,California,Instagram,14,5807.52,0.0404
9713,Shoes,45-54,Male,New York,Facebook,60,6324.18,0.0353
9714,Books,55+,Female,New York,LinkedIn,45,8931.28,0.0543
9715,Smartphones,55+,Male,Texas,Facebook,60,8747.89,0.0488
9716,Laptops,45-54,Male,Florida,LinkedIn,7,1915.83,0.041
9717,Shoes,55+,Female,Florida,Instagram,60,6071.72,0.0214
9718,Laptops,45-54,Female,New York,Facebook,45,4673.37,0.0354
9719,Laptops,25-34,Other,New York,Instagram,45,3212.44,0.0542
9720,Furniture,45-54,Male,Florida,Google Ads,14,6495.9,0.0924
9721,Furniture,18-24,Other,Florida,Facebook,30,5353.39,0.0347
9722,Laptops,55+,Other,Texas,Facebook,45,7861.59,0.0513
9723,Shoes,55+,Other,Florida,Facebook,14,1387.59,0.0336
9724,Smartphones,35-44,Other,California,Google Ads,14,3375.47,0.0543
9725,Smartphones,35-44,Male,Florida,Google Ads,60,744.93,0.0373
9726,Books,18-24,Male,Illinois,Instagram,60,7586.62,0.047
9727,Books,55+,Male,Florida,Google Ads,14,9168.34,0.1063
9728,Smartphones,55+,Other,New York,LinkedIn,7,6080.08,0.0353
9729,Laptops,35-44,Female,New York,YouTube,14,6361.3,0.0538
9730,Laptops,35-44,Male,Illinois,Facebook,60,941.04,0.0257
9731,Furniture,45-54,Other,California,Instagram,45,5285.92,0.0553
9732,Furniture,55+,Other,Florida,Instagram,7,5505.29,0.0649
9733,Books,55+,Other,Florida,Instagram,30,870.26,0.0422
9734,Smartphones,45-54,Other,Illinois,Instagram,45,7932.68,0.0406
9735,Laptops,55+,Other,Texas,Facebook,60,3144.04,0.0387
9736,Smartphones,18-24,Other,Texas,Instagram,45,7372.75,0.0752
9737,Shoes,35-44,Male,California,Facebook,45,4327.79,0.0444
9738,Smartphones,35-44,Female,Florida,Instagram,60,9958.64,0.0469
9739,Shoes,35-44,Male,Florida,Instagram,45,2515.95,0.0418
9740,Furniture,25-34,Male,Florida,YouTube,14,1053.24,0.0475
9741,Furniture,18-24,Other,New York,LinkedIn,7,9809.1,0.036
9742,Books,18-24,Male,Texas,Google Ads,60,2816.5,0.055
9743,Smartphones,45-54,Female,Illinois,Google Ads,7,6535.65,0.0737
9744,Smartphones,25-34,Female,New York,Google Ads,14,4058.4,0.0847
9745,Shoes,55+,Other,New York,LinkedIn,60,6576.46,0.0093
9746,Furniture,18-24,Female,Texas,Facebook,14,6162.56,0.0428
9747,Shoes,25-34,Other,Florida,Google Ads,30,7219.1,0.0823
9748,Furniture,25-34,Female,California,Google Ads,30,675.21,0.058
9749,Shoes,18-24,Female,Illinois,Google Ads,30,8443.85,0.0878
9750,Furniture,45-54,Male,Texas,Facebook,7,5047.33,0.0665
9751,Shoes,25-34,Female,California,LinkedIn,30,5429.1,0.0515
9752,Furniture,35-44,Other,Texas,LinkedIn,30,4404.74,0.0534
9753,Shoes,25-34,Female,Texas,Facebook,14,9899.13,0.0822
9754,Smartphones,55+,Female,Texas,YouTube,45,8114.93,0.0479
9755,Books,18-24,Male,Texas,Instagram,45,3458.24,0.053
9756,Shoes,55+,Other,Florida,Facebook,30,7939.18,0.0586
9757,Books,45-54,Other,New York,Instagram,45,4651.44,0.0508
9758,Smartphones,35-44,Other,Texas,LinkedIn,30,8765.13,0.054
9759,Smartphones,18-24,Male,California,Instagram,30,793.04,0.0491
9760,Furniture,25-34,Female,California,Google Ads,7,3876.36,0.0774
9761,Books,35-44,Other,California,Instagram,60,4583.28,0.0429
9762,Laptops,25-34,Female,New York,Instagram,45,7570.37,0.0629
9763,Furniture,45-54,Female,New York,LinkedIn,30,2231.85,0.042
9764,Books,18-24,Female,California,YouTube,45,3219.67,0.0533
9765,Shoes,45-54,Male,Florida,Instagram,7,7376.86,0.0434
9766,Shoes,45-54,Female,New York,LinkedIn,7,1230.01,0.0228
9767,Smartphones,45-54,Male,New York,Google Ads,30,2410.68,0.0598
9768,Laptops,45-54,Male,Florida,Instagram,45,7656.98,0.0442
9769,Shoes,25-34,Male,Texas,Instagram,45,8817.52,0.0634
9770,Books,55+,Other,New York,Google Ads,45,7423.87,0.0823
9771,Books,25-34,Male,California,Facebook,7,5507.81,0.0689
9772,Shoes,35-44,Other,California,YouTube,14,1441.08,0.041
9773,Books,45-54,Male,Florida,Google Ads,14,8358.64,0.0921
9774,Books,35-44,Male,California,Google Ads,45,1678.37,0.0553
9775,Smartphones,25-34,Male,Illinois,Google Ads,45,4158.25,0.0759
9776,Laptops,45-54,Male,California,Facebook,60,979.74,0.0344
9777,Smartphones,25-34,Female,Florida,Google Ads,30,7241.91,0.0889
9778,Laptops,45-54,Female,Florida,Facebook,7,5283.2,0.0548
9779,Books,25-34,Male,Florida,YouTube,60,9122.27,0.0614
9780,Laptops,18-24,Female,Illinois,Facebook,45,1818.05,0.0372
9781,Books,55+,Other,New York,YouTube,14,8282.08,0.0711
9782,Books,55+,Female,Texas,YouTube,14,5351.35,0.0702
9783,Smartphones,45-54,Female,California,YouTube,60,3977.88,0.0345
9784,Smartphones,18-24,Female,New York,LinkedIn,14,6613.89,0.0559
9785,Furniture,35-44,Male,Florida,YouTube,14,8008.97,0.0808
9786,Shoes,18-24,Other,New York,Facebook,30,4682.71,0.057
9787,Furniture,45-54,Male,New York,LinkedIn,45,2711.65,0.044
9788,Furniture,18-24,Other,Illinois,Google Ads,60,9200.0,0.0567
9789,Laptops,35-44,Male,Florida,Google Ads,7,3473.48,0.0847
9790,Books,45-54,Female,Florida,Instagram,7,9983.25,0.0743
9791,Books,55+,Other,California,YouTube,45,7789.59,0.0542
9792,Books,18-24,Female,California,Instagram,7,7034.28,0.0529
9793,Shoes,55+,Other,California,YouTube,14,617.8,0.0376
9794,Laptops,55+,Other,California,YouTube,30,4761.05,0.0424
9795,Laptops,25-34,Male,New York,Facebook,60,5273.38,0.0644
9796,Books,35-44,Male,New York,Facebook,60,4075.58,0.0471
9797,Furniture,18-24,Female,California,Google Ads,14,1924.74,0.0527
9798,Shoes,55+,Female,California,LinkedIn,45,3990.78,0.0208
9799,Furniture,55+,Other,California,Google Ads,30,1212.25,0.064
9800,Smartphones,35-44,Other,Texas,YouTube,7,3263.73,0.0682
9801,Laptops,55+,Male,California,LinkedIn,60,1294.95,0.0106
9802,Laptops,55+,Male,Texas,Instagram,60,7648.02,0.0387
9803,Furniture,55+,Male,California,YouTube,45,6875.99,0.0492
9804,Shoes,55+,Male,Florida,Facebook,30,9429.36,0.0533
9805,Laptops,25-34,Male,Illinois,Google Ads,7,4109.32,0.0846
9806,Furniture,25-34,Other,New York,Google Ads,60,7968.91,0.0627
9807,Shoes,45-54,Other,Florida,Instagram,60,6082.27,0.033
9808,Furniture,18-24,Female,Illinois,Google Ads,7,6637.98,0.0674
9809,Shoes,35-44,Other,Texas,Google Ads,30,5700.88,0.0663
9810,Books,45-54,Male,New York,LinkedIn,30,7902.02,0.0515
9811,Shoes,25-34,Other,Texas,YouTube,30,898.92,0.0408
9812,Smartphones,25-34,Other,Texas,LinkedIn,60,1264.64,0.0303
9813,Books,25-34,Other,New York,LinkedIn,14,1411.28,0.0259
9814,Furniture,45-54,Female,Illinois,Google Ads,60,3242.56,0.0695
9815,Books,25-34,Female,New York,YouTube,45,6115.72,0.0504
9816,Books,45-54,Other,California,Google Ads,45,6633.37,0.0719
9817,Furniture,25-34,Other,Texas,Google Ads,60,7269.73,0.0852
9818,Furniture,55+,Male,California,LinkedIn,60,3167.25,0.0342
9819,Smartphones,55+,Female,New York,Facebook,7,6677.02,0.0485
9820,Furniture,18-24,Male,New York,Facebook,30,1618.05,0.0318
9821,Laptops,25-34,Male,Illinois,LinkedIn,7,594.8,0.0409
9822,Laptops,18-24,Other,Texas,LinkedIn,45,7099.47,0.0387
9823,Smartphones,45-54,Other,Florida,Google Ads,45,7298.32,0.0595
9824,Shoes,18-24,Other,New York,YouTube,14,6410.36,0.0604
9825,Shoes,25-34,Male,Florida,Google Ads,30,2959.26,0.076
9826,Laptops,45-54,Male,Texas,Google Ads,30,9310.95,0.0739
9827,Furniture,45-54,Male,California,Instagram,45,8818.92,0.0544
9828,Smartphones,55+,Other,Texas,Google Ads,7,5397.64,0.0654
9829,Shoes,45-54,Other,Illinois,YouTube,60,9896.83,0.0459
9830,Shoes,45-54,Other,Florida,Google Ads,30,3336.89,0.0599
9831,Books,18-24,Male,Florida,LinkedIn,60,5165.78,0.0338
9832,Laptops,45-54,Male,California,YouTube,45,9315.26,0.0552
9833,Furniture,35-44,Female,California,LinkedIn,14,4890.16,0.0441
9834,Smartphones,55+,Other,New York,Instagram,45,4974.58,0.0303
9835,Shoes,55+,Male,Texas,Instagram,60,1254.23,0.0295
9836,Books,45-54,Female,Illinois,YouTube,45,2507.79,0.0551
9837,Laptops,18-24,Male,New York,Facebook,30,1999.72,0.0556
9838,Laptops,55+,Male,Texas,Facebook,60,5870.03,0.0376
9839,Smartphones,55+,Other,California,YouTube,60,3525.67,0.0287
9840,Shoes,35-44,Female,Illinois,YouTube,14,1231.79,0.0447
9841,Smartphones,45-54,Male,California,LinkedIn,30,5344.74,0.0314
9842,Smartphones,55+,Female,California,Instagram,7,6857.56,0.0492
9843,Books,55+,Female,Florida,YouTube,14,7497.0,0.0644
9844,Laptops,55+,Other,Texas,Google Ads,30,8456.42,0.0703
9845,Furniture,55+,Female,New York,LinkedIn,7,5078.59,0.0576
9846,Laptops,18-24,Other,Florida,Instagram,60,4210.81,0.0412
9847,Laptops,25-34,Other,Texas,LinkedIn,14,6999.16,0.0663
9848,Books,35-44,Other,Texas,Instagram,60,626.97,0.0335
9849,Furniture,18-24,Female,Texas,Google Ads,60,6518.5,0.0559
9850,Shoes,35-44,Male,Illinois,Instagram,60,4353.98,0.0385
9851,Furniture,55+,Other,Florida,LinkedIn,30,4802.32,0.0457
9852,Shoes,35-44,Male,New York,Instagram,7,3314.56,0.031
9853,Furniture,45-54,Female,Florida,LinkedIn,30,1709.12,0.0443
9854,Smartphones,45-54,Male,California,YouTube,60,4313.53,0.0348
9855,Furniture,25-34,Male,Texas,Google Ads,14,3427.92,0.0661
9856,Books,25-34,Other,California,LinkedIn,60,9621.12,0.0445
9857,Shoes,35-44,Other,Florida,Facebook,7,9463.62,0.0661
9858,Laptops,18-24,Other,New York,Facebook,30,6617.21,0.0609
9859,Books,18-24,Female,California,Instagram,7,9085.16,0.0561
9860,Shoes,55+,Male,California,YouTube,30,7637.11,0.0519
9861,Shoes,18-24,Female,Illinois,YouTube,7,3785.97,0.0754
9862,Laptops,25-34,Female,Florida,Facebook,7,6237.06,0.0731
9863,Smartphones,18-24,Female,California,Instagram,30,2593.07,0.058
9864,Books,55+,Female,Florida,YouTube,30,7028.48,0.0648
9865,Laptops,45-54,Other,New York,YouTube,30,925.67,0.04
9866,Laptops,18-24,Male,California,Instagram,45,8397.75,0.0518
9867,Smartphones,18-24,Other,New York,LinkedIn,7,6040.68,0.062
9868,Books,25-34,Other,California,Facebook,45,1055.16,0.0336
9869,Laptops,35-44,Female,Texas,YouTube,45,8781.73,0.085
9870,Smartphones,45-54,Other,Illinois,LinkedIn,60,8838.16,0.0226
9871,Books,35-44,Male,Illinois,LinkedIn,45,8601.75,0.0487
9872,Furniture,55+,Female,Illinois,LinkedIn,45,7855.87,0.0512
9873,Shoes,55+,Other,New York,LinkedIn,30,6940.29,0.0221
9874,Smartphones,35-44,Female,Florida,Google Ads,30,4270.64,0.0751
9875,Shoes,25-34,Male,Illinois,Google Ads,14,1795.22,0.0738
9876,Furniture,25-34,Female,California,Instagram,7,3243.37,0.038
9877,Laptops,25-34,Other,California,Facebook,45,3797.23,0.0473
9878,Laptops,45-54,Other,Texas,Instagram,45,3901.73,0.0538
9879,Books,55+,Male,New York,Google Ads,7,5872.15,0.0758
9880,Smartphones,55+,Male,California,Instagram,30,2479.64,0.0224
9881,Smartphones,55+,Female,California,Instagram,30,2301.78,0.0233
9882,Books,45-54,Other,Texas,LinkedIn,7,7311.15,0.061
9883,Shoes,55+,Male,Texas,YouTube,7,571.26,0.0312
9884,Laptops,35-44,Male,Florida,Google Ads,30,1920.43,0.0711
9885,Laptops,18-24,Other,Florida,Google Ads,7,4632.1,0.0813
9886,Smartphones,45-54,Male,Florida,Instagram,30,1916.29,0.0378
9887,Smartphones,18-24,Male,California,YouTube,7,9618.22,0.0905
9888,Books,35-44,Other,Texas,Instagram,30,6865.99,0.0621
9889,Furniture,25-34,Male,New York,Facebook,14,4611.31,0.0541
9890,Shoes,25-34,Other,Florida,Google Ads,30,1566.43,0.0594
9891,Furniture,25-34,Other,Illinois,LinkedIn,30,4159.27,0.0412
9892,Furniture,45-54,Female,California,LinkedIn,45,6680.72,0.054
9893,Smartphones,25-34,Other,New York,LinkedIn,30,9703.73,0.0481
9894,Smartphones,45-54,Male,California,Google Ads,7,4990.53,0.0595
9895,Smartphones,45-54,Female,Florida,Google Ads,60,7077.92,0.0723
9896,Furniture,18-24,Female,California,LinkedIn,7,2355.91,0.0143
9897,Shoes,25-34,Male,Florida,Google Ads,45,6424.52,0.0793
9898,Smartphones,55+,Female,California,LinkedIn,7,2771.02,0.0216
9899,Laptops,25-34,Male,Florida,Facebook,14,2382.27,0.0672
9900,Shoes,25-34,Female,Texas,Facebook,60,5337.6,0.0557
9901,Laptops,25-34,Male,Texas,Facebook,60,2510.81,0.0524
9902,Shoes,55+,Other,Texas,Instagram,45,7352.61,0.0389
9903,Smartphones,55+,Other,Texas,Instagram,60,9404.7,0.0498
9904,Books,45-54,Female,Texas,YouTube,30,4239.22,0.0603
9905,Smartphones,55+,Female,Illinois,YouTube,45,3563.38,0.0391
9906,Furniture,45-54,Other,California,YouTube,14,2170.91,0.0663
9907,Furniture,18-24,Male,Texas,Facebook,60,4208.77,0.0401
9908,Shoes,45-54,Female,Illinois,Facebook,60,5816.52,0.0353
9909,Furniture,25-34,Other,Illinois,Facebook,45,4043.21,0.0343
9910,Smartphones,35-44,Female,California,Google Ads,60,6419.22,0.0628
9911,Laptops,35-44,Other,California,Google Ads,60,6793.02,0.0823
9912,Smartphones,25-34,Other,Florida,Facebook,14,1429.38,0.0514
9913,Shoes,45-54,Other,Florida,LinkedIn,14,7128.94,0.0447
9914,Furniture,25-34,Male,Texas,YouTube,45,9053.02,0.0623
9915,Laptops,55+,Female,New York,Instagram,60,749.4,0.0135
9916,Books,45-54,Male,Florida,YouTube,7,5737.85,0.0819
9917,Laptops,25-34,Male,New York,LinkedIn,45,6236.81,0.0481
9918,Laptops,55+,Other,Florida,Google Ads,14,7243.25,0.0874
9919,Smartphones,55+,Male,Illinois,Facebook,7,4164.8,0.0482
9920,Books,45-54,Female,Illinois,Google Ads,60,8277.75,0.078
9921,Shoes,18-24,Female,Illinois,Google Ads,45,5629.02,0.0837
9922,Shoes,18-24,Other,New York,LinkedIn,45,4384.9,0.0504
9923,Laptops,55+,Other,Texas,Google Ads,14,7332.94,0.0679
9924,Laptops,18-24,Female,Florida,Google Ads,30,9310.07,0.0779
9925,Furniture,55+,Female,Florida,YouTube,30,8214.02,0.0732
9926,Books,18-24,Other,New York,YouTube,30,9341.32,0.0668
9927,Laptops,55+,Male,Illinois,LinkedIn,45,3026.38,0.0174
9928,Furniture,55+,Female,Texas,Facebook,14,1625.87,0.0542
9929,Books,55+,Other,Florida,YouTube,14,5576.32,0.0729
9930,Shoes,55+,Other,Texas,Google Ads,30,922.09,0.0397
9931,Furniture,35-44,Female,Texas,Instagram,7,6908.6,0.0694
9932,Books,18-24,Other,California,YouTube,30,2780.01,0.0525
9933,Furniture,55+,Female,Texas,Instagram,45,4816.33,0.0531
9934,Laptops,25-34,Other,California,Facebook,7,6727.84,0.0687
9935,Smartphones,45-54,Other,New York,Google Ads,14,5089.41,0.0681
9936,Shoes,25-34,Male,Illinois,YouTube,60,2742.59,0.0437
9937,Laptops,25-34,Other,California,Facebook,7,8863.52,0.0736
9938,Laptops,35-44,Female,Texas,LinkedIn,14,7763.09,0.0572
9939,Books,18-24,Female,Illinois,Facebook,7,6210.19,0.0711
9940,Furniture,35-44,Male,Texas,LinkedIn,30,7136.13,0.0566
9941,Shoes,18-24,Female,Texas,LinkedIn,7,4445.6,0.0764
9942,Laptops,55+,Other,California,YouTube,7,4070.97,0.0501
9943,Books,35-44,Male,New York,Instagram,7,2021.06,0.0462
9944,Shoes,45-54,Female,Texas,LinkedIn,45,8134.12,0.035
9945,Furniture,18-24,Other,California,Google Ads,45,4119.92,0.0421
9946,Laptops,35-44,Male,Texas,YouTube,30,7077.08,0.0788
9947,Laptops,45-54,Other,Illinois,LinkedIn,60,3349.45,0.0292
9948,Laptops,25-34,Female,New York,YouTube,45,8061.9,0.0694
9949,Shoes,55+,Female,Texas,Google Ads,60,1499.81,0.0506
9950,Shoes,55+,Female,New York,YouTube,45,6437.63,0.0401
9951,Shoes,25-34,Female,New York,YouTube,14,8172.15,0.071
9952,Shoes,35-44,Male,Illinois,LinkedIn,14,6772.38,0.0472
9953,Books,25-34,Female,Illinois,Facebook,7,7113.1,0.0569
9954,Smartphones,45-54,Male,Florida,YouTube,60,5496.9,0.0353
9955,Books,18-24,Male,New York,LinkedIn,7,5810.8,0.0362
9956,Laptops,35-44,Other,Texas,Google Ads,7,1125.99,0.0793
9957,Books,18-24,Female,Illinois,Google Ads,45,2882.63,0.0589
9958,Furniture,25-34,Other,Texas,Facebook,45,7358.32,0.0603
9959,Shoes,55+,Other,New York,Google Ads,7,9481.5,0.0677
9960,Furniture,18-24,Other,Illinois,LinkedIn,45,5646.92,0.0169
9961,Furniture,18-24,Other,Florida,Facebook,14,7393.12,0.0546
9962,Laptops,55+,Other,New York,LinkedIn,14,6994.01,0.0343
9963,Shoes,18-24,Female,Texas,Facebook,60,9994.15,0.0731
9964,Furniture,18-24,Other,Florida,Facebook,14,8052.54,0.056
9965,Laptops,55+,Male,New York,LinkedIn,7,6462.65,0.0402
9966,Shoes,55+,Male,Illinois,Facebook,30,1594.01,0.0298
9967,Smartphones,25-34,Female,New York,LinkedIn,45,3945.29,0.0347
9968,Laptops,25-34,Male,California,Google Ads,7,2881.64,0.0949
9969,Books,18-24,Other,Texas,Google Ads,45,8609.92,0.0781
9970,Shoes,35-44,Male,Illinois,YouTube,60,4738.64,0.0512
9971,Furniture,25-34,Other,Illinois,Instagram,7,5585.35,0.0623
9972,Furniture,25-34,Female,California,Instagram,7,9665.82,0.0596
9973,Books,35-44,Male,Florida,Google Ads,7,8448.5,0.0912
9974,Books,35-44,Male,Illinois,YouTube,60,8003.29,0.0673
9975,Furniture,55+,Male,Florida,Instagram,7,1851.09,0.0468
9976,Shoes,25-34,Female,Florida,LinkedIn,45,716.3,0.0317
9977,Laptops,45-54,Female,Florida,LinkedIn,30,1692.71,0.0342
9978,Books,45-54,Male,New York,Facebook,7,7532.69,0.0619
9979,Books,18-24,Female,California,Instagram,60,4401.82,0.0384
9980,Books,25-34,Other,Texas,LinkedIn,60,1615.96,0.0174
9981,Smartphones,45-54,Female,California,Instagram,7,7520.69,0.0548
9982,Shoes,25-34,Male,Illinois,Facebook,60,2348.55,0.0524
9983,Shoes,25-34,Other,California,Google Ads,14,6095.91,0.0874
9984,Shoes,45-54,Male,Texas,YouTube,60,7544.66,0.0571
9985,Shoes,25-34,Male,New York,Facebook,30,6276.58,0.0538
9986,Shoes,35-44,Male,Illinois,Facebook,14,9939.55,0.0597
9987,Furniture,18-24,Female,New York,Facebook,45,4624.55,0.0318
9988,Books,55+,Male,Illinois,YouTube,14,3462.15,0.0673
9989,Furniture,45-54,Other,Texas,LinkedIn,30,2411.37,0.0421
9990,Smartphones,55+,Other,New York,Instagram,14,5285.91,0.0318
9991,Laptops,18-24,Other,Texas,Google Ads,7,8598.56,0.0993
9992,Books,35-44,Male,Texas,Google Ads,60,9495.69,0.074
9993,Smartphones,35-44,Other,California,YouTube,7,9734.52,0.0795
9994,Furniture,35-44,Other,Illinois,Google Ads,7,5548.09,0.0926
9995,Laptops,35-44,Other,Florida,YouTube,7,6249.97,0.0763
9996,Smartphones,45-54,Other,Florida,YouTube,14,6024.63,0.0621
9997,Laptops,45-54,Female,New York,Instagram,45,4926.74,0.0499
9998,Smartphones,25-34,Male,Texas,Instagram,60,1946.28,0.0285
9999,Furniture,25-34,Male,California,YouTube,14,1121.86,0.0473
10000,Laptops,18-24,Other,Illinois,Instagram,7,4648.06,0.0575
